profile_id,legacy_si_id,RE,CF,TL,CQ,CAP,COP,scenario_key,RE_SC,BM_SC,CP_SC,FL_SC,task_id,year,ATCrate,CarbonPrice,ets_active
1,1.0,RE1,CF3,TL2,CQ2,CAP2,COP2,RE1_CF3_TL2_CQ2_CAP2_COP2,BAU,基准不变,PD,0.0,1,2020,1.0,42.85,1
1,1.0,RE1,CF3,TL2,CQ2,CAP2,COP2,RE1_CF3_TL2_CQ2_CAP2_COP2,BAU,基准不变,PD,0.0,2,2021,1.1,42.85,1
1,1.0,RE1,CF3,TL2,CQ2,CAP2,COP2,RE1_CF3_TL2_CQ2_CAP2_COP2,BAU,基准不变,PD,0.0,3,2022,1.2,45.61,1
1,1.0,RE1,CF3,TL2,CQ2,CAP2,COP2,RE1_CF3_TL2_CQ2_CAP2_COP2,BAU,基准不变,PD,0.0,4,2023,1.3,127.71,1
1,1.0,RE1,CF3,TL2,CQ2,CAP2,COP2,RE1_CF3_TL2_CQ2_CAP2_COP2,BAU,基准不变,PD,0.0,5,2024,1.4,209.81,1
1,1.0,RE1,CF3,TL2,CQ2,CAP2,COP2,RE1_CF3_TL2_CQ2_CAP2_COP2,BAU,基准不变,PD,0.0,6,2025,1.5,291.9,1
1,1.0,RE1,CF3,TL2,CQ2,CAP2,COP2,RE1_CF3_TL2_CQ2_CAP2_COP2,BAU,基准不变,PD,0.0,7,2026,1.6,374.0,1
1,1.0,RE1,CF3,TL2,CQ2,CAP2,COP2,RE1_CF3_TL2_CQ2_CAP2_COP2,BAU,基准不变,PD,0.0,8,2027,1.7,456.1,1
1,1.0,RE1,CF3,TL2,CQ2,CAP2,COP2,RE1_CF3_TL2_CQ2_CAP2_COP2,BAU,基准不变,PD,0.0,9,2028,1.8,456.1,1
1,1.0,RE1,CF3,TL2,CQ2,CAP2,COP2,RE1_CF3_TL2_CQ2_CAP2_COP2,BAU,基准不变,PD,0.0,10,2029,1.9,456.1,1
1,1.0,RE1,CF3,TL2,CQ2,CAP2,COP2,RE1_CF3_TL2_CQ2_CAP2_COP2,BAU,基准不变,PD,0.0,11,2030,2.0,456.1,1
1,1.0,RE1,CF3,TL2,CQ2,CAP2,COP2,RE1_CF3_TL2_CQ2_CAP2_COP2,BAU,基准不变,PD,0.0,12,2031,2.1,456.1,1
1,1.0,RE1,CF3,TL2,CQ2,CAP2,COP2,RE1_CF3_TL2_CQ2_CAP2_COP2,BAU,基准不变,PD,0.0,13,2032,2.2,456.1,1
1,1.0,RE1,CF3,TL2,CQ2,CAP2,COP2,RE1_CF3_TL2_CQ2_CAP2_COP2,BAU,基准不变,PD,0.0,14,2033,2.3,456.1,1
1,1.0,RE1,CF3,TL2,CQ2,CAP2,COP2,RE1_CF3_TL2_CQ2_CAP2_COP2,BAU,基准不变,PD,0.0,15,2034,2.4,456.1,1
1,1.0,RE1,CF3,TL2,CQ2,CAP2,COP2,RE1_CF3_TL2_CQ2_CAP2_COP2,BAU,基准不变,PD,0.0,16,2035,2.5,456.1,1
2,2.0,RE2,CF2,TL2,CQ4,CAP2,COP2,RE2_CF2_TL2_CQ4_CAP2_COP2,H,REPO_plus,PD,0.3,17,2020,1.0,42.85,1
2,2.0,RE2,CF2,TL2,CQ4,CAP2,COP2,RE2_CF2_TL2_CQ4_CAP2_COP2,H,REPO_plus,PD,0.3,18,2021,1.1,42.85,1
2,2.0,RE2,CF2,TL2,CQ4,CAP2,COP2,RE2_CF2_TL2_CQ4_CAP2_COP2,H,REPO_plus,PD,0.3,19,2022,1.2,45.61,1
2,2.0,RE2,CF2,TL2,CQ4,CAP2,COP2,RE2_CF2_TL2_CQ4_CAP2_COP2,H,REPO_plus,PD,0.3,20,2023,1.3,127.71,1
2,2.0,RE2,CF2,TL2,CQ4,CAP2,COP2,RE2_CF2_TL2_CQ4_CAP2_COP2,H,REPO_plus,PD,0.3,21,2024,1.4,209.81,1
2,2.0,RE2,CF2,TL2,CQ4,CAP2,COP2,RE2_CF2_TL2_CQ4_CAP2_COP2,H,REPO_plus,PD,0.3,22,2025,1.5,291.9,1
2,2.0,RE2,CF2,TL2,CQ4,CAP2,COP2,RE2_CF2_TL2_CQ4_CAP2_COP2,H,REPO_plus,PD,0.3,23,2026,1.6,374.0,1
2,2.0,RE2,CF2,TL2,CQ4,CAP2,COP2,RE2_CF2_TL2_CQ4_CAP2_COP2,H,REPO_plus,PD,0.3,24,2027,1.7,456.1,1
2,2.0,RE2,CF2,TL2,CQ4,CAP2,COP2,RE2_CF2_TL2_CQ4_CAP2_COP2,H,REPO_plus,PD,0.3,25,2028,1.8,456.1,1
2,2.0,RE2,CF2,TL2,CQ4,CAP2,COP2,RE2_CF2_TL2_CQ4_CAP2_COP2,H,REPO_plus,PD,0.3,26,2029,1.9,456.1,1
2,2.0,RE2,CF2,TL2,CQ4,CAP2,COP2,RE2_CF2_TL2_CQ4_CAP2_COP2,H,REPO_plus,PD,0.3,27,2030,2.0,456.1,1
2,2.0,RE2,CF2,TL2,CQ4,CAP2,COP2,RE2_CF2_TL2_CQ4_CAP2_COP2,H,REPO_plus,PD,0.3,28,2031,2.1,456.1,1
2,2.0,RE2,CF2,TL2,CQ4,CAP2,COP2,RE2_CF2_TL2_CQ4_CAP2_COP2,H,REPO_plus,PD,0.3,29,2032,2.2,456.1,1
2,2.0,RE2,CF2,TL2,CQ4,CAP2,COP2,RE2_CF2_TL2_CQ4_CAP2_COP2,H,REPO_plus,PD,0.3,30,2033,2.3,456.1,1
2,2.0,RE2,CF2,TL2,CQ4,CAP2,COP2,RE2_CF2_TL2_CQ4_CAP2_COP2,H,REPO_plus,PD,0.3,31,2034,2.4,456.1,1
2,2.0,RE2,CF2,TL2,CQ4,CAP2,COP2,RE2_CF2_TL2_CQ4_CAP2_COP2,H,REPO_plus,PD,0.3,32,2035,2.5,456.1,1
3,3.0,RE1,CF3,TL2,CQ1,CAP2,COP1,RE1_CF3_TL2_CQ1_CAP2_COP1,BAU,无配额,BAU,0.0,33,2020,1.0,0.0,0
3,3.0,RE1,CF3,TL2,CQ1,CAP2,COP1,RE1_CF3_TL2_CQ1_CAP2_COP1,BAU,无配额,BAU,0.0,34,2021,1.1,0.0,0
3,3.0,RE1,CF3,TL2,CQ1,CAP2,COP1,RE1_CF3_TL2_CQ1_CAP2_COP1,BAU,无配额,BAU,0.0,35,2022,1.2,0.0,0
3,3.0,RE1,CF3,TL2,CQ1,CAP2,COP1,RE1_CF3_TL2_CQ1_CAP2_COP1,BAU,无配额,BAU,0.0,36,2023,1.3,0.0,0
3,3.0,RE1,CF3,TL2,CQ1,CAP2,COP1,RE1_CF3_TL2_CQ1_CAP2_COP1,BAU,无配额,BAU,0.0,37,2024,1.4,0.0,0
3,3.0,RE1,CF3,TL2,CQ1,CAP2,COP1,RE1_CF3_TL2_CQ1_CAP2_COP1,BAU,无配额,BAU,0.0,38,2025,1.5,0.0,0
3,3.0,RE1,CF3,TL2,CQ1,CAP2,COP1,RE1_CF3_TL2_CQ1_CAP2_COP1,BAU,无配额,BAU,0.0,39,2026,1.6,0.0,0
3,3.0,RE1,CF3,TL2,CQ1,CAP2,COP1,RE1_CF3_TL2_CQ1_CAP2_COP1,BAU,无配额,BAU,0.0,40,2027,1.7,0.0,0
3,3.0,RE1,CF3,TL2,CQ1,CAP2,COP1,RE1_CF3_TL2_CQ1_CAP2_COP1,BAU,无配额,BAU,0.0,41,2028,1.8,0.0,0
3,3.0,RE1,CF3,TL2,CQ1,CAP2,COP1,RE1_CF3_TL2_CQ1_CAP2_COP1,BAU,无配额,BAU,0.0,42,2029,1.9,0.0,0
3,3.0,RE1,CF3,TL2,CQ1,CAP2,COP1,RE1_CF3_TL2_CQ1_CAP2_COP1,BAU,无配额,BAU,0.0,43,2030,2.0,0.0,0
3,3.0,RE1,CF3,TL2,CQ1,CAP2,COP1,RE1_CF3_TL2_CQ1_CAP2_COP1,BAU,无配额,BAU,0.0,44,2031,2.1,0.0,0
3,3.0,RE1,CF3,TL2,CQ1,CAP2,COP1,RE1_CF3_TL2_CQ1_CAP2_COP1,BAU,无配额,BAU,0.0,45,2032,2.2,0.0,0
3,3.0,RE1,CF3,TL2,CQ1,CAP2,COP1,RE1_CF3_TL2_CQ1_CAP2_COP1,BAU,无配额,BAU,0.0,46,2033,2.3,0.0,0
3,3.0,RE1,CF3,TL2,CQ1,CAP2,COP1,RE1_CF3_TL2_CQ1_CAP2_COP1,BAU,无配额,BAU,0.0,47,2034,2.4,0.0,0
3,3.0,RE1,CF3,TL2,CQ1,CAP2,COP1,RE1_CF3_TL2_CQ1_CAP2_COP1,BAU,无配额,BAU,0.0,48,2035,2.5,0.0,0
4,4.0,RE1,CF3,TL1,CQ5,CAP1,COP2,RE1_CF3_TL1_CQ5_CAP1_COP2,BAU,全行业配额,PD,0.0,49,2020,1.0,42.85,1
4,4.0,RE1,CF3,TL1,CQ5,CAP1,COP2,RE1_CF3_TL1_CQ5_CAP1_COP2,BAU,全行业配额,PD,0.0,50,2021,1.03,42.85,1
4,4.0,RE1,CF3,TL1,CQ5,CAP1,COP2,RE1_CF3_TL1_CQ5_CAP1_COP2,BAU,全行业配额,PD,0.0,51,2022,1.06,45.61,1
4,4.0,RE1,CF3,TL1,CQ5,CAP1,COP2,RE1_CF3_TL1_CQ5_CAP1_COP2,BAU,全行业配额,PD,0.0,52,2023,1.09,62.79,1
4,4.0,RE1,CF3,TL1,CQ5,CAP1,COP2,RE1_CF3_TL1_CQ5_CAP1_COP2,BAU,全行业配额,PD,0.0,53,2024,1.12,70.36,1
4,4.0,RE1,CF3,TL1,CQ5,CAP1,COP2,RE1_CF3_TL1_CQ5_CAP1_COP2,BAU,全行业配额,PD,0.0,54,2025,1.15,80.33,1
4,4.0,RE1,CF3,TL1,CQ5,CAP1,COP2,RE1_CF3_TL1_CQ5_CAP1_COP2,BAU,全行业配额,PD,0.0,55,2026,1.18,90.3,1
4,4.0,RE1,CF3,TL1,CQ5,CAP1,COP2,RE1_CF3_TL1_CQ5_CAP1_COP2,BAU,全行业配额,PD,0.0,56,2027,1.21,100.27,1
4,4.0,RE1,CF3,TL1,CQ5,CAP1,COP2,RE1_CF3_TL1_CQ5_CAP1_COP2,BAU,全行业配额,PD,0.0,57,2028,1.24,110.24,1
4,4.0,RE1,CF3,TL1,CQ5,CAP1,COP2,RE1_CF3_TL1_CQ5_CAP1_COP2,BAU,全行业配额,PD,0.0,58,2029,1.27,120.21,1
4,4.0,RE1,CF3,TL1,CQ5,CAP1,COP2,RE1_CF3_TL1_CQ5_CAP1_COP2,BAU,全行业配额,PD,0.0,59,2030,1.3,130.18,1
4,4.0,RE1,CF3,TL1,CQ5,CAP1,COP2,RE1_CF3_TL1_CQ5_CAP1_COP2,BAU,全行业配额,PD,0.0,60,2031,1.36,137.9,1
4,4.0,RE1,CF3,TL1,CQ5,CAP1,COP2,RE1_CF3_TL1_CQ5_CAP1_COP2,BAU,全行业配额,PD,0.0,61,2032,1.42,147.31,1
4,4.0,RE1,CF3,TL1,CQ5,CAP1,COP2,RE1_CF3_TL1_CQ5_CAP1_COP2,BAU,全行业配额,PD,0.0,62,2033,1.48,156.72,1
4,4.0,RE1,CF3,TL1,CQ5,CAP1,COP2,RE1_CF3_TL1_CQ5_CAP1_COP2,BAU,全行业配额,PD,0.0,63,2034,1.54,166.13,1
4,4.0,RE1,CF3,TL1,CQ5,CAP1,COP2,RE1_CF3_TL1_CQ5_CAP1_COP2,BAU,全行业配额,PD,0.0,64,2035,1.6,175.53,1
5,5.0,RE1,CF2,TL1,CQ1,CAP1,COP2,RE1_CF2_TL1_CQ1_CAP1_COP2,BAU,无配额,PD,0.3,65,2020,1.0,0.0,0
5,5.0,RE1,CF2,TL1,CQ1,CAP1,COP2,RE1_CF2_TL1_CQ1_CAP1_COP2,BAU,无配额,PD,0.3,66,2021,1.03,0.0,0
5,5.0,RE1,CF2,TL1,CQ1,CAP1,COP2,RE1_CF2_TL1_CQ1_CAP1_COP2,BAU,无配额,PD,0.3,67,2022,1.06,0.0,0
5,5.0,RE1,CF2,TL1,CQ1,CAP1,COP2,RE1_CF2_TL1_CQ1_CAP1_COP2,BAU,无配额,PD,0.3,68,2023,1.09,0.0,0
5,5.0,RE1,CF2,TL1,CQ1,CAP1,COP2,RE1_CF2_TL1_CQ1_CAP1_COP2,BAU,无配额,PD,0.3,69,2024,1.12,0.0,0
5,5.0,RE1,CF2,TL1,CQ1,CAP1,COP2,RE1_CF2_TL1_CQ1_CAP1_COP2,BAU,无配额,PD,0.3,70,2025,1.15,0.0,0
5,5.0,RE1,CF2,TL1,CQ1,CAP1,COP2,RE1_CF2_TL1_CQ1_CAP1_COP2,BAU,无配额,PD,0.3,71,2026,1.18,0.0,0
5,5.0,RE1,CF2,TL1,CQ1,CAP1,COP2,RE1_CF2_TL1_CQ1_CAP1_COP2,BAU,无配额,PD,0.3,72,2027,1.21,0.0,0
5,5.0,RE1,CF2,TL1,CQ1,CAP1,COP2,RE1_CF2_TL1_CQ1_CAP1_COP2,BAU,无配额,PD,0.3,73,2028,1.24,0.0,0
5,5.0,RE1,CF2,TL1,CQ1,CAP1,COP2,RE1_CF2_TL1_CQ1_CAP1_COP2,BAU,无配额,PD,0.3,74,2029,1.27,0.0,0
5,5.0,RE1,CF2,TL1,CQ1,CAP1,COP2,RE1_CF2_TL1_CQ1_CAP1_COP2,BAU,无配额,PD,0.3,75,2030,1.3,0.0,0
5,5.0,RE1,CF2,TL1,CQ1,CAP1,COP2,RE1_CF2_TL1_CQ1_CAP1_COP2,BAU,无配额,PD,0.3,76,2031,1.36,0.0,0
5,5.0,RE1,CF2,TL1,CQ1,CAP1,COP2,RE1_CF2_TL1_CQ1_CAP1_COP2,BAU,无配额,PD,0.3,77,2032,1.42,0.0,0
5,5.0,RE1,CF2,TL1,CQ1,CAP1,COP2,RE1_CF2_TL1_CQ1_CAP1_COP2,BAU,无配额,PD,0.3,78,2033,1.48,0.0,0
5,5.0,RE1,CF2,TL1,CQ1,CAP1,COP2,RE1_CF2_TL1_CQ1_CAP1_COP2,BAU,无配额,PD,0.3,79,2034,1.54,0.0,0
5,5.0,RE1,CF2,TL1,CQ1,CAP1,COP2,RE1_CF2_TL1_CQ1_CAP1_COP2,BAU,无配额,PD,0.3,80,2035,1.6,0.0,0
6,6.0,RE2,CF2,TL2,CQ1,CAP1,COP1,RE2_CF2_TL2_CQ1_CAP1_COP1,H,无配额,BAU,0.3,81,2020,1.0,0.0,0
6,6.0,RE2,CF2,TL2,CQ1,CAP1,COP1,RE2_CF2_TL2_CQ1_CAP1_COP1,H,无配额,BAU,0.3,82,2021,1.1,0.0,0
6,6.0,RE2,CF2,TL2,CQ1,CAP1,COP1,RE2_CF2_TL2_CQ1_CAP1_COP1,H,无配额,BAU,0.3,83,2022,1.2,0.0,0
6,6.0,RE2,CF2,TL2,CQ1,CAP1,COP1,RE2_CF2_TL2_CQ1_CAP1_COP1,H,无配额,BAU,0.3,84,2023,1.3,0.0,0
6,6.0,RE2,CF2,TL2,CQ1,CAP1,COP1,RE2_CF2_TL2_CQ1_CAP1_COP1,H,无配额,BAU,0.3,85,2024,1.4,0.0,0
6,6.0,RE2,CF2,TL2,CQ1,CAP1,COP1,RE2_CF2_TL2_CQ1_CAP1_COP1,H,无配额,BAU,0.3,86,2025,1.5,0.0,0
6,6.0,RE2,CF2,TL2,CQ1,CAP1,COP1,RE2_CF2_TL2_CQ1_CAP1_COP1,H,无配额,BAU,0.3,87,2026,1.6,0.0,0
6,6.0,RE2,CF2,TL2,CQ1,CAP1,COP1,RE2_CF2_TL2_CQ1_CAP1_COP1,H,无配额,BAU,0.3,88,2027,1.7,0.0,0
6,6.0,RE2,CF2,TL2,CQ1,CAP1,COP1,RE2_CF2_TL2_CQ1_CAP1_COP1,H,无配额,BAU,0.3,89,2028,1.8,0.0,0
6,6.0,RE2,CF2,TL2,CQ1,CAP1,COP1,RE2_CF2_TL2_CQ1_CAP1_COP1,H,无配额,BAU,0.3,90,2029,1.9,0.0,0
6,6.0,RE2,CF2,TL2,CQ1,CAP1,COP1,RE2_CF2_TL2_CQ1_CAP1_COP1,H,无配额,BAU,0.3,91,2030,2.0,0.0,0
6,6.0,RE2,CF2,TL2,CQ1,CAP1,COP1,RE2_CF2_TL2_CQ1_CAP1_COP1,H,无配额,BAU,0.3,92,2031,2.1,0.0,0
6,6.0,RE2,CF2,TL2,CQ1,CAP1,COP1,RE2_CF2_TL2_CQ1_CAP1_COP1,H,无配额,BAU,0.3,93,2032,2.2,0.0,0
6,6.0,RE2,CF2,TL2,CQ1,CAP1,COP1,RE2_CF2_TL2_CQ1_CAP1_COP1,H,无配额,BAU,0.3,94,2033,2.3,0.0,0
6,6.0,RE2,CF2,TL2,CQ1,CAP1,COP1,RE2_CF2_TL2_CQ1_CAP1_COP1,H,无配额,BAU,0.3,95,2034,2.4,0.0,0
6,6.0,RE2,CF2,TL2,CQ1,CAP1,COP1,RE2_CF2_TL2_CQ1_CAP1_COP1,H,无配额,BAU,0.3,96,2035,2.5,0.0,0
7,7.0,RE1,CF3,TL2,CQ5,CAP1,COP1,RE1_CF3_TL2_CQ5_CAP1_COP1,BAU,全行业配额,BAU,0.0,97,2020,1.0,42.85,1
7,7.0,RE1,CF3,TL2,CQ5,CAP1,COP1,RE1_CF3_TL2_CQ5_CAP1_COP1,BAU,全行业配额,BAU,0.0,98,2021,1.1,42.85,1
7,7.0,RE1,CF3,TL2,CQ5,CAP1,COP1,RE1_CF3_TL2_CQ5_CAP1_COP1,BAU,全行业配额,BAU,0.0,99,2022,1.2,45.61,1
7,7.0,RE1,CF3,TL2,CQ5,CAP1,COP1,RE1_CF3_TL2_CQ5_CAP1_COP1,BAU,全行业配额,BAU,0.0,100,2023,1.3,62.79,1
7,7.0,RE1,CF3,TL2,CQ5,CAP1,COP1,RE1_CF3_TL2_CQ5_CAP1_COP1,BAU,全行业配额,BAU,0.0,101,2024,1.4,70.36,1
7,7.0,RE1,CF3,TL2,CQ5,CAP1,COP1,RE1_CF3_TL2_CQ5_CAP1_COP1,BAU,全行业配额,BAU,0.0,102,2025,1.5,80.33,1
7,7.0,RE1,CF3,TL2,CQ5,CAP1,COP1,RE1_CF3_TL2_CQ5_CAP1_COP1,BAU,全行业配额,BAU,0.0,103,2026,1.6,90.3,1
7,7.0,RE1,CF3,TL2,CQ5,CAP1,COP1,RE1_CF3_TL2_CQ5_CAP1_COP1,BAU,全行业配额,BAU,0.0,104,2027,1.7,100.27,1
7,7.0,RE1,CF3,TL2,CQ5,CAP1,COP1,RE1_CF3_TL2_CQ5_CAP1_COP1,BAU,全行业配额,BAU,0.0,105,2028,1.8,110.24,1
7,7.0,RE1,CF3,TL2,CQ5,CAP1,COP1,RE1_CF3_TL2_CQ5_CAP1_COP1,BAU,全行业配额,BAU,0.0,106,2029,1.9,120.21,1
7,7.0,RE1,CF3,TL2,CQ5,CAP1,COP1,RE1_CF3_TL2_CQ5_CAP1_COP1,BAU,全行业配额,BAU,0.0,107,2030,2.0,130.18,1
7,7.0,RE1,CF3,TL2,CQ5,CAP1,COP1,RE1_CF3_TL2_CQ5_CAP1_COP1,BAU,全行业配额,BAU,0.0,108,2031,2.1,137.9,1
7,7.0,RE1,CF3,TL2,CQ5,CAP1,COP1,RE1_CF3_TL2_CQ5_CAP1_COP1,BAU,全行业配额,BAU,0.0,109,2032,2.2,147.31,1
7,7.0,RE1,CF3,TL2,CQ5,CAP1,COP1,RE1_CF3_TL2_CQ5_CAP1_COP1,BAU,全行业配额,BAU,0.0,110,2033,2.3,156.72,1
7,7.0,RE1,CF3,TL2,CQ5,CAP1,COP1,RE1_CF3_TL2_CQ5_CAP1_COP1,BAU,全行业配额,BAU,0.0,111,2034,2.4,166.13,1
7,7.0,RE1,CF3,TL2,CQ5,CAP1,COP1,RE1_CF3_TL2_CQ5_CAP1_COP1,BAU,全行业配额,BAU,0.0,112,2035,2.5,175.53,1
8,8.0,RE2,CF3,TL2,CQ2,CAP2,COP1,RE2_CF3_TL2_CQ2_CAP2_COP1,H,基准不变,BAU,0.0,113,2020,1.0,42.85,1
8,8.0,RE2,CF3,TL2,CQ2,CAP2,COP1,RE2_CF3_TL2_CQ2_CAP2_COP1,H,基准不变,BAU,0.0,114,2021,1.1,42.85,1
8,8.0,RE2,CF3,TL2,CQ2,CAP2,COP1,RE2_CF3_TL2_CQ2_CAP2_COP1,H,基准不变,BAU,0.0,115,2022,1.2,45.61,1
8,8.0,RE2,CF3,TL2,CQ2,CAP2,COP1,RE2_CF3_TL2_CQ2_CAP2_COP1,H,基准不变,BAU,0.0,116,2023,1.3,127.71,1
8,8.0,RE2,CF3,TL2,CQ2,CAP2,COP1,RE2_CF3_TL2_CQ2_CAP2_COP1,H,基准不变,BAU,0.0,117,2024,1.4,209.81,1
8,8.0,RE2,CF3,TL2,CQ2,CAP2,COP1,RE2_CF3_TL2_CQ2_CAP2_COP1,H,基准不变,BAU,0.0,118,2025,1.5,291.9,1
8,8.0,RE2,CF3,TL2,CQ2,CAP2,COP1,RE2_CF3_TL2_CQ2_CAP2_COP1,H,基准不变,BAU,0.0,119,2026,1.6,374.0,1
8,8.0,RE2,CF3,TL2,CQ2,CAP2,COP1,RE2_CF3_TL2_CQ2_CAP2_COP1,H,基准不变,BAU,0.0,120,2027,1.7,456.1,1
8,8.0,RE2,CF3,TL2,CQ2,CAP2,COP1,RE2_CF3_TL2_CQ2_CAP2_COP1,H,基准不变,BAU,0.0,121,2028,1.8,456.1,1
8,8.0,RE2,CF3,TL2,CQ2,CAP2,COP1,RE2_CF3_TL2_CQ2_CAP2_COP1,H,基准不变,BAU,0.0,122,2029,1.9,456.1,1
8,8.0,RE2,CF3,TL2,CQ2,CAP2,COP1,RE2_CF3_TL2_CQ2_CAP2_COP1,H,基准不变,BAU,0.0,123,2030,2.0,456.1,1
8,8.0,RE2,CF3,TL2,CQ2,CAP2,COP1,RE2_CF3_TL2_CQ2_CAP2_COP1,H,基准不变,BAU,0.0,124,2031,2.1,456.1,1
8,8.0,RE2,CF3,TL2,CQ2,CAP2,COP1,RE2_CF3_TL2_CQ2_CAP2_COP1,H,基准不变,BAU,0.0,125,2032,2.2,456.1,1
8,8.0,RE2,CF3,TL2,CQ2,CAP2,COP1,RE2_CF3_TL2_CQ2_CAP2_COP1,H,基准不变,BAU,0.0,126,2033,2.3,456.1,1
8,8.0,RE2,CF3,TL2,CQ2,CAP2,COP1,RE2_CF3_TL2_CQ2_CAP2_COP1,H,基准不变,BAU,0.0,127,2034,2.4,456.1,1
8,8.0,RE2,CF3,TL2,CQ2,CAP2,COP1,RE2_CF3_TL2_CQ2_CAP2_COP1,H,基准不变,BAU,0.0,128,2035,2.5,456.1,1
9,9.0,RE2,CF2,TL2,CQ2,CAP1,COP1,RE2_CF2_TL2_CQ2_CAP1_COP1,H,基准不变,BAU,0.3,129,2020,1.0,42.85,1
9,9.0,RE2,CF2,TL2,CQ2,CAP1,COP1,RE2_CF2_TL2_CQ2_CAP1_COP1,H,基准不变,BAU,0.3,130,2021,1.1,42.85,1
9,9.0,RE2,CF2,TL2,CQ2,CAP1,COP1,RE2_CF2_TL2_CQ2_CAP1_COP1,H,基准不变,BAU,0.3,131,2022,1.2,45.61,1
9,9.0,RE2,CF2,TL2,CQ2,CAP1,COP1,RE2_CF2_TL2_CQ2_CAP1_COP1,H,基准不变,BAU,0.3,132,2023,1.3,62.79,1
9,9.0,RE2,CF2,TL2,CQ2,CAP1,COP1,RE2_CF2_TL2_CQ2_CAP1_COP1,H,基准不变,BAU,0.3,133,2024,1.4,70.36,1
9,9.0,RE2,CF2,TL2,CQ2,CAP1,COP1,RE2_CF2_TL2_CQ2_CAP1_COP1,H,基准不变,BAU,0.3,134,2025,1.5,80.33,1
9,9.0,RE2,CF2,TL2,CQ2,CAP1,COP1,RE2_CF2_TL2_CQ2_CAP1_COP1,H,基准不变,BAU,0.3,135,2026,1.6,90.3,1
9,9.0,RE2,CF2,TL2,CQ2,CAP1,COP1,RE2_CF2_TL2_CQ2_CAP1_COP1,H,基准不变,BAU,0.3,136,2027,1.7,100.27,1
9,9.0,RE2,CF2,TL2,CQ2,CAP1,COP1,RE2_CF2_TL2_CQ2_CAP1_COP1,H,基准不变,BAU,0.3,137,2028,1.8,110.24,1
9,9.0,RE2,CF2,TL2,CQ2,CAP1,COP1,RE2_CF2_TL2_CQ2_CAP1_COP1,H,基准不变,BAU,0.3,138,2029,1.9,120.21,1
9,9.0,RE2,CF2,TL2,CQ2,CAP1,COP1,RE2_CF2_TL2_CQ2_CAP1_COP1,H,基准不变,BAU,0.3,139,2030,2.0,130.18,1
9,9.0,RE2,CF2,TL2,CQ2,CAP1,COP1,RE2_CF2_TL2_CQ2_CAP1_COP1,H,基准不变,BAU,0.3,140,2031,2.1,137.9,1
9,9.0,RE2,CF2,TL2,CQ2,CAP1,COP1,RE2_CF2_TL2_CQ2_CAP1_COP1,H,基准不变,BAU,0.3,141,2032,2.2,147.31,1
9,9.0,RE2,CF2,TL2,CQ2,CAP1,COP1,RE2_CF2_TL2_CQ2_CAP1_COP1,H,基准不变,BAU,0.3,142,2033,2.3,156.72,1
9,9.0,RE2,CF2,TL2,CQ2,CAP1,COP1,RE2_CF2_TL2_CQ2_CAP1_COP1,H,基准不变,BAU,0.3,143,2034,2.4,166.13,1
9,9.0,RE2,CF2,TL2,CQ2,CAP1,COP1,RE2_CF2_TL2_CQ2_CAP1_COP1,H,基准不变,BAU,0.3,144,2035,2.5,175.53,1
10,10.0,RE1,CF2,TL2,CQ6,CAP2,COP1,RE1_CF2_TL2_CQ6_CAP2_COP1,BAU,电力配额,BAU,0.3,145,2020,1.0,42.85,1
10,10.0,RE1,CF2,TL2,CQ6,CAP2,COP1,RE1_CF2_TL2_CQ6_CAP2_COP1,BAU,电力配额,BAU,0.3,146,2021,1.1,42.85,1
10,10.0,RE1,CF2,TL2,CQ6,CAP2,COP1,RE1_CF2_TL2_CQ6_CAP2_COP1,BAU,电力配额,BAU,0.3,147,2022,1.2,45.61,1
10,10.0,RE1,CF2,TL2,CQ6,CAP2,COP1,RE1_CF2_TL2_CQ6_CAP2_COP1,BAU,电力配额,BAU,0.3,148,2023,1.3,127.71,1
10,10.0,RE1,CF2,TL2,CQ6,CAP2,COP1,RE1_CF2_TL2_CQ6_CAP2_COP1,BAU,电力配额,BAU,0.3,149,2024,1.4,209.81,1
10,10.0,RE1,CF2,TL2,CQ6,CAP2,COP1,RE1_CF2_TL2_CQ6_CAP2_COP1,BAU,电力配额,BAU,0.3,150,2025,1.5,291.9,1
10,10.0,RE1,CF2,TL2,CQ6,CAP2,COP1,RE1_CF2_TL2_CQ6_CAP2_COP1,BAU,电力配额,BAU,0.3,151,2026,1.6,374.0,1
10,10.0,RE1,CF2,TL2,CQ6,CAP2,COP1,RE1_CF2_TL2_CQ6_CAP2_COP1,BAU,电力配额,BAU,0.3,152,2027,1.7,456.1,1
10,10.0,RE1,CF2,TL2,CQ6,CAP2,COP1,RE1_CF2_TL2_CQ6_CAP2_COP1,BAU,电力配额,BAU,0.3,153,2028,1.8,456.1,1
10,10.0,RE1,CF2,TL2,CQ6,CAP2,COP1,RE1_CF2_TL2_CQ6_CAP2_COP1,BAU,电力配额,BAU,0.3,154,2029,1.9,456.1,1
10,10.0,RE1,CF2,TL2,CQ6,CAP2,COP1,RE1_CF2_TL2_CQ6_CAP2_COP1,BAU,电力配额,BAU,0.3,155,2030,2.0,456.1,1
10,10.0,RE1,CF2,TL2,CQ6,CAP2,COP1,RE1_CF2_TL2_CQ6_CAP2_COP1,BAU,电力配额,BAU,0.3,156,2031,2.1,456.1,1
10,10.0,RE1,CF2,TL2,CQ6,CAP2,COP1,RE1_CF2_TL2_CQ6_CAP2_COP1,BAU,电力配额,BAU,0.3,157,2032,2.2,456.1,1
10,10.0,RE1,CF2,TL2,CQ6,CAP2,COP1,RE1_CF2_TL2_CQ6_CAP2_COP1,BAU,电力配额,BAU,0.3,158,2033,2.3,456.1,1
10,10.0,RE1,CF2,TL2,CQ6,CAP2,COP1,RE1_CF2_TL2_CQ6_CAP2_COP1,BAU,电力配额,BAU,0.3,159,2034,2.4,456.1,1
10,10.0,RE1,CF2,TL2,CQ6,CAP2,COP1,RE1_CF2_TL2_CQ6_CAP2_COP1,BAU,电力配额,BAU,0.3,160,2035,2.5,456.1,1
11,11.0,RE1,CF1,TL2,CQ6,CAP2,COP2,RE1_CF1_TL2_CQ6_CAP2_COP2,BAU,电力配额,PD,0.4,161,2020,1.0,42.85,1
11,11.0,RE1,CF1,TL2,CQ6,CAP2,COP2,RE1_CF1_TL2_CQ6_CAP2_COP2,BAU,电力配额,PD,0.4,162,2021,1.1,42.85,1
11,11.0,RE1,CF1,TL2,CQ6,CAP2,COP2,RE1_CF1_TL2_CQ6_CAP2_COP2,BAU,电力配额,PD,0.4,163,2022,1.2,45.61,1
11,11.0,RE1,CF1,TL2,CQ6,CAP2,COP2,RE1_CF1_TL2_CQ6_CAP2_COP2,BAU,电力配额,PD,0.4,164,2023,1.3,127.71,1
11,11.0,RE1,CF1,TL2,CQ6,CAP2,COP2,RE1_CF1_TL2_CQ6_CAP2_COP2,BAU,电力配额,PD,0.4,165,2024,1.4,209.81,1
11,11.0,RE1,CF1,TL2,CQ6,CAP2,COP2,RE1_CF1_TL2_CQ6_CAP2_COP2,BAU,电力配额,PD,0.4,166,2025,1.5,291.9,1
11,11.0,RE1,CF1,TL2,CQ6,CAP2,COP2,RE1_CF1_TL2_CQ6_CAP2_COP2,BAU,电力配额,PD,0.4,167,2026,1.6,374.0,1
11,11.0,RE1,CF1,TL2,CQ6,CAP2,COP2,RE1_CF1_TL2_CQ6_CAP2_COP2,BAU,电力配额,PD,0.4,168,2027,1.7,456.1,1
11,11.0,RE1,CF1,TL2,CQ6,CAP2,COP2,RE1_CF1_TL2_CQ6_CAP2_COP2,BAU,电力配额,PD,0.4,169,2028,1.8,456.1,1
11,11.0,RE1,CF1,TL2,CQ6,CAP2,COP2,RE1_CF1_TL2_CQ6_CAP2_COP2,BAU,电力配额,PD,0.4,170,2029,1.9,456.1,1
11,11.0,RE1,CF1,TL2,CQ6,CAP2,COP2,RE1_CF1_TL2_CQ6_CAP2_COP2,BAU,电力配额,PD,0.4,171,2030,2.0,456.1,1
11,11.0,RE1,CF1,TL2,CQ6,CAP2,COP2,RE1_CF1_TL2_CQ6_CAP2_COP2,BAU,电力配额,PD,0.4,172,2031,2.1,456.1,1
11,11.0,RE1,CF1,TL2,CQ6,CAP2,COP2,RE1_CF1_TL2_CQ6_CAP2_COP2,BAU,电力配额,PD,0.4,173,2032,2.2,456.1,1
11,11.0,RE1,CF1,TL2,CQ6,CAP2,COP2,RE1_CF1_TL2_CQ6_CAP2_COP2,BAU,电力配额,PD,0.4,174,2033,2.3,456.1,1
11,11.0,RE1,CF1,TL2,CQ6,CAP2,COP2,RE1_CF1_TL2_CQ6_CAP2_COP2,BAU,电力配额,PD,0.4,175,2034,2.4,456.1,1
11,11.0,RE1,CF1,TL2,CQ6,CAP2,COP2,RE1_CF1_TL2_CQ6_CAP2_COP2,BAU,电力配额,PD,0.4,176,2035,2.5,456.1,1
12,12.0,RE2,CF1,TL1,CQ5,CAP2,COP2,RE2_CF1_TL1_CQ5_CAP2_COP2,H,全行业配额,PD,0.4,177,2020,1.0,42.85,1
12,12.0,RE2,CF1,TL1,CQ5,CAP2,COP2,RE2_CF1_TL1_CQ5_CAP2_COP2,H,全行业配额,PD,0.4,178,2021,1.03,42.85,1
12,12.0,RE2,CF1,TL1,CQ5,CAP2,COP2,RE2_CF1_TL1_CQ5_CAP2_COP2,H,全行业配额,PD,0.4,179,2022,1.06,45.61,1
12,12.0,RE2,CF1,TL1,CQ5,CAP2,COP2,RE2_CF1_TL1_CQ5_CAP2_COP2,H,全行业配额,PD,0.4,180,2023,1.09,127.71,1
12,12.0,RE2,CF1,TL1,CQ5,CAP2,COP2,RE2_CF1_TL1_CQ5_CAP2_COP2,H,全行业配额,PD,0.4,181,2024,1.12,209.81,1
12,12.0,RE2,CF1,TL1,CQ5,CAP2,COP2,RE2_CF1_TL1_CQ5_CAP2_COP2,H,全行业配额,PD,0.4,182,2025,1.15,291.9,1
12,12.0,RE2,CF1,TL1,CQ5,CAP2,COP2,RE2_CF1_TL1_CQ5_CAP2_COP2,H,全行业配额,PD,0.4,183,2026,1.18,374.0,1
12,12.0,RE2,CF1,TL1,CQ5,CAP2,COP2,RE2_CF1_TL1_CQ5_CAP2_COP2,H,全行业配额,PD,0.4,184,2027,1.21,456.1,1
12,12.0,RE2,CF1,TL1,CQ5,CAP2,COP2,RE2_CF1_TL1_CQ5_CAP2_COP2,H,全行业配额,PD,0.4,185,2028,1.24,456.1,1
12,12.0,RE2,CF1,TL1,CQ5,CAP2,COP2,RE2_CF1_TL1_CQ5_CAP2_COP2,H,全行业配额,PD,0.4,186,2029,1.27,456.1,1
12,12.0,RE2,CF1,TL1,CQ5,CAP2,COP2,RE2_CF1_TL1_CQ5_CAP2_COP2,H,全行业配额,PD,0.4,187,2030,1.3,456.1,1
12,12.0,RE2,CF1,TL1,CQ5,CAP2,COP2,RE2_CF1_TL1_CQ5_CAP2_COP2,H,全行业配额,PD,0.4,188,2031,1.36,456.1,1
12,12.0,RE2,CF1,TL1,CQ5,CAP2,COP2,RE2_CF1_TL1_CQ5_CAP2_COP2,H,全行业配额,PD,0.4,189,2032,1.42,456.1,1
12,12.0,RE2,CF1,TL1,CQ5,CAP2,COP2,RE2_CF1_TL1_CQ5_CAP2_COP2,H,全行业配额,PD,0.4,190,2033,1.48,456.1,1
12,12.0,RE2,CF1,TL1,CQ5,CAP2,COP2,RE2_CF1_TL1_CQ5_CAP2_COP2,H,全行业配额,PD,0.4,191,2034,1.54,456.1,1
12,12.0,RE2,CF1,TL1,CQ5,CAP2,COP2,RE2_CF1_TL1_CQ5_CAP2_COP2,H,全行业配额,PD,0.4,192,2035,1.6,456.1,1
13,13.0,RE2,CF2,TL1,CQ6,CAP2,COP1,RE2_CF2_TL1_CQ6_CAP2_COP1,H,电力配额,BAU,0.3,193,2020,1.0,42.85,1
13,13.0,RE2,CF2,TL1,CQ6,CAP2,COP1,RE2_CF2_TL1_CQ6_CAP2_COP1,H,电力配额,BAU,0.3,194,2021,1.03,42.85,1
13,13.0,RE2,CF2,TL1,CQ6,CAP2,COP1,RE2_CF2_TL1_CQ6_CAP2_COP1,H,电力配额,BAU,0.3,195,2022,1.06,45.61,1
13,13.0,RE2,CF2,TL1,CQ6,CAP2,COP1,RE2_CF2_TL1_CQ6_CAP2_COP1,H,电力配额,BAU,0.3,196,2023,1.09,127.71,1
13,13.0,RE2,CF2,TL1,CQ6,CAP2,COP1,RE2_CF2_TL1_CQ6_CAP2_COP1,H,电力配额,BAU,0.3,197,2024,1.12,209.81,1
13,13.0,RE2,CF2,TL1,CQ6,CAP2,COP1,RE2_CF2_TL1_CQ6_CAP2_COP1,H,电力配额,BAU,0.3,198,2025,1.15,291.9,1
13,13.0,RE2,CF2,TL1,CQ6,CAP2,COP1,RE2_CF2_TL1_CQ6_CAP2_COP1,H,电力配额,BAU,0.3,199,2026,1.18,374.0,1
13,13.0,RE2,CF2,TL1,CQ6,CAP2,COP1,RE2_CF2_TL1_CQ6_CAP2_COP1,H,电力配额,BAU,0.3,200,2027,1.21,456.1,1
13,13.0,RE2,CF2,TL1,CQ6,CAP2,COP1,RE2_CF2_TL1_CQ6_CAP2_COP1,H,电力配额,BAU,0.3,201,2028,1.24,456.1,1
13,13.0,RE2,CF2,TL1,CQ6,CAP2,COP1,RE2_CF2_TL1_CQ6_CAP2_COP1,H,电力配额,BAU,0.3,202,2029,1.27,456.1,1
13,13.0,RE2,CF2,TL1,CQ6,CAP2,COP1,RE2_CF2_TL1_CQ6_CAP2_COP1,H,电力配额,BAU,0.3,203,2030,1.3,456.1,1
13,13.0,RE2,CF2,TL1,CQ6,CAP2,COP1,RE2_CF2_TL1_CQ6_CAP2_COP1,H,电力配额,BAU,0.3,204,2031,1.36,456.1,1
13,13.0,RE2,CF2,TL1,CQ6,CAP2,COP1,RE2_CF2_TL1_CQ6_CAP2_COP1,H,电力配额,BAU,0.3,205,2032,1.42,456.1,1
13,13.0,RE2,CF2,TL1,CQ6,CAP2,COP1,RE2_CF2_TL1_CQ6_CAP2_COP1,H,电力配额,BAU,0.3,206,2033,1.48,456.1,1
13,13.0,RE2,CF2,TL1,CQ6,CAP2,COP1,RE2_CF2_TL1_CQ6_CAP2_COP1,H,电力配额,BAU,0.3,207,2034,1.54,456.1,1
13,13.0,RE2,CF2,TL1,CQ6,CAP2,COP1,RE2_CF2_TL1_CQ6_CAP2_COP1,H,电力配额,BAU,0.3,208,2035,1.6,456.1,1
14,14.0,RE1,CF1,TL1,CQ3,CAP2,COP2,RE1_CF1_TL1_CQ3_CAP2_COP2,BAU,REPO,PD,0.4,209,2020,1.0,42.85,1
14,14.0,RE1,CF1,TL1,CQ3,CAP2,COP2,RE1_CF1_TL1_CQ3_CAP2_COP2,BAU,REPO,PD,0.4,210,2021,1.03,42.85,1
14,14.0,RE1,CF1,TL1,CQ3,CAP2,COP2,RE1_CF1_TL1_CQ3_CAP2_COP2,BAU,REPO,PD,0.4,211,2022,1.06,45.61,1
14,14.0,RE1,CF1,TL1,CQ3,CAP2,COP2,RE1_CF1_TL1_CQ3_CAP2_COP2,BAU,REPO,PD,0.4,212,2023,1.09,127.71,1
14,14.0,RE1,CF1,TL1,CQ3,CAP2,COP2,RE1_CF1_TL1_CQ3_CAP2_COP2,BAU,REPO,PD,0.4,213,2024,1.12,209.81,1
14,14.0,RE1,CF1,TL1,CQ3,CAP2,COP2,RE1_CF1_TL1_CQ3_CAP2_COP2,BAU,REPO,PD,0.4,214,2025,1.15,291.9,1
14,14.0,RE1,CF1,TL1,CQ3,CAP2,COP2,RE1_CF1_TL1_CQ3_CAP2_COP2,BAU,REPO,PD,0.4,215,2026,1.18,374.0,1
14,14.0,RE1,CF1,TL1,CQ3,CAP2,COP2,RE1_CF1_TL1_CQ3_CAP2_COP2,BAU,REPO,PD,0.4,216,2027,1.21,456.1,1
14,14.0,RE1,CF1,TL1,CQ3,CAP2,COP2,RE1_CF1_TL1_CQ3_CAP2_COP2,BAU,REPO,PD,0.4,217,2028,1.24,456.1,1
14,14.0,RE1,CF1,TL1,CQ3,CAP2,COP2,RE1_CF1_TL1_CQ3_CAP2_COP2,BAU,REPO,PD,0.4,218,2029,1.27,456.1,1
14,14.0,RE1,CF1,TL1,CQ3,CAP2,COP2,RE1_CF1_TL1_CQ3_CAP2_COP2,BAU,REPO,PD,0.4,219,2030,1.3,456.1,1
14,14.0,RE1,CF1,TL1,CQ3,CAP2,COP2,RE1_CF1_TL1_CQ3_CAP2_COP2,BAU,REPO,PD,0.4,220,2031,1.36,456.1,1
14,14.0,RE1,CF1,TL1,CQ3,CAP2,COP2,RE1_CF1_TL1_CQ3_CAP2_COP2,BAU,REPO,PD,0.4,221,2032,1.42,456.1,1
14,14.0,RE1,CF1,TL1,CQ3,CAP2,COP2,RE1_CF1_TL1_CQ3_CAP2_COP2,BAU,REPO,PD,0.4,222,2033,1.48,456.1,1
14,14.0,RE1,CF1,TL1,CQ3,CAP2,COP2,RE1_CF1_TL1_CQ3_CAP2_COP2,BAU,REPO,PD,0.4,223,2034,1.54,456.1,1
14,14.0,RE1,CF1,TL1,CQ3,CAP2,COP2,RE1_CF1_TL1_CQ3_CAP2_COP2,BAU,REPO,PD,0.4,224,2035,1.6,456.1,1
15,15.0,RE1,CF2,TL1,CQ2,CAP2,COP1,RE1_CF2_TL1_CQ2_CAP2_COP1,BAU,基准不变,BAU,0.3,225,2020,1.0,42.85,1
15,15.0,RE1,CF2,TL1,CQ2,CAP2,COP1,RE1_CF2_TL1_CQ2_CAP2_COP1,BAU,基准不变,BAU,0.3,226,2021,1.03,42.85,1
15,15.0,RE1,CF2,TL1,CQ2,CAP2,COP1,RE1_CF2_TL1_CQ2_CAP2_COP1,BAU,基准不变,BAU,0.3,227,2022,1.06,45.61,1
15,15.0,RE1,CF2,TL1,CQ2,CAP2,COP1,RE1_CF2_TL1_CQ2_CAP2_COP1,BAU,基准不变,BAU,0.3,228,2023,1.09,127.71,1
15,15.0,RE1,CF2,TL1,CQ2,CAP2,COP1,RE1_CF2_TL1_CQ2_CAP2_COP1,BAU,基准不变,BAU,0.3,229,2024,1.12,209.81,1
15,15.0,RE1,CF2,TL1,CQ2,CAP2,COP1,RE1_CF2_TL1_CQ2_CAP2_COP1,BAU,基准不变,BAU,0.3,230,2025,1.15,291.9,1
15,15.0,RE1,CF2,TL1,CQ2,CAP2,COP1,RE1_CF2_TL1_CQ2_CAP2_COP1,BAU,基准不变,BAU,0.3,231,2026,1.18,374.0,1
15,15.0,RE1,CF2,TL1,CQ2,CAP2,COP1,RE1_CF2_TL1_CQ2_CAP2_COP1,BAU,基准不变,BAU,0.3,232,2027,1.21,456.1,1
15,15.0,RE1,CF2,TL1,CQ2,CAP2,COP1,RE1_CF2_TL1_CQ2_CAP2_COP1,BAU,基准不变,BAU,0.3,233,2028,1.24,456.1,1
15,15.0,RE1,CF2,TL1,CQ2,CAP2,COP1,RE1_CF2_TL1_CQ2_CAP2_COP1,BAU,基准不变,BAU,0.3,234,2029,1.27,456.1,1
15,15.0,RE1,CF2,TL1,CQ2,CAP2,COP1,RE1_CF2_TL1_CQ2_CAP2_COP1,BAU,基准不变,BAU,0.3,235,2030,1.3,456.1,1
15,15.0,RE1,CF2,TL1,CQ2,CAP2,COP1,RE1_CF2_TL1_CQ2_CAP2_COP1,BAU,基准不变,BAU,0.3,236,2031,1.36,456.1,1
15,15.0,RE1,CF2,TL1,CQ2,CAP2,COP1,RE1_CF2_TL1_CQ2_CAP2_COP1,BAU,基准不变,BAU,0.3,237,2032,1.42,456.1,1
15,15.0,RE1,CF2,TL1,CQ2,CAP2,COP1,RE1_CF2_TL1_CQ2_CAP2_COP1,BAU,基准不变,BAU,0.3,238,2033,1.48,456.1,1
15,15.0,RE1,CF2,TL1,CQ2,CAP2,COP1,RE1_CF2_TL1_CQ2_CAP2_COP1,BAU,基准不变,BAU,0.3,239,2034,1.54,456.1,1
15,15.0,RE1,CF2,TL1,CQ2,CAP2,COP1,RE1_CF2_TL1_CQ2_CAP2_COP1,BAU,基准不变,BAU,0.3,240,2035,1.6,456.1,1
16,16.0,RE2,CF3,TL1,CQ6,CAP1,COP1,RE2_CF3_TL1_CQ6_CAP1_COP1,H,电力配额,BAU,0.0,241,2020,1.0,42.85,1
16,16.0,RE2,CF3,TL1,CQ6,CAP1,COP1,RE2_CF3_TL1_CQ6_CAP1_COP1,H,电力配额,BAU,0.0,242,2021,1.03,42.85,1
16,16.0,RE2,CF3,TL1,CQ6,CAP1,COP1,RE2_CF3_TL1_CQ6_CAP1_COP1,H,电力配额,BAU,0.0,243,2022,1.06,45.61,1
16,16.0,RE2,CF3,TL1,CQ6,CAP1,COP1,RE2_CF3_TL1_CQ6_CAP1_COP1,H,电力配额,BAU,0.0,244,2023,1.09,62.79,1
16,16.0,RE2,CF3,TL1,CQ6,CAP1,COP1,RE2_CF3_TL1_CQ6_CAP1_COP1,H,电力配额,BAU,0.0,245,2024,1.12,70.36,1
16,16.0,RE2,CF3,TL1,CQ6,CAP1,COP1,RE2_CF3_TL1_CQ6_CAP1_COP1,H,电力配额,BAU,0.0,246,2025,1.15,80.33,1
16,16.0,RE2,CF3,TL1,CQ6,CAP1,COP1,RE2_CF3_TL1_CQ6_CAP1_COP1,H,电力配额,BAU,0.0,247,2026,1.18,90.3,1
16,16.0,RE2,CF3,TL1,CQ6,CAP1,COP1,RE2_CF3_TL1_CQ6_CAP1_COP1,H,电力配额,BAU,0.0,248,2027,1.21,100.27,1
16,16.0,RE2,CF3,TL1,CQ6,CAP1,COP1,RE2_CF3_TL1_CQ6_CAP1_COP1,H,电力配额,BAU,0.0,249,2028,1.24,110.24,1
16,16.0,RE2,CF3,TL1,CQ6,CAP1,COP1,RE2_CF3_TL1_CQ6_CAP1_COP1,H,电力配额,BAU,0.0,250,2029,1.27,120.21,1
16,16.0,RE2,CF3,TL1,CQ6,CAP1,COP1,RE2_CF3_TL1_CQ6_CAP1_COP1,H,电力配额,BAU,0.0,251,2030,1.3,130.18,1
16,16.0,RE2,CF3,TL1,CQ6,CAP1,COP1,RE2_CF3_TL1_CQ6_CAP1_COP1,H,电力配额,BAU,0.0,252,2031,1.36,137.9,1
16,16.0,RE2,CF3,TL1,CQ6,CAP1,COP1,RE2_CF3_TL1_CQ6_CAP1_COP1,H,电力配额,BAU,0.0,253,2032,1.42,147.31,1
16,16.0,RE2,CF3,TL1,CQ6,CAP1,COP1,RE2_CF3_TL1_CQ6_CAP1_COP1,H,电力配额,BAU,0.0,254,2033,1.48,156.72,1
16,16.0,RE2,CF3,TL1,CQ6,CAP1,COP1,RE2_CF3_TL1_CQ6_CAP1_COP1,H,电力配额,BAU,0.0,255,2034,1.54,166.13,1
16,16.0,RE2,CF3,TL1,CQ6,CAP1,COP1,RE2_CF3_TL1_CQ6_CAP1_COP1,H,电力配额,BAU,0.0,256,2035,1.6,175.53,1
17,17.0,RE2,CF3,TL2,CQ6,CAP2,COP2,RE2_CF3_TL2_CQ6_CAP2_COP2,H,电力配额,PD,0.0,257,2020,1.0,42.85,1
17,17.0,RE2,CF3,TL2,CQ6,CAP2,COP2,RE2_CF3_TL2_CQ6_CAP2_COP2,H,电力配额,PD,0.0,258,2021,1.1,42.85,1
17,17.0,RE2,CF3,TL2,CQ6,CAP2,COP2,RE2_CF3_TL2_CQ6_CAP2_COP2,H,电力配额,PD,0.0,259,2022,1.2,45.61,1
17,17.0,RE2,CF3,TL2,CQ6,CAP2,COP2,RE2_CF3_TL2_CQ6_CAP2_COP2,H,电力配额,PD,0.0,260,2023,1.3,127.71,1
17,17.0,RE2,CF3,TL2,CQ6,CAP2,COP2,RE2_CF3_TL2_CQ6_CAP2_COP2,H,电力配额,PD,0.0,261,2024,1.4,209.81,1
17,17.0,RE2,CF3,TL2,CQ6,CAP2,COP2,RE2_CF3_TL2_CQ6_CAP2_COP2,H,电力配额,PD,0.0,262,2025,1.5,291.9,1
17,17.0,RE2,CF3,TL2,CQ6,CAP2,COP2,RE2_CF3_TL2_CQ6_CAP2_COP2,H,电力配额,PD,0.0,263,2026,1.6,374.0,1
17,17.0,RE2,CF3,TL2,CQ6,CAP2,COP2,RE2_CF3_TL2_CQ6_CAP2_COP2,H,电力配额,PD,0.0,264,2027,1.7,456.1,1
17,17.0,RE2,CF3,TL2,CQ6,CAP2,COP2,RE2_CF3_TL2_CQ6_CAP2_COP2,H,电力配额,PD,0.0,265,2028,1.8,456.1,1
17,17.0,RE2,CF3,TL2,CQ6,CAP2,COP2,RE2_CF3_TL2_CQ6_CAP2_COP2,H,电力配额,PD,0.0,266,2029,1.9,456.1,1
17,17.0,RE2,CF3,TL2,CQ6,CAP2,COP2,RE2_CF3_TL2_CQ6_CAP2_COP2,H,电力配额,PD,0.0,267,2030,2.0,456.1,1
17,17.0,RE2,CF3,TL2,CQ6,CAP2,COP2,RE2_CF3_TL2_CQ6_CAP2_COP2,H,电力配额,PD,0.0,268,2031,2.1,456.1,1
17,17.0,RE2,CF3,TL2,CQ6,CAP2,COP2,RE2_CF3_TL2_CQ6_CAP2_COP2,H,电力配额,PD,0.0,269,2032,2.2,456.1,1
17,17.0,RE2,CF3,TL2,CQ6,CAP2,COP2,RE2_CF3_TL2_CQ6_CAP2_COP2,H,电力配额,PD,0.0,270,2033,2.3,456.1,1
17,17.0,RE2,CF3,TL2,CQ6,CAP2,COP2,RE2_CF3_TL2_CQ6_CAP2_COP2,H,电力配额,PD,0.0,271,2034,2.4,456.1,1
17,17.0,RE2,CF3,TL2,CQ6,CAP2,COP2,RE2_CF3_TL2_CQ6_CAP2_COP2,H,电力配额,PD,0.0,272,2035,2.5,456.1,1
18,18.0,RE2,CF1,TL2,CQ6,CAP1,COP1,RE2_CF1_TL2_CQ6_CAP1_COP1,H,电力配额,BAU,0.4,273,2020,1.0,42.85,1
18,18.0,RE2,CF1,TL2,CQ6,CAP1,COP1,RE2_CF1_TL2_CQ6_CAP1_COP1,H,电力配额,BAU,0.4,274,2021,1.1,42.85,1
18,18.0,RE2,CF1,TL2,CQ6,CAP1,COP1,RE2_CF1_TL2_CQ6_CAP1_COP1,H,电力配额,BAU,0.4,275,2022,1.2,45.61,1
18,18.0,RE2,CF1,TL2,CQ6,CAP1,COP1,RE2_CF1_TL2_CQ6_CAP1_COP1,H,电力配额,BAU,0.4,276,2023,1.3,62.79,1
18,18.0,RE2,CF1,TL2,CQ6,CAP1,COP1,RE2_CF1_TL2_CQ6_CAP1_COP1,H,电力配额,BAU,0.4,277,2024,1.4,70.36,1
18,18.0,RE2,CF1,TL2,CQ6,CAP1,COP1,RE2_CF1_TL2_CQ6_CAP1_COP1,H,电力配额,BAU,0.4,278,2025,1.5,80.33,1
18,18.0,RE2,CF1,TL2,CQ6,CAP1,COP1,RE2_CF1_TL2_CQ6_CAP1_COP1,H,电力配额,BAU,0.4,279,2026,1.6,90.3,1
18,18.0,RE2,CF1,TL2,CQ6,CAP1,COP1,RE2_CF1_TL2_CQ6_CAP1_COP1,H,电力配额,BAU,0.4,280,2027,1.7,100.27,1
18,18.0,RE2,CF1,TL2,CQ6,CAP1,COP1,RE2_CF1_TL2_CQ6_CAP1_COP1,H,电力配额,BAU,0.4,281,2028,1.8,110.24,1
18,18.0,RE2,CF1,TL2,CQ6,CAP1,COP1,RE2_CF1_TL2_CQ6_CAP1_COP1,H,电力配额,BAU,0.4,282,2029,1.9,120.21,1
18,18.0,RE2,CF1,TL2,CQ6,CAP1,COP1,RE2_CF1_TL2_CQ6_CAP1_COP1,H,电力配额,BAU,0.4,283,2030,2.0,130.18,1
18,18.0,RE2,CF1,TL2,CQ6,CAP1,COP1,RE2_CF1_TL2_CQ6_CAP1_COP1,H,电力配额,BAU,0.4,284,2031,2.1,137.9,1
18,18.0,RE2,CF1,TL2,CQ6,CAP1,COP1,RE2_CF1_TL2_CQ6_CAP1_COP1,H,电力配额,BAU,0.4,285,2032,2.2,147.31,1
18,18.0,RE2,CF1,TL2,CQ6,CAP1,COP1,RE2_CF1_TL2_CQ6_CAP1_COP1,H,电力配额,BAU,0.4,286,2033,2.3,156.72,1
18,18.0,RE2,CF1,TL2,CQ6,CAP1,COP1,RE2_CF1_TL2_CQ6_CAP1_COP1,H,电力配额,BAU,0.4,287,2034,2.4,166.13,1
18,18.0,RE2,CF1,TL2,CQ6,CAP1,COP1,RE2_CF1_TL2_CQ6_CAP1_COP1,H,电力配额,BAU,0.4,288,2035,2.5,175.53,1
19,19.0,RE2,CF3,TL1,CQ5,CAP2,COP1,RE2_CF3_TL1_CQ5_CAP2_COP1,H,全行业配额,BAU,0.0,289,2020,1.0,42.85,1
19,19.0,RE2,CF3,TL1,CQ5,CAP2,COP1,RE2_CF3_TL1_CQ5_CAP2_COP1,H,全行业配额,BAU,0.0,290,2021,1.03,42.85,1
19,19.0,RE2,CF3,TL1,CQ5,CAP2,COP1,RE2_CF3_TL1_CQ5_CAP2_COP1,H,全行业配额,BAU,0.0,291,2022,1.06,45.61,1
19,19.0,RE2,CF3,TL1,CQ5,CAP2,COP1,RE2_CF3_TL1_CQ5_CAP2_COP1,H,全行业配额,BAU,0.0,292,2023,1.09,127.71,1
19,19.0,RE2,CF3,TL1,CQ5,CAP2,COP1,RE2_CF3_TL1_CQ5_CAP2_COP1,H,全行业配额,BAU,0.0,293,2024,1.12,209.81,1
19,19.0,RE2,CF3,TL1,CQ5,CAP2,COP1,RE2_CF3_TL1_CQ5_CAP2_COP1,H,全行业配额,BAU,0.0,294,2025,1.15,291.9,1
19,19.0,RE2,CF3,TL1,CQ5,CAP2,COP1,RE2_CF3_TL1_CQ5_CAP2_COP1,H,全行业配额,BAU,0.0,295,2026,1.18,374.0,1
19,19.0,RE2,CF3,TL1,CQ5,CAP2,COP1,RE2_CF3_TL1_CQ5_CAP2_COP1,H,全行业配额,BAU,0.0,296,2027,1.21,456.1,1
19,19.0,RE2,CF3,TL1,CQ5,CAP2,COP1,RE2_CF3_TL1_CQ5_CAP2_COP1,H,全行业配额,BAU,0.0,297,2028,1.24,456.1,1
19,19.0,RE2,CF3,TL1,CQ5,CAP2,COP1,RE2_CF3_TL1_CQ5_CAP2_COP1,H,全行业配额,BAU,0.0,298,2029,1.27,456.1,1
19,19.0,RE2,CF3,TL1,CQ5,CAP2,COP1,RE2_CF3_TL1_CQ5_CAP2_COP1,H,全行业配额,BAU,0.0,299,2030,1.3,456.1,1
19,19.0,RE2,CF3,TL1,CQ5,CAP2,COP1,RE2_CF3_TL1_CQ5_CAP2_COP1,H,全行业配额,BAU,0.0,300,2031,1.36,456.1,1
19,19.0,RE2,CF3,TL1,CQ5,CAP2,COP1,RE2_CF3_TL1_CQ5_CAP2_COP1,H,全行业配额,BAU,0.0,301,2032,1.42,456.1,1
19,19.0,RE2,CF3,TL1,CQ5,CAP2,COP1,RE2_CF3_TL1_CQ5_CAP2_COP1,H,全行业配额,BAU,0.0,302,2033,1.48,456.1,1
19,19.0,RE2,CF3,TL1,CQ5,CAP2,COP1,RE2_CF3_TL1_CQ5_CAP2_COP1,H,全行业配额,BAU,0.0,303,2034,1.54,456.1,1
19,19.0,RE2,CF3,TL1,CQ5,CAP2,COP1,RE2_CF3_TL1_CQ5_CAP2_COP1,H,全行业配额,BAU,0.0,304,2035,1.6,456.1,1
20,20.0,RE2,CF3,TL2,CQ5,CAP2,COP2,RE2_CF3_TL2_CQ5_CAP2_COP2,H,全行业配额,PD,0.0,305,2020,1.0,42.85,1
20,20.0,RE2,CF3,TL2,CQ5,CAP2,COP2,RE2_CF3_TL2_CQ5_CAP2_COP2,H,全行业配额,PD,0.0,306,2021,1.1,42.85,1
20,20.0,RE2,CF3,TL2,CQ5,CAP2,COP2,RE2_CF3_TL2_CQ5_CAP2_COP2,H,全行业配额,PD,0.0,307,2022,1.2,45.61,1
20,20.0,RE2,CF3,TL2,CQ5,CAP2,COP2,RE2_CF3_TL2_CQ5_CAP2_COP2,H,全行业配额,PD,0.0,308,2023,1.3,127.71,1
20,20.0,RE2,CF3,TL2,CQ5,CAP2,COP2,RE2_CF3_TL2_CQ5_CAP2_COP2,H,全行业配额,PD,0.0,309,2024,1.4,209.81,1
20,20.0,RE2,CF3,TL2,CQ5,CAP2,COP2,RE2_CF3_TL2_CQ5_CAP2_COP2,H,全行业配额,PD,0.0,310,2025,1.5,291.9,1
20,20.0,RE2,CF3,TL2,CQ5,CAP2,COP2,RE2_CF3_TL2_CQ5_CAP2_COP2,H,全行业配额,PD,0.0,311,2026,1.6,374.0,1
20,20.0,RE2,CF3,TL2,CQ5,CAP2,COP2,RE2_CF3_TL2_CQ5_CAP2_COP2,H,全行业配额,PD,0.0,312,2027,1.7,456.1,1
20,20.0,RE2,CF3,TL2,CQ5,CAP2,COP2,RE2_CF3_TL2_CQ5_CAP2_COP2,H,全行业配额,PD,0.0,313,2028,1.8,456.1,1
20,20.0,RE2,CF3,TL2,CQ5,CAP2,COP2,RE2_CF3_TL2_CQ5_CAP2_COP2,H,全行业配额,PD,0.0,314,2029,1.9,456.1,1
20,20.0,RE2,CF3,TL2,CQ5,CAP2,COP2,RE2_CF3_TL2_CQ5_CAP2_COP2,H,全行业配额,PD,0.0,315,2030,2.0,456.1,1
20,20.0,RE2,CF3,TL2,CQ5,CAP2,COP2,RE2_CF3_TL2_CQ5_CAP2_COP2,H,全行业配额,PD,0.0,316,2031,2.1,456.1,1
20,20.0,RE2,CF3,TL2,CQ5,CAP2,COP2,RE2_CF3_TL2_CQ5_CAP2_COP2,H,全行业配额,PD,0.0,317,2032,2.2,456.1,1
20,20.0,RE2,CF3,TL2,CQ5,CAP2,COP2,RE2_CF3_TL2_CQ5_CAP2_COP2,H,全行业配额,PD,0.0,318,2033,2.3,456.1,1
20,20.0,RE2,CF3,TL2,CQ5,CAP2,COP2,RE2_CF3_TL2_CQ5_CAP2_COP2,H,全行业配额,PD,0.0,319,2034,2.4,456.1,1
20,20.0,RE2,CF3,TL2,CQ5,CAP2,COP2,RE2_CF3_TL2_CQ5_CAP2_COP2,H,全行业配额,PD,0.0,320,2035,2.5,456.1,1
21,21.0,RE1,CF2,TL1,CQ6,CAP1,COP2,RE1_CF2_TL1_CQ6_CAP1_COP2,BAU,电力配额,PD,0.3,321,2020,1.0,42.85,1
21,21.0,RE1,CF2,TL1,CQ6,CAP1,COP2,RE1_CF2_TL1_CQ6_CAP1_COP2,BAU,电力配额,PD,0.3,322,2021,1.03,42.85,1
21,21.0,RE1,CF2,TL1,CQ6,CAP1,COP2,RE1_CF2_TL1_CQ6_CAP1_COP2,BAU,电力配额,PD,0.3,323,2022,1.06,45.61,1
21,21.0,RE1,CF2,TL1,CQ6,CAP1,COP2,RE1_CF2_TL1_CQ6_CAP1_COP2,BAU,电力配额,PD,0.3,324,2023,1.09,62.79,1
21,21.0,RE1,CF2,TL1,CQ6,CAP1,COP2,RE1_CF2_TL1_CQ6_CAP1_COP2,BAU,电力配额,PD,0.3,325,2024,1.12,70.36,1
21,21.0,RE1,CF2,TL1,CQ6,CAP1,COP2,RE1_CF2_TL1_CQ6_CAP1_COP2,BAU,电力配额,PD,0.3,326,2025,1.15,80.33,1
21,21.0,RE1,CF2,TL1,CQ6,CAP1,COP2,RE1_CF2_TL1_CQ6_CAP1_COP2,BAU,电力配额,PD,0.3,327,2026,1.18,90.3,1
21,21.0,RE1,CF2,TL1,CQ6,CAP1,COP2,RE1_CF2_TL1_CQ6_CAP1_COP2,BAU,电力配额,PD,0.3,328,2027,1.21,100.27,1
21,21.0,RE1,CF2,TL1,CQ6,CAP1,COP2,RE1_CF2_TL1_CQ6_CAP1_COP2,BAU,电力配额,PD,0.3,329,2028,1.24,110.24,1
21,21.0,RE1,CF2,TL1,CQ6,CAP1,COP2,RE1_CF2_TL1_CQ6_CAP1_COP2,BAU,电力配额,PD,0.3,330,2029,1.27,120.21,1
21,21.0,RE1,CF2,TL1,CQ6,CAP1,COP2,RE1_CF2_TL1_CQ6_CAP1_COP2,BAU,电力配额,PD,0.3,331,2030,1.3,130.18,1
21,21.0,RE1,CF2,TL1,CQ6,CAP1,COP2,RE1_CF2_TL1_CQ6_CAP1_COP2,BAU,电力配额,PD,0.3,332,2031,1.36,137.9,1
21,21.0,RE1,CF2,TL1,CQ6,CAP1,COP2,RE1_CF2_TL1_CQ6_CAP1_COP2,BAU,电力配额,PD,0.3,333,2032,1.42,147.31,1
21,21.0,RE1,CF2,TL1,CQ6,CAP1,COP2,RE1_CF2_TL1_CQ6_CAP1_COP2,BAU,电力配额,PD,0.3,334,2033,1.48,156.72,1
21,21.0,RE1,CF2,TL1,CQ6,CAP1,COP2,RE1_CF2_TL1_CQ6_CAP1_COP2,BAU,电力配额,PD,0.3,335,2034,1.54,166.13,1
21,21.0,RE1,CF2,TL1,CQ6,CAP1,COP2,RE1_CF2_TL1_CQ6_CAP1_COP2,BAU,电力配额,PD,0.3,336,2035,1.6,175.53,1
22,22.0,RE2,CF1,TL2,CQ1,CAP1,COP2,RE2_CF1_TL2_CQ1_CAP1_COP2,H,无配额,PD,0.4,337,2020,1.0,0.0,0
22,22.0,RE2,CF1,TL2,CQ1,CAP1,COP2,RE2_CF1_TL2_CQ1_CAP1_COP2,H,无配额,PD,0.4,338,2021,1.1,0.0,0
22,22.0,RE2,CF1,TL2,CQ1,CAP1,COP2,RE2_CF1_TL2_CQ1_CAP1_COP2,H,无配额,PD,0.4,339,2022,1.2,0.0,0
22,22.0,RE2,CF1,TL2,CQ1,CAP1,COP2,RE2_CF1_TL2_CQ1_CAP1_COP2,H,无配额,PD,0.4,340,2023,1.3,0.0,0
22,22.0,RE2,CF1,TL2,CQ1,CAP1,COP2,RE2_CF1_TL2_CQ1_CAP1_COP2,H,无配额,PD,0.4,341,2024,1.4,0.0,0
22,22.0,RE2,CF1,TL2,CQ1,CAP1,COP2,RE2_CF1_TL2_CQ1_CAP1_COP2,H,无配额,PD,0.4,342,2025,1.5,0.0,0
22,22.0,RE2,CF1,TL2,CQ1,CAP1,COP2,RE2_CF1_TL2_CQ1_CAP1_COP2,H,无配额,PD,0.4,343,2026,1.6,0.0,0
22,22.0,RE2,CF1,TL2,CQ1,CAP1,COP2,RE2_CF1_TL2_CQ1_CAP1_COP2,H,无配额,PD,0.4,344,2027,1.7,0.0,0
22,22.0,RE2,CF1,TL2,CQ1,CAP1,COP2,RE2_CF1_TL2_CQ1_CAP1_COP2,H,无配额,PD,0.4,345,2028,1.8,0.0,0
22,22.0,RE2,CF1,TL2,CQ1,CAP1,COP2,RE2_CF1_TL2_CQ1_CAP1_COP2,H,无配额,PD,0.4,346,2029,1.9,0.0,0
22,22.0,RE2,CF1,TL2,CQ1,CAP1,COP2,RE2_CF1_TL2_CQ1_CAP1_COP2,H,无配额,PD,0.4,347,2030,2.0,0.0,0
22,22.0,RE2,CF1,TL2,CQ1,CAP1,COP2,RE2_CF1_TL2_CQ1_CAP1_COP2,H,无配额,PD,0.4,348,2031,2.1,0.0,0
22,22.0,RE2,CF1,TL2,CQ1,CAP1,COP2,RE2_CF1_TL2_CQ1_CAP1_COP2,H,无配额,PD,0.4,349,2032,2.2,0.0,0
22,22.0,RE2,CF1,TL2,CQ1,CAP1,COP2,RE2_CF1_TL2_CQ1_CAP1_COP2,H,无配额,PD,0.4,350,2033,2.3,0.0,0
22,22.0,RE2,CF1,TL2,CQ1,CAP1,COP2,RE2_CF1_TL2_CQ1_CAP1_COP2,H,无配额,PD,0.4,351,2034,2.4,0.0,0
22,22.0,RE2,CF1,TL2,CQ1,CAP1,COP2,RE2_CF1_TL2_CQ1_CAP1_COP2,H,无配额,PD,0.4,352,2035,2.5,0.0,0
23,23.0,RE2,CF3,TL1,CQ2,CAP1,COP2,RE2_CF3_TL1_CQ2_CAP1_COP2,H,基准不变,PD,0.0,353,2020,1.0,42.85,1
23,23.0,RE2,CF3,TL1,CQ2,CAP1,COP2,RE2_CF3_TL1_CQ2_CAP1_COP2,H,基准不变,PD,0.0,354,2021,1.03,42.85,1
23,23.0,RE2,CF3,TL1,CQ2,CAP1,COP2,RE2_CF3_TL1_CQ2_CAP1_COP2,H,基准不变,PD,0.0,355,2022,1.06,45.61,1
23,23.0,RE2,CF3,TL1,CQ2,CAP1,COP2,RE2_CF3_TL1_CQ2_CAP1_COP2,H,基准不变,PD,0.0,356,2023,1.09,62.79,1
23,23.0,RE2,CF3,TL1,CQ2,CAP1,COP2,RE2_CF3_TL1_CQ2_CAP1_COP2,H,基准不变,PD,0.0,357,2024,1.12,70.36,1
23,23.0,RE2,CF3,TL1,CQ2,CAP1,COP2,RE2_CF3_TL1_CQ2_CAP1_COP2,H,基准不变,PD,0.0,358,2025,1.15,80.33,1
23,23.0,RE2,CF3,TL1,CQ2,CAP1,COP2,RE2_CF3_TL1_CQ2_CAP1_COP2,H,基准不变,PD,0.0,359,2026,1.18,90.3,1
23,23.0,RE2,CF3,TL1,CQ2,CAP1,COP2,RE2_CF3_TL1_CQ2_CAP1_COP2,H,基准不变,PD,0.0,360,2027,1.21,100.27,1
23,23.0,RE2,CF3,TL1,CQ2,CAP1,COP2,RE2_CF3_TL1_CQ2_CAP1_COP2,H,基准不变,PD,0.0,361,2028,1.24,110.24,1
23,23.0,RE2,CF3,TL1,CQ2,CAP1,COP2,RE2_CF3_TL1_CQ2_CAP1_COP2,H,基准不变,PD,0.0,362,2029,1.27,120.21,1
23,23.0,RE2,CF3,TL1,CQ2,CAP1,COP2,RE2_CF3_TL1_CQ2_CAP1_COP2,H,基准不变,PD,0.0,363,2030,1.3,130.18,1
23,23.0,RE2,CF3,TL1,CQ2,CAP1,COP2,RE2_CF3_TL1_CQ2_CAP1_COP2,H,基准不变,PD,0.0,364,2031,1.36,137.9,1
23,23.0,RE2,CF3,TL1,CQ2,CAP1,COP2,RE2_CF3_TL1_CQ2_CAP1_COP2,H,基准不变,PD,0.0,365,2032,1.42,147.31,1
23,23.0,RE2,CF3,TL1,CQ2,CAP1,COP2,RE2_CF3_TL1_CQ2_CAP1_COP2,H,基准不变,PD,0.0,366,2033,1.48,156.72,1
23,23.0,RE2,CF3,TL1,CQ2,CAP1,COP2,RE2_CF3_TL1_CQ2_CAP1_COP2,H,基准不变,PD,0.0,367,2034,1.54,166.13,1
23,23.0,RE2,CF3,TL1,CQ2,CAP1,COP2,RE2_CF3_TL1_CQ2_CAP1_COP2,H,基准不变,PD,0.0,368,2035,1.6,175.53,1
24,24.0,RE2,CF1,TL1,CQ5,CAP1,COP1,RE2_CF1_TL1_CQ5_CAP1_COP1,H,全行业配额,BAU,0.4,369,2020,1.0,42.85,1
24,24.0,RE2,CF1,TL1,CQ5,CAP1,COP1,RE2_CF1_TL1_CQ5_CAP1_COP1,H,全行业配额,BAU,0.4,370,2021,1.03,42.85,1
24,24.0,RE2,CF1,TL1,CQ5,CAP1,COP1,RE2_CF1_TL1_CQ5_CAP1_COP1,H,全行业配额,BAU,0.4,371,2022,1.06,45.61,1
24,24.0,RE2,CF1,TL1,CQ5,CAP1,COP1,RE2_CF1_TL1_CQ5_CAP1_COP1,H,全行业配额,BAU,0.4,372,2023,1.09,62.79,1
24,24.0,RE2,CF1,TL1,CQ5,CAP1,COP1,RE2_CF1_TL1_CQ5_CAP1_COP1,H,全行业配额,BAU,0.4,373,2024,1.12,70.36,1
24,24.0,RE2,CF1,TL1,CQ5,CAP1,COP1,RE2_CF1_TL1_CQ5_CAP1_COP1,H,全行业配额,BAU,0.4,374,2025,1.15,80.33,1
24,24.0,RE2,CF1,TL1,CQ5,CAP1,COP1,RE2_CF1_TL1_CQ5_CAP1_COP1,H,全行业配额,BAU,0.4,375,2026,1.18,90.3,1
24,24.0,RE2,CF1,TL1,CQ5,CAP1,COP1,RE2_CF1_TL1_CQ5_CAP1_COP1,H,全行业配额,BAU,0.4,376,2027,1.21,100.27,1
24,24.0,RE2,CF1,TL1,CQ5,CAP1,COP1,RE2_CF1_TL1_CQ5_CAP1_COP1,H,全行业配额,BAU,0.4,377,2028,1.24,110.24,1
24,24.0,RE2,CF1,TL1,CQ5,CAP1,COP1,RE2_CF1_TL1_CQ5_CAP1_COP1,H,全行业配额,BAU,0.4,378,2029,1.27,120.21,1
24,24.0,RE2,CF1,TL1,CQ5,CAP1,COP1,RE2_CF1_TL1_CQ5_CAP1_COP1,H,全行业配额,BAU,0.4,379,2030,1.3,130.18,1
24,24.0,RE2,CF1,TL1,CQ5,CAP1,COP1,RE2_CF1_TL1_CQ5_CAP1_COP1,H,全行业配额,BAU,0.4,380,2031,1.36,137.9,1
24,24.0,RE2,CF1,TL1,CQ5,CAP1,COP1,RE2_CF1_TL1_CQ5_CAP1_COP1,H,全行业配额,BAU,0.4,381,2032,1.42,147.31,1
24,24.0,RE2,CF1,TL1,CQ5,CAP1,COP1,RE2_CF1_TL1_CQ5_CAP1_COP1,H,全行业配额,BAU,0.4,382,2033,1.48,156.72,1
24,24.0,RE2,CF1,TL1,CQ5,CAP1,COP1,RE2_CF1_TL1_CQ5_CAP1_COP1,H,全行业配额,BAU,0.4,383,2034,1.54,166.13,1
24,24.0,RE2,CF1,TL1,CQ5,CAP1,COP1,RE2_CF1_TL1_CQ5_CAP1_COP1,H,全行业配额,BAU,0.4,384,2035,1.6,175.53,1
25,25.0,RE1,CF3,TL1,CQ3,CAP1,COP1,RE1_CF3_TL1_CQ3_CAP1_COP1,BAU,REPO,BAU,0.0,385,2020,1.0,42.85,1
25,25.0,RE1,CF3,TL1,CQ3,CAP1,COP1,RE1_CF3_TL1_CQ3_CAP1_COP1,BAU,REPO,BAU,0.0,386,2021,1.03,42.85,1
25,25.0,RE1,CF3,TL1,CQ3,CAP1,COP1,RE1_CF3_TL1_CQ3_CAP1_COP1,BAU,REPO,BAU,0.0,387,2022,1.06,45.61,1
25,25.0,RE1,CF3,TL1,CQ3,CAP1,COP1,RE1_CF3_TL1_CQ3_CAP1_COP1,BAU,REPO,BAU,0.0,388,2023,1.09,62.79,1
25,25.0,RE1,CF3,TL1,CQ3,CAP1,COP1,RE1_CF3_TL1_CQ3_CAP1_COP1,BAU,REPO,BAU,0.0,389,2024,1.12,70.36,1
25,25.0,RE1,CF3,TL1,CQ3,CAP1,COP1,RE1_CF3_TL1_CQ3_CAP1_COP1,BAU,REPO,BAU,0.0,390,2025,1.15,80.33,1
25,25.0,RE1,CF3,TL1,CQ3,CAP1,COP1,RE1_CF3_TL1_CQ3_CAP1_COP1,BAU,REPO,BAU,0.0,391,2026,1.18,90.3,1
25,25.0,RE1,CF3,TL1,CQ3,CAP1,COP1,RE1_CF3_TL1_CQ3_CAP1_COP1,BAU,REPO,BAU,0.0,392,2027,1.21,100.27,1
25,25.0,RE1,CF3,TL1,CQ3,CAP1,COP1,RE1_CF3_TL1_CQ3_CAP1_COP1,BAU,REPO,BAU,0.0,393,2028,1.24,110.24,1
25,25.0,RE1,CF3,TL1,CQ3,CAP1,COP1,RE1_CF3_TL1_CQ3_CAP1_COP1,BAU,REPO,BAU,0.0,394,2029,1.27,120.21,1
25,25.0,RE1,CF3,TL1,CQ3,CAP1,COP1,RE1_CF3_TL1_CQ3_CAP1_COP1,BAU,REPO,BAU,0.0,395,2030,1.3,130.18,1
25,25.0,RE1,CF3,TL1,CQ3,CAP1,COP1,RE1_CF3_TL1_CQ3_CAP1_COP1,BAU,REPO,BAU,0.0,396,2031,1.36,137.9,1
25,25.0,RE1,CF3,TL1,CQ3,CAP1,COP1,RE1_CF3_TL1_CQ3_CAP1_COP1,BAU,REPO,BAU,0.0,397,2032,1.42,147.31,1
25,25.0,RE1,CF3,TL1,CQ3,CAP1,COP1,RE1_CF3_TL1_CQ3_CAP1_COP1,BAU,REPO,BAU,0.0,398,2033,1.48,156.72,1
25,25.0,RE1,CF3,TL1,CQ3,CAP1,COP1,RE1_CF3_TL1_CQ3_CAP1_COP1,BAU,REPO,BAU,0.0,399,2034,1.54,166.13,1
25,25.0,RE1,CF3,TL1,CQ3,CAP1,COP1,RE1_CF3_TL1_CQ3_CAP1_COP1,BAU,REPO,BAU,0.0,400,2035,1.6,175.53,1
26,26.0,RE2,CF3,TL2,CQ3,CAP1,COP2,RE2_CF3_TL2_CQ3_CAP1_COP2,H,REPO,PD,0.0,401,2020,1.0,42.85,1
26,26.0,RE2,CF3,TL2,CQ3,CAP1,COP2,RE2_CF3_TL2_CQ3_CAP1_COP2,H,REPO,PD,0.0,402,2021,1.1,42.85,1
26,26.0,RE2,CF3,TL2,CQ3,CAP1,COP2,RE2_CF3_TL2_CQ3_CAP1_COP2,H,REPO,PD,0.0,403,2022,1.2,45.61,1
26,26.0,RE2,CF3,TL2,CQ3,CAP1,COP2,RE2_CF3_TL2_CQ3_CAP1_COP2,H,REPO,PD,0.0,404,2023,1.3,62.79,1
26,26.0,RE2,CF3,TL2,CQ3,CAP1,COP2,RE2_CF3_TL2_CQ3_CAP1_COP2,H,REPO,PD,0.0,405,2024,1.4,70.36,1
26,26.0,RE2,CF3,TL2,CQ3,CAP1,COP2,RE2_CF3_TL2_CQ3_CAP1_COP2,H,REPO,PD,0.0,406,2025,1.5,80.33,1
26,26.0,RE2,CF3,TL2,CQ3,CAP1,COP2,RE2_CF3_TL2_CQ3_CAP1_COP2,H,REPO,PD,0.0,407,2026,1.6,90.3,1
26,26.0,RE2,CF3,TL2,CQ3,CAP1,COP2,RE2_CF3_TL2_CQ3_CAP1_COP2,H,REPO,PD,0.0,408,2027,1.7,100.27,1
26,26.0,RE2,CF3,TL2,CQ3,CAP1,COP2,RE2_CF3_TL2_CQ3_CAP1_COP2,H,REPO,PD,0.0,409,2028,1.8,110.24,1
26,26.0,RE2,CF3,TL2,CQ3,CAP1,COP2,RE2_CF3_TL2_CQ3_CAP1_COP2,H,REPO,PD,0.0,410,2029,1.9,120.21,1
26,26.0,RE2,CF3,TL2,CQ3,CAP1,COP2,RE2_CF3_TL2_CQ3_CAP1_COP2,H,REPO,PD,0.0,411,2030,2.0,130.18,1
26,26.0,RE2,CF3,TL2,CQ3,CAP1,COP2,RE2_CF3_TL2_CQ3_CAP1_COP2,H,REPO,PD,0.0,412,2031,2.1,137.9,1
26,26.0,RE2,CF3,TL2,CQ3,CAP1,COP2,RE2_CF3_TL2_CQ3_CAP1_COP2,H,REPO,PD,0.0,413,2032,2.2,147.31,1
26,26.0,RE2,CF3,TL2,CQ3,CAP1,COP2,RE2_CF3_TL2_CQ3_CAP1_COP2,H,REPO,PD,0.0,414,2033,2.3,156.72,1
26,26.0,RE2,CF3,TL2,CQ3,CAP1,COP2,RE2_CF3_TL2_CQ3_CAP1_COP2,H,REPO,PD,0.0,415,2034,2.4,166.13,1
26,26.0,RE2,CF3,TL2,CQ3,CAP1,COP2,RE2_CF3_TL2_CQ3_CAP1_COP2,H,REPO,PD,0.0,416,2035,2.5,175.53,1
27,27.0,RE2,CF3,TL1,CQ4,CAP2,COP1,RE2_CF3_TL1_CQ4_CAP2_COP1,H,REPO_plus,BAU,0.0,417,2020,1.0,42.85,1
27,27.0,RE2,CF3,TL1,CQ4,CAP2,COP1,RE2_CF3_TL1_CQ4_CAP2_COP1,H,REPO_plus,BAU,0.0,418,2021,1.03,42.85,1
27,27.0,RE2,CF3,TL1,CQ4,CAP2,COP1,RE2_CF3_TL1_CQ4_CAP2_COP1,H,REPO_plus,BAU,0.0,419,2022,1.06,45.61,1
27,27.0,RE2,CF3,TL1,CQ4,CAP2,COP1,RE2_CF3_TL1_CQ4_CAP2_COP1,H,REPO_plus,BAU,0.0,420,2023,1.09,127.71,1
27,27.0,RE2,CF3,TL1,CQ4,CAP2,COP1,RE2_CF3_TL1_CQ4_CAP2_COP1,H,REPO_plus,BAU,0.0,421,2024,1.12,209.81,1
27,27.0,RE2,CF3,TL1,CQ4,CAP2,COP1,RE2_CF3_TL1_CQ4_CAP2_COP1,H,REPO_plus,BAU,0.0,422,2025,1.15,291.9,1
27,27.0,RE2,CF3,TL1,CQ4,CAP2,COP1,RE2_CF3_TL1_CQ4_CAP2_COP1,H,REPO_plus,BAU,0.0,423,2026,1.18,374.0,1
27,27.0,RE2,CF3,TL1,CQ4,CAP2,COP1,RE2_CF3_TL1_CQ4_CAP2_COP1,H,REPO_plus,BAU,0.0,424,2027,1.21,456.1,1
27,27.0,RE2,CF3,TL1,CQ4,CAP2,COP1,RE2_CF3_TL1_CQ4_CAP2_COP1,H,REPO_plus,BAU,0.0,425,2028,1.24,456.1,1
27,27.0,RE2,CF3,TL1,CQ4,CAP2,COP1,RE2_CF3_TL1_CQ4_CAP2_COP1,H,REPO_plus,BAU,0.0,426,2029,1.27,456.1,1
27,27.0,RE2,CF3,TL1,CQ4,CAP2,COP1,RE2_CF3_TL1_CQ4_CAP2_COP1,H,REPO_plus,BAU,0.0,427,2030,1.3,456.1,1
27,27.0,RE2,CF3,TL1,CQ4,CAP2,COP1,RE2_CF3_TL1_CQ4_CAP2_COP1,H,REPO_plus,BAU,0.0,428,2031,1.36,456.1,1
27,27.0,RE2,CF3,TL1,CQ4,CAP2,COP1,RE2_CF3_TL1_CQ4_CAP2_COP1,H,REPO_plus,BAU,0.0,429,2032,1.42,456.1,1
27,27.0,RE2,CF3,TL1,CQ4,CAP2,COP1,RE2_CF3_TL1_CQ4_CAP2_COP1,H,REPO_plus,BAU,0.0,430,2033,1.48,456.1,1
27,27.0,RE2,CF3,TL1,CQ4,CAP2,COP1,RE2_CF3_TL1_CQ4_CAP2_COP1,H,REPO_plus,BAU,0.0,431,2034,1.54,456.1,1
27,27.0,RE2,CF3,TL1,CQ4,CAP2,COP1,RE2_CF3_TL1_CQ4_CAP2_COP1,H,REPO_plus,BAU,0.0,432,2035,1.6,456.1,1
28,28.0,RE1,CF2,TL2,CQ2,CAP1,COP2,RE1_CF2_TL2_CQ2_CAP1_COP2,BAU,基准不变,PD,0.3,433,2020,1.0,42.85,1
28,28.0,RE1,CF2,TL2,CQ2,CAP1,COP2,RE1_CF2_TL2_CQ2_CAP1_COP2,BAU,基准不变,PD,0.3,434,2021,1.1,42.85,1
28,28.0,RE1,CF2,TL2,CQ2,CAP1,COP2,RE1_CF2_TL2_CQ2_CAP1_COP2,BAU,基准不变,PD,0.3,435,2022,1.2,45.61,1
28,28.0,RE1,CF2,TL2,CQ2,CAP1,COP2,RE1_CF2_TL2_CQ2_CAP1_COP2,BAU,基准不变,PD,0.3,436,2023,1.3,62.79,1
28,28.0,RE1,CF2,TL2,CQ2,CAP1,COP2,RE1_CF2_TL2_CQ2_CAP1_COP2,BAU,基准不变,PD,0.3,437,2024,1.4,70.36,1
28,28.0,RE1,CF2,TL2,CQ2,CAP1,COP2,RE1_CF2_TL2_CQ2_CAP1_COP2,BAU,基准不变,PD,0.3,438,2025,1.5,80.33,1
28,28.0,RE1,CF2,TL2,CQ2,CAP1,COP2,RE1_CF2_TL2_CQ2_CAP1_COP2,BAU,基准不变,PD,0.3,439,2026,1.6,90.3,1
28,28.0,RE1,CF2,TL2,CQ2,CAP1,COP2,RE1_CF2_TL2_CQ2_CAP1_COP2,BAU,基准不变,PD,0.3,440,2027,1.7,100.27,1
28,28.0,RE1,CF2,TL2,CQ2,CAP1,COP2,RE1_CF2_TL2_CQ2_CAP1_COP2,BAU,基准不变,PD,0.3,441,2028,1.8,110.24,1
28,28.0,RE1,CF2,TL2,CQ2,CAP1,COP2,RE1_CF2_TL2_CQ2_CAP1_COP2,BAU,基准不变,PD,0.3,442,2029,1.9,120.21,1
28,28.0,RE1,CF2,TL2,CQ2,CAP1,COP2,RE1_CF2_TL2_CQ2_CAP1_COP2,BAU,基准不变,PD,0.3,443,2030,2.0,130.18,1
28,28.0,RE1,CF2,TL2,CQ2,CAP1,COP2,RE1_CF2_TL2_CQ2_CAP1_COP2,BAU,基准不变,PD,0.3,444,2031,2.1,137.9,1
28,28.0,RE1,CF2,TL2,CQ2,CAP1,COP2,RE1_CF2_TL2_CQ2_CAP1_COP2,BAU,基准不变,PD,0.3,445,2032,2.2,147.31,1
28,28.0,RE1,CF2,TL2,CQ2,CAP1,COP2,RE1_CF2_TL2_CQ2_CAP1_COP2,BAU,基准不变,PD,0.3,446,2033,2.3,156.72,1
28,28.0,RE1,CF2,TL2,CQ2,CAP1,COP2,RE1_CF2_TL2_CQ2_CAP1_COP2,BAU,基准不变,PD,0.3,447,2034,2.4,166.13,1
28,28.0,RE1,CF2,TL2,CQ2,CAP1,COP2,RE1_CF2_TL2_CQ2_CAP1_COP2,BAU,基准不变,PD,0.3,448,2035,2.5,175.53,1
29,29.0,RE2,CF3,TL1,CQ1,CAP2,COP2,RE2_CF3_TL1_CQ1_CAP2_COP2,H,无配额,PD,0.0,449,2020,1.0,0.0,0
29,29.0,RE2,CF3,TL1,CQ1,CAP2,COP2,RE2_CF3_TL1_CQ1_CAP2_COP2,H,无配额,PD,0.0,450,2021,1.03,0.0,0
29,29.0,RE2,CF3,TL1,CQ1,CAP2,COP2,RE2_CF3_TL1_CQ1_CAP2_COP2,H,无配额,PD,0.0,451,2022,1.06,0.0,0
29,29.0,RE2,CF3,TL1,CQ1,CAP2,COP2,RE2_CF3_TL1_CQ1_CAP2_COP2,H,无配额,PD,0.0,452,2023,1.09,0.0,0
29,29.0,RE2,CF3,TL1,CQ1,CAP2,COP2,RE2_CF3_TL1_CQ1_CAP2_COP2,H,无配额,PD,0.0,453,2024,1.12,0.0,0
29,29.0,RE2,CF3,TL1,CQ1,CAP2,COP2,RE2_CF3_TL1_CQ1_CAP2_COP2,H,无配额,PD,0.0,454,2025,1.15,0.0,0
29,29.0,RE2,CF3,TL1,CQ1,CAP2,COP2,RE2_CF3_TL1_CQ1_CAP2_COP2,H,无配额,PD,0.0,455,2026,1.18,0.0,0
29,29.0,RE2,CF3,TL1,CQ1,CAP2,COP2,RE2_CF3_TL1_CQ1_CAP2_COP2,H,无配额,PD,0.0,456,2027,1.21,0.0,0
29,29.0,RE2,CF3,TL1,CQ1,CAP2,COP2,RE2_CF3_TL1_CQ1_CAP2_COP2,H,无配额,PD,0.0,457,2028,1.24,0.0,0
29,29.0,RE2,CF3,TL1,CQ1,CAP2,COP2,RE2_CF3_TL1_CQ1_CAP2_COP2,H,无配额,PD,0.0,458,2029,1.27,0.0,0
29,29.0,RE2,CF3,TL1,CQ1,CAP2,COP2,RE2_CF3_TL1_CQ1_CAP2_COP2,H,无配额,PD,0.0,459,2030,1.3,0.0,0
29,29.0,RE2,CF3,TL1,CQ1,CAP2,COP2,RE2_CF3_TL1_CQ1_CAP2_COP2,H,无配额,PD,0.0,460,2031,1.36,0.0,0
29,29.0,RE2,CF3,TL1,CQ1,CAP2,COP2,RE2_CF3_TL1_CQ1_CAP2_COP2,H,无配额,PD,0.0,461,2032,1.42,0.0,0
29,29.0,RE2,CF3,TL1,CQ1,CAP2,COP2,RE2_CF3_TL1_CQ1_CAP2_COP2,H,无配额,PD,0.0,462,2033,1.48,0.0,0
29,29.0,RE2,CF3,TL1,CQ1,CAP2,COP2,RE2_CF3_TL1_CQ1_CAP2_COP2,H,无配额,PD,0.0,463,2034,1.54,0.0,0
29,29.0,RE2,CF3,TL1,CQ1,CAP2,COP2,RE2_CF3_TL1_CQ1_CAP2_COP2,H,无配额,PD,0.0,464,2035,1.6,0.0,0
30,30.0,RE1,CF2,TL1,CQ5,CAP2,COP2,RE1_CF2_TL1_CQ5_CAP2_COP2,BAU,全行业配额,PD,0.3,465,2020,1.0,42.85,1
30,30.0,RE1,CF2,TL1,CQ5,CAP2,COP2,RE1_CF2_TL1_CQ5_CAP2_COP2,BAU,全行业配额,PD,0.3,466,2021,1.03,42.85,1
30,30.0,RE1,CF2,TL1,CQ5,CAP2,COP2,RE1_CF2_TL1_CQ5_CAP2_COP2,BAU,全行业配额,PD,0.3,467,2022,1.06,45.61,1
30,30.0,RE1,CF2,TL1,CQ5,CAP2,COP2,RE1_CF2_TL1_CQ5_CAP2_COP2,BAU,全行业配额,PD,0.3,468,2023,1.09,127.71,1
30,30.0,RE1,CF2,TL1,CQ5,CAP2,COP2,RE1_CF2_TL1_CQ5_CAP2_COP2,BAU,全行业配额,PD,0.3,469,2024,1.12,209.81,1
30,30.0,RE1,CF2,TL1,CQ5,CAP2,COP2,RE1_CF2_TL1_CQ5_CAP2_COP2,BAU,全行业配额,PD,0.3,470,2025,1.15,291.9,1
30,30.0,RE1,CF2,TL1,CQ5,CAP2,COP2,RE1_CF2_TL1_CQ5_CAP2_COP2,BAU,全行业配额,PD,0.3,471,2026,1.18,374.0,1
30,30.0,RE1,CF2,TL1,CQ5,CAP2,COP2,RE1_CF2_TL1_CQ5_CAP2_COP2,BAU,全行业配额,PD,0.3,472,2027,1.21,456.1,1
30,30.0,RE1,CF2,TL1,CQ5,CAP2,COP2,RE1_CF2_TL1_CQ5_CAP2_COP2,BAU,全行业配额,PD,0.3,473,2028,1.24,456.1,1
30,30.0,RE1,CF2,TL1,CQ5,CAP2,COP2,RE1_CF2_TL1_CQ5_CAP2_COP2,BAU,全行业配额,PD,0.3,474,2029,1.27,456.1,1
30,30.0,RE1,CF2,TL1,CQ5,CAP2,COP2,RE1_CF2_TL1_CQ5_CAP2_COP2,BAU,全行业配额,PD,0.3,475,2030,1.3,456.1,1
30,30.0,RE1,CF2,TL1,CQ5,CAP2,COP2,RE1_CF2_TL1_CQ5_CAP2_COP2,BAU,全行业配额,PD,0.3,476,2031,1.36,456.1,1
30,30.0,RE1,CF2,TL1,CQ5,CAP2,COP2,RE1_CF2_TL1_CQ5_CAP2_COP2,BAU,全行业配额,PD,0.3,477,2032,1.42,456.1,1
30,30.0,RE1,CF2,TL1,CQ5,CAP2,COP2,RE1_CF2_TL1_CQ5_CAP2_COP2,BAU,全行业配额,PD,0.3,478,2033,1.48,456.1,1
30,30.0,RE1,CF2,TL1,CQ5,CAP2,COP2,RE1_CF2_TL1_CQ5_CAP2_COP2,BAU,全行业配额,PD,0.3,479,2034,1.54,456.1,1
30,30.0,RE1,CF2,TL1,CQ5,CAP2,COP2,RE1_CF2_TL1_CQ5_CAP2_COP2,BAU,全行业配额,PD,0.3,480,2035,1.6,456.1,1
31,31.0,RE2,CF3,TL2,CQ4,CAP1,COP1,RE2_CF3_TL2_CQ4_CAP1_COP1,H,REPO_plus,BAU,0.0,481,2020,1.0,42.85,1
31,31.0,RE2,CF3,TL2,CQ4,CAP1,COP1,RE2_CF3_TL2_CQ4_CAP1_COP1,H,REPO_plus,BAU,0.0,482,2021,1.1,42.85,1
31,31.0,RE2,CF3,TL2,CQ4,CAP1,COP1,RE2_CF3_TL2_CQ4_CAP1_COP1,H,REPO_plus,BAU,0.0,483,2022,1.2,45.61,1
31,31.0,RE2,CF3,TL2,CQ4,CAP1,COP1,RE2_CF3_TL2_CQ4_CAP1_COP1,H,REPO_plus,BAU,0.0,484,2023,1.3,62.79,1
31,31.0,RE2,CF3,TL2,CQ4,CAP1,COP1,RE2_CF3_TL2_CQ4_CAP1_COP1,H,REPO_plus,BAU,0.0,485,2024,1.4,70.36,1
31,31.0,RE2,CF3,TL2,CQ4,CAP1,COP1,RE2_CF3_TL2_CQ4_CAP1_COP1,H,REPO_plus,BAU,0.0,486,2025,1.5,80.33,1
31,31.0,RE2,CF3,TL2,CQ4,CAP1,COP1,RE2_CF3_TL2_CQ4_CAP1_COP1,H,REPO_plus,BAU,0.0,487,2026,1.6,90.3,1
31,31.0,RE2,CF3,TL2,CQ4,CAP1,COP1,RE2_CF3_TL2_CQ4_CAP1_COP1,H,REPO_plus,BAU,0.0,488,2027,1.7,100.27,1
31,31.0,RE2,CF3,TL2,CQ4,CAP1,COP1,RE2_CF3_TL2_CQ4_CAP1_COP1,H,REPO_plus,BAU,0.0,489,2028,1.8,110.24,1
31,31.0,RE2,CF3,TL2,CQ4,CAP1,COP1,RE2_CF3_TL2_CQ4_CAP1_COP1,H,REPO_plus,BAU,0.0,490,2029,1.9,120.21,1
31,31.0,RE2,CF3,TL2,CQ4,CAP1,COP1,RE2_CF3_TL2_CQ4_CAP1_COP1,H,REPO_plus,BAU,0.0,491,2030,2.0,130.18,1
31,31.0,RE2,CF3,TL2,CQ4,CAP1,COP1,RE2_CF3_TL2_CQ4_CAP1_COP1,H,REPO_plus,BAU,0.0,492,2031,2.1,137.9,1
31,31.0,RE2,CF3,TL2,CQ4,CAP1,COP1,RE2_CF3_TL2_CQ4_CAP1_COP1,H,REPO_plus,BAU,0.0,493,2032,2.2,147.31,1
31,31.0,RE2,CF3,TL2,CQ4,CAP1,COP1,RE2_CF3_TL2_CQ4_CAP1_COP1,H,REPO_plus,BAU,0.0,494,2033,2.3,156.72,1
31,31.0,RE2,CF3,TL2,CQ4,CAP1,COP1,RE2_CF3_TL2_CQ4_CAP1_COP1,H,REPO_plus,BAU,0.0,495,2034,2.4,166.13,1
31,31.0,RE2,CF3,TL2,CQ4,CAP1,COP1,RE2_CF3_TL2_CQ4_CAP1_COP1,H,REPO_plus,BAU,0.0,496,2035,2.5,175.53,1
32,32.0,RE1,CF1,TL2,CQ5,CAP2,COP1,RE1_CF1_TL2_CQ5_CAP2_COP1,BAU,全行业配额,BAU,0.4,497,2020,1.0,42.85,1
32,32.0,RE1,CF1,TL2,CQ5,CAP2,COP1,RE1_CF1_TL2_CQ5_CAP2_COP1,BAU,全行业配额,BAU,0.4,498,2021,1.1,42.85,1
32,32.0,RE1,CF1,TL2,CQ5,CAP2,COP1,RE1_CF1_TL2_CQ5_CAP2_COP1,BAU,全行业配额,BAU,0.4,499,2022,1.2,45.61,1
32,32.0,RE1,CF1,TL2,CQ5,CAP2,COP1,RE1_CF1_TL2_CQ5_CAP2_COP1,BAU,全行业配额,BAU,0.4,500,2023,1.3,127.71,1
32,32.0,RE1,CF1,TL2,CQ5,CAP2,COP1,RE1_CF1_TL2_CQ5_CAP2_COP1,BAU,全行业配额,BAU,0.4,501,2024,1.4,209.81,1
32,32.0,RE1,CF1,TL2,CQ5,CAP2,COP1,RE1_CF1_TL2_CQ5_CAP2_COP1,BAU,全行业配额,BAU,0.4,502,2025,1.5,291.9,1
32,32.0,RE1,CF1,TL2,CQ5,CAP2,COP1,RE1_CF1_TL2_CQ5_CAP2_COP1,BAU,全行业配额,BAU,0.4,503,2026,1.6,374.0,1
32,32.0,RE1,CF1,TL2,CQ5,CAP2,COP1,RE1_CF1_TL2_CQ5_CAP2_COP1,BAU,全行业配额,BAU,0.4,504,2027,1.7,456.1,1
32,32.0,RE1,CF1,TL2,CQ5,CAP2,COP1,RE1_CF1_TL2_CQ5_CAP2_COP1,BAU,全行业配额,BAU,0.4,505,2028,1.8,456.1,1
32,32.0,RE1,CF1,TL2,CQ5,CAP2,COP1,RE1_CF1_TL2_CQ5_CAP2_COP1,BAU,全行业配额,BAU,0.4,506,2029,1.9,456.1,1
32,32.0,RE1,CF1,TL2,CQ5,CAP2,COP1,RE1_CF1_TL2_CQ5_CAP2_COP1,BAU,全行业配额,BAU,0.4,507,2030,2.0,456.1,1
32,32.0,RE1,CF1,TL2,CQ5,CAP2,COP1,RE1_CF1_TL2_CQ5_CAP2_COP1,BAU,全行业配额,BAU,0.4,508,2031,2.1,456.1,1
32,32.0,RE1,CF1,TL2,CQ5,CAP2,COP1,RE1_CF1_TL2_CQ5_CAP2_COP1,BAU,全行业配额,BAU,0.4,509,2032,2.2,456.1,1
32,32.0,RE1,CF1,TL2,CQ5,CAP2,COP1,RE1_CF1_TL2_CQ5_CAP2_COP1,BAU,全行业配额,BAU,0.4,510,2033,2.3,456.1,1
32,32.0,RE1,CF1,TL2,CQ5,CAP2,COP1,RE1_CF1_TL2_CQ5_CAP2_COP1,BAU,全行业配额,BAU,0.4,511,2034,2.4,456.1,1
32,32.0,RE1,CF1,TL2,CQ5,CAP2,COP1,RE1_CF1_TL2_CQ5_CAP2_COP1,BAU,全行业配额,BAU,0.4,512,2035,2.5,456.1,1
33,33.0,RE1,CF2,TL1,CQ5,CAP1,COP1,RE1_CF2_TL1_CQ5_CAP1_COP1,BAU,全行业配额,BAU,0.3,513,2020,1.0,42.85,1
33,33.0,RE1,CF2,TL1,CQ5,CAP1,COP1,RE1_CF2_TL1_CQ5_CAP1_COP1,BAU,全行业配额,BAU,0.3,514,2021,1.03,42.85,1
33,33.0,RE1,CF2,TL1,CQ5,CAP1,COP1,RE1_CF2_TL1_CQ5_CAP1_COP1,BAU,全行业配额,BAU,0.3,515,2022,1.06,45.61,1
33,33.0,RE1,CF2,TL1,CQ5,CAP1,COP1,RE1_CF2_TL1_CQ5_CAP1_COP1,BAU,全行业配额,BAU,0.3,516,2023,1.09,62.79,1
33,33.0,RE1,CF2,TL1,CQ5,CAP1,COP1,RE1_CF2_TL1_CQ5_CAP1_COP1,BAU,全行业配额,BAU,0.3,517,2024,1.12,70.36,1
33,33.0,RE1,CF2,TL1,CQ5,CAP1,COP1,RE1_CF2_TL1_CQ5_CAP1_COP1,BAU,全行业配额,BAU,0.3,518,2025,1.15,80.33,1
33,33.0,RE1,CF2,TL1,CQ5,CAP1,COP1,RE1_CF2_TL1_CQ5_CAP1_COP1,BAU,全行业配额,BAU,0.3,519,2026,1.18,90.3,1
33,33.0,RE1,CF2,TL1,CQ5,CAP1,COP1,RE1_CF2_TL1_CQ5_CAP1_COP1,BAU,全行业配额,BAU,0.3,520,2027,1.21,100.27,1
33,33.0,RE1,CF2,TL1,CQ5,CAP1,COP1,RE1_CF2_TL1_CQ5_CAP1_COP1,BAU,全行业配额,BAU,0.3,521,2028,1.24,110.24,1
33,33.0,RE1,CF2,TL1,CQ5,CAP1,COP1,RE1_CF2_TL1_CQ5_CAP1_COP1,BAU,全行业配额,BAU,0.3,522,2029,1.27,120.21,1
33,33.0,RE1,CF2,TL1,CQ5,CAP1,COP1,RE1_CF2_TL1_CQ5_CAP1_COP1,BAU,全行业配额,BAU,0.3,523,2030,1.3,130.18,1
33,33.0,RE1,CF2,TL1,CQ5,CAP1,COP1,RE1_CF2_TL1_CQ5_CAP1_COP1,BAU,全行业配额,BAU,0.3,524,2031,1.36,137.9,1
33,33.0,RE1,CF2,TL1,CQ5,CAP1,COP1,RE1_CF2_TL1_CQ5_CAP1_COP1,BAU,全行业配额,BAU,0.3,525,2032,1.42,147.31,1
33,33.0,RE1,CF2,TL1,CQ5,CAP1,COP1,RE1_CF2_TL1_CQ5_CAP1_COP1,BAU,全行业配额,BAU,0.3,526,2033,1.48,156.72,1
33,33.0,RE1,CF2,TL1,CQ5,CAP1,COP1,RE1_CF2_TL1_CQ5_CAP1_COP1,BAU,全行业配额,BAU,0.3,527,2034,1.54,166.13,1
33,33.0,RE1,CF2,TL1,CQ5,CAP1,COP1,RE1_CF2_TL1_CQ5_CAP1_COP1,BAU,全行业配额,BAU,0.3,528,2035,1.6,175.53,1
34,34.0,RE1,CF1,TL1,CQ4,CAP1,COP1,RE1_CF1_TL1_CQ4_CAP1_COP1,BAU,REPO_plus,BAU,0.4,529,2020,1.0,42.85,1
34,34.0,RE1,CF1,TL1,CQ4,CAP1,COP1,RE1_CF1_TL1_CQ4_CAP1_COP1,BAU,REPO_plus,BAU,0.4,530,2021,1.03,42.85,1
34,34.0,RE1,CF1,TL1,CQ4,CAP1,COP1,RE1_CF1_TL1_CQ4_CAP1_COP1,BAU,REPO_plus,BAU,0.4,531,2022,1.06,45.61,1
34,34.0,RE1,CF1,TL1,CQ4,CAP1,COP1,RE1_CF1_TL1_CQ4_CAP1_COP1,BAU,REPO_plus,BAU,0.4,532,2023,1.09,62.79,1
34,34.0,RE1,CF1,TL1,CQ4,CAP1,COP1,RE1_CF1_TL1_CQ4_CAP1_COP1,BAU,REPO_plus,BAU,0.4,533,2024,1.12,70.36,1
34,34.0,RE1,CF1,TL1,CQ4,CAP1,COP1,RE1_CF1_TL1_CQ4_CAP1_COP1,BAU,REPO_plus,BAU,0.4,534,2025,1.15,80.33,1
34,34.0,RE1,CF1,TL1,CQ4,CAP1,COP1,RE1_CF1_TL1_CQ4_CAP1_COP1,BAU,REPO_plus,BAU,0.4,535,2026,1.18,90.3,1
34,34.0,RE1,CF1,TL1,CQ4,CAP1,COP1,RE1_CF1_TL1_CQ4_CAP1_COP1,BAU,REPO_plus,BAU,0.4,536,2027,1.21,100.27,1
34,34.0,RE1,CF1,TL1,CQ4,CAP1,COP1,RE1_CF1_TL1_CQ4_CAP1_COP1,BAU,REPO_plus,BAU,0.4,537,2028,1.24,110.24,1
34,34.0,RE1,CF1,TL1,CQ4,CAP1,COP1,RE1_CF1_TL1_CQ4_CAP1_COP1,BAU,REPO_plus,BAU,0.4,538,2029,1.27,120.21,1
34,34.0,RE1,CF1,TL1,CQ4,CAP1,COP1,RE1_CF1_TL1_CQ4_CAP1_COP1,BAU,REPO_plus,BAU,0.4,539,2030,1.3,130.18,1
34,34.0,RE1,CF1,TL1,CQ4,CAP1,COP1,RE1_CF1_TL1_CQ4_CAP1_COP1,BAU,REPO_plus,BAU,0.4,540,2031,1.36,137.9,1
34,34.0,RE1,CF1,TL1,CQ4,CAP1,COP1,RE1_CF1_TL1_CQ4_CAP1_COP1,BAU,REPO_plus,BAU,0.4,541,2032,1.42,147.31,1
34,34.0,RE1,CF1,TL1,CQ4,CAP1,COP1,RE1_CF1_TL1_CQ4_CAP1_COP1,BAU,REPO_plus,BAU,0.4,542,2033,1.48,156.72,1
34,34.0,RE1,CF1,TL1,CQ4,CAP1,COP1,RE1_CF1_TL1_CQ4_CAP1_COP1,BAU,REPO_plus,BAU,0.4,543,2034,1.54,166.13,1
34,34.0,RE1,CF1,TL1,CQ4,CAP1,COP1,RE1_CF1_TL1_CQ4_CAP1_COP1,BAU,REPO_plus,BAU,0.4,544,2035,1.6,175.53,1
35,35.0,RE1,CF2,TL2,CQ3,CAP1,COP2,RE1_CF2_TL2_CQ3_CAP1_COP2,BAU,REPO,PD,0.3,545,2020,1.0,42.85,1
35,35.0,RE1,CF2,TL2,CQ3,CAP1,COP2,RE1_CF2_TL2_CQ3_CAP1_COP2,BAU,REPO,PD,0.3,546,2021,1.1,42.85,1
35,35.0,RE1,CF2,TL2,CQ3,CAP1,COP2,RE1_CF2_TL2_CQ3_CAP1_COP2,BAU,REPO,PD,0.3,547,2022,1.2,45.61,1
35,35.0,RE1,CF2,TL2,CQ3,CAP1,COP2,RE1_CF2_TL2_CQ3_CAP1_COP2,BAU,REPO,PD,0.3,548,2023,1.3,62.79,1
35,35.0,RE1,CF2,TL2,CQ3,CAP1,COP2,RE1_CF2_TL2_CQ3_CAP1_COP2,BAU,REPO,PD,0.3,549,2024,1.4,70.36,1
35,35.0,RE1,CF2,TL2,CQ3,CAP1,COP2,RE1_CF2_TL2_CQ3_CAP1_COP2,BAU,REPO,PD,0.3,550,2025,1.5,80.33,1
35,35.0,RE1,CF2,TL2,CQ3,CAP1,COP2,RE1_CF2_TL2_CQ3_CAP1_COP2,BAU,REPO,PD,0.3,551,2026,1.6,90.3,1
35,35.0,RE1,CF2,TL2,CQ3,CAP1,COP2,RE1_CF2_TL2_CQ3_CAP1_COP2,BAU,REPO,PD,0.3,552,2027,1.7,100.27,1
35,35.0,RE1,CF2,TL2,CQ3,CAP1,COP2,RE1_CF2_TL2_CQ3_CAP1_COP2,BAU,REPO,PD,0.3,553,2028,1.8,110.24,1
35,35.0,RE1,CF2,TL2,CQ3,CAP1,COP2,RE1_CF2_TL2_CQ3_CAP1_COP2,BAU,REPO,PD,0.3,554,2029,1.9,120.21,1
35,35.0,RE1,CF2,TL2,CQ3,CAP1,COP2,RE1_CF2_TL2_CQ3_CAP1_COP2,BAU,REPO,PD,0.3,555,2030,2.0,130.18,1
35,35.0,RE1,CF2,TL2,CQ3,CAP1,COP2,RE1_CF2_TL2_CQ3_CAP1_COP2,BAU,REPO,PD,0.3,556,2031,2.1,137.9,1
35,35.0,RE1,CF2,TL2,CQ3,CAP1,COP2,RE1_CF2_TL2_CQ3_CAP1_COP2,BAU,REPO,PD,0.3,557,2032,2.2,147.31,1
35,35.0,RE1,CF2,TL2,CQ3,CAP1,COP2,RE1_CF2_TL2_CQ3_CAP1_COP2,BAU,REPO,PD,0.3,558,2033,2.3,156.72,1
35,35.0,RE1,CF2,TL2,CQ3,CAP1,COP2,RE1_CF2_TL2_CQ3_CAP1_COP2,BAU,REPO,PD,0.3,559,2034,2.4,166.13,1
35,35.0,RE1,CF2,TL2,CQ3,CAP1,COP2,RE1_CF2_TL2_CQ3_CAP1_COP2,BAU,REPO,PD,0.3,560,2035,2.5,175.53,1
36,36.0,RE2,CF1,TL2,CQ4,CAP1,COP2,RE2_CF1_TL2_CQ4_CAP1_COP2,H,REPO_plus,PD,0.4,561,2020,1.0,42.85,1
36,36.0,RE2,CF1,TL2,CQ4,CAP1,COP2,RE2_CF1_TL2_CQ4_CAP1_COP2,H,REPO_plus,PD,0.4,562,2021,1.1,42.85,1
36,36.0,RE2,CF1,TL2,CQ4,CAP1,COP2,RE2_CF1_TL2_CQ4_CAP1_COP2,H,REPO_plus,PD,0.4,563,2022,1.2,45.61,1
36,36.0,RE2,CF1,TL2,CQ4,CAP1,COP2,RE2_CF1_TL2_CQ4_CAP1_COP2,H,REPO_plus,PD,0.4,564,2023,1.3,62.79,1
36,36.0,RE2,CF1,TL2,CQ4,CAP1,COP2,RE2_CF1_TL2_CQ4_CAP1_COP2,H,REPO_plus,PD,0.4,565,2024,1.4,70.36,1
36,36.0,RE2,CF1,TL2,CQ4,CAP1,COP2,RE2_CF1_TL2_CQ4_CAP1_COP2,H,REPO_plus,PD,0.4,566,2025,1.5,80.33,1
36,36.0,RE2,CF1,TL2,CQ4,CAP1,COP2,RE2_CF1_TL2_CQ4_CAP1_COP2,H,REPO_plus,PD,0.4,567,2026,1.6,90.3,1
36,36.0,RE2,CF1,TL2,CQ4,CAP1,COP2,RE2_CF1_TL2_CQ4_CAP1_COP2,H,REPO_plus,PD,0.4,568,2027,1.7,100.27,1
36,36.0,RE2,CF1,TL2,CQ4,CAP1,COP2,RE2_CF1_TL2_CQ4_CAP1_COP2,H,REPO_plus,PD,0.4,569,2028,1.8,110.24,1
36,36.0,RE2,CF1,TL2,CQ4,CAP1,COP2,RE2_CF1_TL2_CQ4_CAP1_COP2,H,REPO_plus,PD,0.4,570,2029,1.9,120.21,1
36,36.0,RE2,CF1,TL2,CQ4,CAP1,COP2,RE2_CF1_TL2_CQ4_CAP1_COP2,H,REPO_plus,PD,0.4,571,2030,2.0,130.18,1
36,36.0,RE2,CF1,TL2,CQ4,CAP1,COP2,RE2_CF1_TL2_CQ4_CAP1_COP2,H,REPO_plus,PD,0.4,572,2031,2.1,137.9,1
36,36.0,RE2,CF1,TL2,CQ4,CAP1,COP2,RE2_CF1_TL2_CQ4_CAP1_COP2,H,REPO_plus,PD,0.4,573,2032,2.2,147.31,1
36,36.0,RE2,CF1,TL2,CQ4,CAP1,COP2,RE2_CF1_TL2_CQ4_CAP1_COP2,H,REPO_plus,PD,0.4,574,2033,2.3,156.72,1
36,36.0,RE2,CF1,TL2,CQ4,CAP1,COP2,RE2_CF1_TL2_CQ4_CAP1_COP2,H,REPO_plus,PD,0.4,575,2034,2.4,166.13,1
36,36.0,RE2,CF1,TL2,CQ4,CAP1,COP2,RE2_CF1_TL2_CQ4_CAP1_COP2,H,REPO_plus,PD,0.4,576,2035,2.5,175.53,1
37,37.0,RE1,CF1,TL2,CQ3,CAP1,COP1,RE1_CF1_TL2_CQ3_CAP1_COP1,BAU,REPO,BAU,0.4,577,2020,1.0,42.85,1
37,37.0,RE1,CF1,TL2,CQ3,CAP1,COP1,RE1_CF1_TL2_CQ3_CAP1_COP1,BAU,REPO,BAU,0.4,578,2021,1.1,42.85,1
37,37.0,RE1,CF1,TL2,CQ3,CAP1,COP1,RE1_CF1_TL2_CQ3_CAP1_COP1,BAU,REPO,BAU,0.4,579,2022,1.2,45.61,1
37,37.0,RE1,CF1,TL2,CQ3,CAP1,COP1,RE1_CF1_TL2_CQ3_CAP1_COP1,BAU,REPO,BAU,0.4,580,2023,1.3,62.79,1
37,37.0,RE1,CF1,TL2,CQ3,CAP1,COP1,RE1_CF1_TL2_CQ3_CAP1_COP1,BAU,REPO,BAU,0.4,581,2024,1.4,70.36,1
37,37.0,RE1,CF1,TL2,CQ3,CAP1,COP1,RE1_CF1_TL2_CQ3_CAP1_COP1,BAU,REPO,BAU,0.4,582,2025,1.5,80.33,1
37,37.0,RE1,CF1,TL2,CQ3,CAP1,COP1,RE1_CF1_TL2_CQ3_CAP1_COP1,BAU,REPO,BAU,0.4,583,2026,1.6,90.3,1
37,37.0,RE1,CF1,TL2,CQ3,CAP1,COP1,RE1_CF1_TL2_CQ3_CAP1_COP1,BAU,REPO,BAU,0.4,584,2027,1.7,100.27,1
37,37.0,RE1,CF1,TL2,CQ3,CAP1,COP1,RE1_CF1_TL2_CQ3_CAP1_COP1,BAU,REPO,BAU,0.4,585,2028,1.8,110.24,1
37,37.0,RE1,CF1,TL2,CQ3,CAP1,COP1,RE1_CF1_TL2_CQ3_CAP1_COP1,BAU,REPO,BAU,0.4,586,2029,1.9,120.21,1
37,37.0,RE1,CF1,TL2,CQ3,CAP1,COP1,RE1_CF1_TL2_CQ3_CAP1_COP1,BAU,REPO,BAU,0.4,587,2030,2.0,130.18,1
37,37.0,RE1,CF1,TL2,CQ3,CAP1,COP1,RE1_CF1_TL2_CQ3_CAP1_COP1,BAU,REPO,BAU,0.4,588,2031,2.1,137.9,1
37,37.0,RE1,CF1,TL2,CQ3,CAP1,COP1,RE1_CF1_TL2_CQ3_CAP1_COP1,BAU,REPO,BAU,0.4,589,2032,2.2,147.31,1
37,37.0,RE1,CF1,TL2,CQ3,CAP1,COP1,RE1_CF1_TL2_CQ3_CAP1_COP1,BAU,REPO,BAU,0.4,590,2033,2.3,156.72,1
37,37.0,RE1,CF1,TL2,CQ3,CAP1,COP1,RE1_CF1_TL2_CQ3_CAP1_COP1,BAU,REPO,BAU,0.4,591,2034,2.4,166.13,1
37,37.0,RE1,CF1,TL2,CQ3,CAP1,COP1,RE1_CF1_TL2_CQ3_CAP1_COP1,BAU,REPO,BAU,0.4,592,2035,2.5,175.53,1
38,38.0,RE1,CF1,TL1,CQ1,CAP1,COP1,RE1_CF1_TL1_CQ1_CAP1_COP1,BAU,无配额,BAU,0.4,593,2020,1.0,0.0,0
38,38.0,RE1,CF1,TL1,CQ1,CAP1,COP1,RE1_CF1_TL1_CQ1_CAP1_COP1,BAU,无配额,BAU,0.4,594,2021,1.03,0.0,0
38,38.0,RE1,CF1,TL1,CQ1,CAP1,COP1,RE1_CF1_TL1_CQ1_CAP1_COP1,BAU,无配额,BAU,0.4,595,2022,1.06,0.0,0
38,38.0,RE1,CF1,TL1,CQ1,CAP1,COP1,RE1_CF1_TL1_CQ1_CAP1_COP1,BAU,无配额,BAU,0.4,596,2023,1.09,0.0,0
38,38.0,RE1,CF1,TL1,CQ1,CAP1,COP1,RE1_CF1_TL1_CQ1_CAP1_COP1,BAU,无配额,BAU,0.4,597,2024,1.12,0.0,0
38,38.0,RE1,CF1,TL1,CQ1,CAP1,COP1,RE1_CF1_TL1_CQ1_CAP1_COP1,BAU,无配额,BAU,0.4,598,2025,1.15,0.0,0
38,38.0,RE1,CF1,TL1,CQ1,CAP1,COP1,RE1_CF1_TL1_CQ1_CAP1_COP1,BAU,无配额,BAU,0.4,599,2026,1.18,0.0,0
38,38.0,RE1,CF1,TL1,CQ1,CAP1,COP1,RE1_CF1_TL1_CQ1_CAP1_COP1,BAU,无配额,BAU,0.4,600,2027,1.21,0.0,0
38,38.0,RE1,CF1,TL1,CQ1,CAP1,COP1,RE1_CF1_TL1_CQ1_CAP1_COP1,BAU,无配额,BAU,0.4,601,2028,1.24,0.0,0
38,38.0,RE1,CF1,TL1,CQ1,CAP1,COP1,RE1_CF1_TL1_CQ1_CAP1_COP1,BAU,无配额,BAU,0.4,602,2029,1.27,0.0,0
38,38.0,RE1,CF1,TL1,CQ1,CAP1,COP1,RE1_CF1_TL1_CQ1_CAP1_COP1,BAU,无配额,BAU,0.4,603,2030,1.3,0.0,0
38,38.0,RE1,CF1,TL1,CQ1,CAP1,COP1,RE1_CF1_TL1_CQ1_CAP1_COP1,BAU,无配额,BAU,0.4,604,2031,1.36,0.0,0
38,38.0,RE1,CF1,TL1,CQ1,CAP1,COP1,RE1_CF1_TL1_CQ1_CAP1_COP1,BAU,无配额,BAU,0.4,605,2032,1.42,0.0,0
38,38.0,RE1,CF1,TL1,CQ1,CAP1,COP1,RE1_CF1_TL1_CQ1_CAP1_COP1,BAU,无配额,BAU,0.4,606,2033,1.48,0.0,0
38,38.0,RE1,CF1,TL1,CQ1,CAP1,COP1,RE1_CF1_TL1_CQ1_CAP1_COP1,BAU,无配额,BAU,0.4,607,2034,1.54,0.0,0
38,38.0,RE1,CF1,TL1,CQ1,CAP1,COP1,RE1_CF1_TL1_CQ1_CAP1_COP1,BAU,无配额,BAU,0.4,608,2035,1.6,0.0,0
39,39.0,RE2,CF2,TL1,CQ4,CAP1,COP1,RE2_CF2_TL1_CQ4_CAP1_COP1,H,REPO_plus,BAU,0.3,609,2020,1.0,42.85,1
39,39.0,RE2,CF2,TL1,CQ4,CAP1,COP1,RE2_CF2_TL1_CQ4_CAP1_COP1,H,REPO_plus,BAU,0.3,610,2021,1.03,42.85,1
39,39.0,RE2,CF2,TL1,CQ4,CAP1,COP1,RE2_CF2_TL1_CQ4_CAP1_COP1,H,REPO_plus,BAU,0.3,611,2022,1.06,45.61,1
39,39.0,RE2,CF2,TL1,CQ4,CAP1,COP1,RE2_CF2_TL1_CQ4_CAP1_COP1,H,REPO_plus,BAU,0.3,612,2023,1.09,62.79,1
39,39.0,RE2,CF2,TL1,CQ4,CAP1,COP1,RE2_CF2_TL1_CQ4_CAP1_COP1,H,REPO_plus,BAU,0.3,613,2024,1.12,70.36,1
39,39.0,RE2,CF2,TL1,CQ4,CAP1,COP1,RE2_CF2_TL1_CQ4_CAP1_COP1,H,REPO_plus,BAU,0.3,614,2025,1.15,80.33,1
39,39.0,RE2,CF2,TL1,CQ4,CAP1,COP1,RE2_CF2_TL1_CQ4_CAP1_COP1,H,REPO_plus,BAU,0.3,615,2026,1.18,90.3,1
39,39.0,RE2,CF2,TL1,CQ4,CAP1,COP1,RE2_CF2_TL1_CQ4_CAP1_COP1,H,REPO_plus,BAU,0.3,616,2027,1.21,100.27,1
39,39.0,RE2,CF2,TL1,CQ4,CAP1,COP1,RE2_CF2_TL1_CQ4_CAP1_COP1,H,REPO_plus,BAU,0.3,617,2028,1.24,110.24,1
39,39.0,RE2,CF2,TL1,CQ4,CAP1,COP1,RE2_CF2_TL1_CQ4_CAP1_COP1,H,REPO_plus,BAU,0.3,618,2029,1.27,120.21,1
39,39.0,RE2,CF2,TL1,CQ4,CAP1,COP1,RE2_CF2_TL1_CQ4_CAP1_COP1,H,REPO_plus,BAU,0.3,619,2030,1.3,130.18,1
39,39.0,RE2,CF2,TL1,CQ4,CAP1,COP1,RE2_CF2_TL1_CQ4_CAP1_COP1,H,REPO_plus,BAU,0.3,620,2031,1.36,137.9,1
39,39.0,RE2,CF2,TL1,CQ4,CAP1,COP1,RE2_CF2_TL1_CQ4_CAP1_COP1,H,REPO_plus,BAU,0.3,621,2032,1.42,147.31,1
39,39.0,RE2,CF2,TL1,CQ4,CAP1,COP1,RE2_CF2_TL1_CQ4_CAP1_COP1,H,REPO_plus,BAU,0.3,622,2033,1.48,156.72,1
39,39.0,RE2,CF2,TL1,CQ4,CAP1,COP1,RE2_CF2_TL1_CQ4_CAP1_COP1,H,REPO_plus,BAU,0.3,623,2034,1.54,166.13,1
39,39.0,RE2,CF2,TL1,CQ4,CAP1,COP1,RE2_CF2_TL1_CQ4_CAP1_COP1,H,REPO_plus,BAU,0.3,624,2035,1.6,175.53,1
40,40.0,RE2,CF1,TL1,CQ6,CAP1,COP2,RE2_CF1_TL1_CQ6_CAP1_COP2,H,电力配额,PD,0.4,625,2020,1.0,42.85,1
40,40.0,RE2,CF1,TL1,CQ6,CAP1,COP2,RE2_CF1_TL1_CQ6_CAP1_COP2,H,电力配额,PD,0.4,626,2021,1.03,42.85,1
40,40.0,RE2,CF1,TL1,CQ6,CAP1,COP2,RE2_CF1_TL1_CQ6_CAP1_COP2,H,电力配额,PD,0.4,627,2022,1.06,45.61,1
40,40.0,RE2,CF1,TL1,CQ6,CAP1,COP2,RE2_CF1_TL1_CQ6_CAP1_COP2,H,电力配额,PD,0.4,628,2023,1.09,62.79,1
40,40.0,RE2,CF1,TL1,CQ6,CAP1,COP2,RE2_CF1_TL1_CQ6_CAP1_COP2,H,电力配额,PD,0.4,629,2024,1.12,70.36,1
40,40.0,RE2,CF1,TL1,CQ6,CAP1,COP2,RE2_CF1_TL1_CQ6_CAP1_COP2,H,电力配额,PD,0.4,630,2025,1.15,80.33,1
40,40.0,RE2,CF1,TL1,CQ6,CAP1,COP2,RE2_CF1_TL1_CQ6_CAP1_COP2,H,电力配额,PD,0.4,631,2026,1.18,90.3,1
40,40.0,RE2,CF1,TL1,CQ6,CAP1,COP2,RE2_CF1_TL1_CQ6_CAP1_COP2,H,电力配额,PD,0.4,632,2027,1.21,100.27,1
40,40.0,RE2,CF1,TL1,CQ6,CAP1,COP2,RE2_CF1_TL1_CQ6_CAP1_COP2,H,电力配额,PD,0.4,633,2028,1.24,110.24,1
40,40.0,RE2,CF1,TL1,CQ6,CAP1,COP2,RE2_CF1_TL1_CQ6_CAP1_COP2,H,电力配额,PD,0.4,634,2029,1.27,120.21,1
40,40.0,RE2,CF1,TL1,CQ6,CAP1,COP2,RE2_CF1_TL1_CQ6_CAP1_COP2,H,电力配额,PD,0.4,635,2030,1.3,130.18,1
40,40.0,RE2,CF1,TL1,CQ6,CAP1,COP2,RE2_CF1_TL1_CQ6_CAP1_COP2,H,电力配额,PD,0.4,636,2031,1.36,137.9,1
40,40.0,RE2,CF1,TL1,CQ6,CAP1,COP2,RE2_CF1_TL1_CQ6_CAP1_COP2,H,电力配额,PD,0.4,637,2032,1.42,147.31,1
40,40.0,RE2,CF1,TL1,CQ6,CAP1,COP2,RE2_CF1_TL1_CQ6_CAP1_COP2,H,电力配额,PD,0.4,638,2033,1.48,156.72,1
40,40.0,RE2,CF1,TL1,CQ6,CAP1,COP2,RE2_CF1_TL1_CQ6_CAP1_COP2,H,电力配额,PD,0.4,639,2034,1.54,166.13,1
40,40.0,RE2,CF1,TL1,CQ6,CAP1,COP2,RE2_CF1_TL1_CQ6_CAP1_COP2,H,电力配额,PD,0.4,640,2035,1.6,175.53,1
41,41.0,RE2,CF1,TL1,CQ4,CAP2,COP2,RE2_CF1_TL1_CQ4_CAP2_COP2,H,REPO_plus,PD,0.4,641,2020,1.0,42.85,1
41,41.0,RE2,CF1,TL1,CQ4,CAP2,COP2,RE2_CF1_TL1_CQ4_CAP2_COP2,H,REPO_plus,PD,0.4,642,2021,1.03,42.85,1
41,41.0,RE2,CF1,TL1,CQ4,CAP2,COP2,RE2_CF1_TL1_CQ4_CAP2_COP2,H,REPO_plus,PD,0.4,643,2022,1.06,45.61,1
41,41.0,RE2,CF1,TL1,CQ4,CAP2,COP2,RE2_CF1_TL1_CQ4_CAP2_COP2,H,REPO_plus,PD,0.4,644,2023,1.09,127.71,1
41,41.0,RE2,CF1,TL1,CQ4,CAP2,COP2,RE2_CF1_TL1_CQ4_CAP2_COP2,H,REPO_plus,PD,0.4,645,2024,1.12,209.81,1
41,41.0,RE2,CF1,TL1,CQ4,CAP2,COP2,RE2_CF1_TL1_CQ4_CAP2_COP2,H,REPO_plus,PD,0.4,646,2025,1.15,291.9,1
41,41.0,RE2,CF1,TL1,CQ4,CAP2,COP2,RE2_CF1_TL1_CQ4_CAP2_COP2,H,REPO_plus,PD,0.4,647,2026,1.18,374.0,1
41,41.0,RE2,CF1,TL1,CQ4,CAP2,COP2,RE2_CF1_TL1_CQ4_CAP2_COP2,H,REPO_plus,PD,0.4,648,2027,1.21,456.1,1
41,41.0,RE2,CF1,TL1,CQ4,CAP2,COP2,RE2_CF1_TL1_CQ4_CAP2_COP2,H,REPO_plus,PD,0.4,649,2028,1.24,456.1,1
41,41.0,RE2,CF1,TL1,CQ4,CAP2,COP2,RE2_CF1_TL1_CQ4_CAP2_COP2,H,REPO_plus,PD,0.4,650,2029,1.27,456.1,1
41,41.0,RE2,CF1,TL1,CQ4,CAP2,COP2,RE2_CF1_TL1_CQ4_CAP2_COP2,H,REPO_plus,PD,0.4,651,2030,1.3,456.1,1
41,41.0,RE2,CF1,TL1,CQ4,CAP2,COP2,RE2_CF1_TL1_CQ4_CAP2_COP2,H,REPO_plus,PD,0.4,652,2031,1.36,456.1,1
41,41.0,RE2,CF1,TL1,CQ4,CAP2,COP2,RE2_CF1_TL1_CQ4_CAP2_COP2,H,REPO_plus,PD,0.4,653,2032,1.42,456.1,1
41,41.0,RE2,CF1,TL1,CQ4,CAP2,COP2,RE2_CF1_TL1_CQ4_CAP2_COP2,H,REPO_plus,PD,0.4,654,2033,1.48,456.1,1
41,41.0,RE2,CF1,TL1,CQ4,CAP2,COP2,RE2_CF1_TL1_CQ4_CAP2_COP2,H,REPO_plus,PD,0.4,655,2034,1.54,456.1,1
41,41.0,RE2,CF1,TL1,CQ4,CAP2,COP2,RE2_CF1_TL1_CQ4_CAP2_COP2,H,REPO_plus,PD,0.4,656,2035,1.6,456.1,1
42,42.0,RE2,CF2,TL1,CQ2,CAP2,COP2,RE2_CF2_TL1_CQ2_CAP2_COP2,H,基准不变,PD,0.3,657,2020,1.0,42.85,1
42,42.0,RE2,CF2,TL1,CQ2,CAP2,COP2,RE2_CF2_TL1_CQ2_CAP2_COP2,H,基准不变,PD,0.3,658,2021,1.03,42.85,1
42,42.0,RE2,CF2,TL1,CQ2,CAP2,COP2,RE2_CF2_TL1_CQ2_CAP2_COP2,H,基准不变,PD,0.3,659,2022,1.06,45.61,1
42,42.0,RE2,CF2,TL1,CQ2,CAP2,COP2,RE2_CF2_TL1_CQ2_CAP2_COP2,H,基准不变,PD,0.3,660,2023,1.09,127.71,1
42,42.0,RE2,CF2,TL1,CQ2,CAP2,COP2,RE2_CF2_TL1_CQ2_CAP2_COP2,H,基准不变,PD,0.3,661,2024,1.12,209.81,1
42,42.0,RE2,CF2,TL1,CQ2,CAP2,COP2,RE2_CF2_TL1_CQ2_CAP2_COP2,H,基准不变,PD,0.3,662,2025,1.15,291.9,1
42,42.0,RE2,CF2,TL1,CQ2,CAP2,COP2,RE2_CF2_TL1_CQ2_CAP2_COP2,H,基准不变,PD,0.3,663,2026,1.18,374.0,1
42,42.0,RE2,CF2,TL1,CQ2,CAP2,COP2,RE2_CF2_TL1_CQ2_CAP2_COP2,H,基准不变,PD,0.3,664,2027,1.21,456.1,1
42,42.0,RE2,CF2,TL1,CQ2,CAP2,COP2,RE2_CF2_TL1_CQ2_CAP2_COP2,H,基准不变,PD,0.3,665,2028,1.24,456.1,1
42,42.0,RE2,CF2,TL1,CQ2,CAP2,COP2,RE2_CF2_TL1_CQ2_CAP2_COP2,H,基准不变,PD,0.3,666,2029,1.27,456.1,1
42,42.0,RE2,CF2,TL1,CQ2,CAP2,COP2,RE2_CF2_TL1_CQ2_CAP2_COP2,H,基准不变,PD,0.3,667,2030,1.3,456.1,1
42,42.0,RE2,CF2,TL1,CQ2,CAP2,COP2,RE2_CF2_TL1_CQ2_CAP2_COP2,H,基准不变,PD,0.3,668,2031,1.36,456.1,1
42,42.0,RE2,CF2,TL1,CQ2,CAP2,COP2,RE2_CF2_TL1_CQ2_CAP2_COP2,H,基准不变,PD,0.3,669,2032,1.42,456.1,1
42,42.0,RE2,CF2,TL1,CQ2,CAP2,COP2,RE2_CF2_TL1_CQ2_CAP2_COP2,H,基准不变,PD,0.3,670,2033,1.48,456.1,1
42,42.0,RE2,CF2,TL1,CQ2,CAP2,COP2,RE2_CF2_TL1_CQ2_CAP2_COP2,H,基准不变,PD,0.3,671,2034,1.54,456.1,1
42,42.0,RE2,CF2,TL1,CQ2,CAP2,COP2,RE2_CF2_TL1_CQ2_CAP2_COP2,H,基准不变,PD,0.3,672,2035,1.6,456.1,1
43,43.0,RE2,CF1,TL1,CQ2,CAP2,COP1,RE2_CF1_TL1_CQ2_CAP2_COP1,H,基准不变,BAU,0.4,673,2020,1.0,42.85,1
43,43.0,RE2,CF1,TL1,CQ2,CAP2,COP1,RE2_CF1_TL1_CQ2_CAP2_COP1,H,基准不变,BAU,0.4,674,2021,1.03,42.85,1
43,43.0,RE2,CF1,TL1,CQ2,CAP2,COP1,RE2_CF1_TL1_CQ2_CAP2_COP1,H,基准不变,BAU,0.4,675,2022,1.06,45.61,1
43,43.0,RE2,CF1,TL1,CQ2,CAP2,COP1,RE2_CF1_TL1_CQ2_CAP2_COP1,H,基准不变,BAU,0.4,676,2023,1.09,127.71,1
43,43.0,RE2,CF1,TL1,CQ2,CAP2,COP1,RE2_CF1_TL1_CQ2_CAP2_COP1,H,基准不变,BAU,0.4,677,2024,1.12,209.81,1
43,43.0,RE2,CF1,TL1,CQ2,CAP2,COP1,RE2_CF1_TL1_CQ2_CAP2_COP1,H,基准不变,BAU,0.4,678,2025,1.15,291.9,1
43,43.0,RE2,CF1,TL1,CQ2,CAP2,COP1,RE2_CF1_TL1_CQ2_CAP2_COP1,H,基准不变,BAU,0.4,679,2026,1.18,374.0,1
43,43.0,RE2,CF1,TL1,CQ2,CAP2,COP1,RE2_CF1_TL1_CQ2_CAP2_COP1,H,基准不变,BAU,0.4,680,2027,1.21,456.1,1
43,43.0,RE2,CF1,TL1,CQ2,CAP2,COP1,RE2_CF1_TL1_CQ2_CAP2_COP1,H,基准不变,BAU,0.4,681,2028,1.24,456.1,1
43,43.0,RE2,CF1,TL1,CQ2,CAP2,COP1,RE2_CF1_TL1_CQ2_CAP2_COP1,H,基准不变,BAU,0.4,682,2029,1.27,456.1,1
43,43.0,RE2,CF1,TL1,CQ2,CAP2,COP1,RE2_CF1_TL1_CQ2_CAP2_COP1,H,基准不变,BAU,0.4,683,2030,1.3,456.1,1
43,43.0,RE2,CF1,TL1,CQ2,CAP2,COP1,RE2_CF1_TL1_CQ2_CAP2_COP1,H,基准不变,BAU,0.4,684,2031,1.36,456.1,1
43,43.0,RE2,CF1,TL1,CQ2,CAP2,COP1,RE2_CF1_TL1_CQ2_CAP2_COP1,H,基准不变,BAU,0.4,685,2032,1.42,456.1,1
43,43.0,RE2,CF1,TL1,CQ2,CAP2,COP1,RE2_CF1_TL1_CQ2_CAP2_COP1,H,基准不变,BAU,0.4,686,2033,1.48,456.1,1
43,43.0,RE2,CF1,TL1,CQ2,CAP2,COP1,RE2_CF1_TL1_CQ2_CAP2_COP1,H,基准不变,BAU,0.4,687,2034,1.54,456.1,1
43,43.0,RE2,CF1,TL1,CQ2,CAP2,COP1,RE2_CF1_TL1_CQ2_CAP2_COP1,H,基准不变,BAU,0.4,688,2035,1.6,456.1,1
44,44.0,RE1,CF1,TL1,CQ2,CAP1,COP2,RE1_CF1_TL1_CQ2_CAP1_COP2,BAU,基准不变,PD,0.4,689,2020,1.0,42.85,1
44,44.0,RE1,CF1,TL1,CQ2,CAP1,COP2,RE1_CF1_TL1_CQ2_CAP1_COP2,BAU,基准不变,PD,0.4,690,2021,1.03,42.85,1
44,44.0,RE1,CF1,TL1,CQ2,CAP1,COP2,RE1_CF1_TL1_CQ2_CAP1_COP2,BAU,基准不变,PD,0.4,691,2022,1.06,45.61,1
44,44.0,RE1,CF1,TL1,CQ2,CAP1,COP2,RE1_CF1_TL1_CQ2_CAP1_COP2,BAU,基准不变,PD,0.4,692,2023,1.09,62.79,1
44,44.0,RE1,CF1,TL1,CQ2,CAP1,COP2,RE1_CF1_TL1_CQ2_CAP1_COP2,BAU,基准不变,PD,0.4,693,2024,1.12,70.36,1
44,44.0,RE1,CF1,TL1,CQ2,CAP1,COP2,RE1_CF1_TL1_CQ2_CAP1_COP2,BAU,基准不变,PD,0.4,694,2025,1.15,80.33,1
44,44.0,RE1,CF1,TL1,CQ2,CAP1,COP2,RE1_CF1_TL1_CQ2_CAP1_COP2,BAU,基准不变,PD,0.4,695,2026,1.18,90.3,1
44,44.0,RE1,CF1,TL1,CQ2,CAP1,COP2,RE1_CF1_TL1_CQ2_CAP1_COP2,BAU,基准不变,PD,0.4,696,2027,1.21,100.27,1
44,44.0,RE1,CF1,TL1,CQ2,CAP1,COP2,RE1_CF1_TL1_CQ2_CAP1_COP2,BAU,基准不变,PD,0.4,697,2028,1.24,110.24,1
44,44.0,RE1,CF1,TL1,CQ2,CAP1,COP2,RE1_CF1_TL1_CQ2_CAP1_COP2,BAU,基准不变,PD,0.4,698,2029,1.27,120.21,1
44,44.0,RE1,CF1,TL1,CQ2,CAP1,COP2,RE1_CF1_TL1_CQ2_CAP1_COP2,BAU,基准不变,PD,0.4,699,2030,1.3,130.18,1
44,44.0,RE1,CF1,TL1,CQ2,CAP1,COP2,RE1_CF1_TL1_CQ2_CAP1_COP2,BAU,基准不变,PD,0.4,700,2031,1.36,137.9,1
44,44.0,RE1,CF1,TL1,CQ2,CAP1,COP2,RE1_CF1_TL1_CQ2_CAP1_COP2,BAU,基准不变,PD,0.4,701,2032,1.42,147.31,1
44,44.0,RE1,CF1,TL1,CQ2,CAP1,COP2,RE1_CF1_TL1_CQ2_CAP1_COP2,BAU,基准不变,PD,0.4,702,2033,1.48,156.72,1
44,44.0,RE1,CF1,TL1,CQ2,CAP1,COP2,RE1_CF1_TL1_CQ2_CAP1_COP2,BAU,基准不变,PD,0.4,703,2034,1.54,166.13,1
44,44.0,RE1,CF1,TL1,CQ2,CAP1,COP2,RE1_CF1_TL1_CQ2_CAP1_COP2,BAU,基准不变,PD,0.4,704,2035,1.6,175.53,1
45,45.0,RE2,CF2,TL1,CQ1,CAP2,COP1,RE2_CF2_TL1_CQ1_CAP2_COP1,H,无配额,BAU,0.3,705,2020,1.0,0.0,0
45,45.0,RE2,CF2,TL1,CQ1,CAP2,COP1,RE2_CF2_TL1_CQ1_CAP2_COP1,H,无配额,BAU,0.3,706,2021,1.03,0.0,0
45,45.0,RE2,CF2,TL1,CQ1,CAP2,COP1,RE2_CF2_TL1_CQ1_CAP2_COP1,H,无配额,BAU,0.3,707,2022,1.06,0.0,0
45,45.0,RE2,CF2,TL1,CQ1,CAP2,COP1,RE2_CF2_TL1_CQ1_CAP2_COP1,H,无配额,BAU,0.3,708,2023,1.09,0.0,0
45,45.0,RE2,CF2,TL1,CQ1,CAP2,COP1,RE2_CF2_TL1_CQ1_CAP2_COP1,H,无配额,BAU,0.3,709,2024,1.12,0.0,0
45,45.0,RE2,CF2,TL1,CQ1,CAP2,COP1,RE2_CF2_TL1_CQ1_CAP2_COP1,H,无配额,BAU,0.3,710,2025,1.15,0.0,0
45,45.0,RE2,CF2,TL1,CQ1,CAP2,COP1,RE2_CF2_TL1_CQ1_CAP2_COP1,H,无配额,BAU,0.3,711,2026,1.18,0.0,0
45,45.0,RE2,CF2,TL1,CQ1,CAP2,COP1,RE2_CF2_TL1_CQ1_CAP2_COP1,H,无配额,BAU,0.3,712,2027,1.21,0.0,0
45,45.0,RE2,CF2,TL1,CQ1,CAP2,COP1,RE2_CF2_TL1_CQ1_CAP2_COP1,H,无配额,BAU,0.3,713,2028,1.24,0.0,0
45,45.0,RE2,CF2,TL1,CQ1,CAP2,COP1,RE2_CF2_TL1_CQ1_CAP2_COP1,H,无配额,BAU,0.3,714,2029,1.27,0.0,0
45,45.0,RE2,CF2,TL1,CQ1,CAP2,COP1,RE2_CF2_TL1_CQ1_CAP2_COP1,H,无配额,BAU,0.3,715,2030,1.3,0.0,0
45,45.0,RE2,CF2,TL1,CQ1,CAP2,COP1,RE2_CF2_TL1_CQ1_CAP2_COP1,H,无配额,BAU,0.3,716,2031,1.36,0.0,0
45,45.0,RE2,CF2,TL1,CQ1,CAP2,COP1,RE2_CF2_TL1_CQ1_CAP2_COP1,H,无配额,BAU,0.3,717,2032,1.42,0.0,0
45,45.0,RE2,CF2,TL1,CQ1,CAP2,COP1,RE2_CF2_TL1_CQ1_CAP2_COP1,H,无配额,BAU,0.3,718,2033,1.48,0.0,0
45,45.0,RE2,CF2,TL1,CQ1,CAP2,COP1,RE2_CF2_TL1_CQ1_CAP2_COP1,H,无配额,BAU,0.3,719,2034,1.54,0.0,0
45,45.0,RE2,CF2,TL1,CQ1,CAP2,COP1,RE2_CF2_TL1_CQ1_CAP2_COP1,H,无配额,BAU,0.3,720,2035,1.6,0.0,0
46,46.0,RE2,CF2,TL2,CQ5,CAP1,COP2,RE2_CF2_TL2_CQ5_CAP1_COP2,H,全行业配额,PD,0.3,721,2020,1.0,42.85,1
46,46.0,RE2,CF2,TL2,CQ5,CAP1,COP2,RE2_CF2_TL2_CQ5_CAP1_COP2,H,全行业配额,PD,0.3,722,2021,1.1,42.85,1
46,46.0,RE2,CF2,TL2,CQ5,CAP1,COP2,RE2_CF2_TL2_CQ5_CAP1_COP2,H,全行业配额,PD,0.3,723,2022,1.2,45.61,1
46,46.0,RE2,CF2,TL2,CQ5,CAP1,COP2,RE2_CF2_TL2_CQ5_CAP1_COP2,H,全行业配额,PD,0.3,724,2023,1.3,62.79,1
46,46.0,RE2,CF2,TL2,CQ5,CAP1,COP2,RE2_CF2_TL2_CQ5_CAP1_COP2,H,全行业配额,PD,0.3,725,2024,1.4,70.36,1
46,46.0,RE2,CF2,TL2,CQ5,CAP1,COP2,RE2_CF2_TL2_CQ5_CAP1_COP2,H,全行业配额,PD,0.3,726,2025,1.5,80.33,1
46,46.0,RE2,CF2,TL2,CQ5,CAP1,COP2,RE2_CF2_TL2_CQ5_CAP1_COP2,H,全行业配额,PD,0.3,727,2026,1.6,90.3,1
46,46.0,RE2,CF2,TL2,CQ5,CAP1,COP2,RE2_CF2_TL2_CQ5_CAP1_COP2,H,全行业配额,PD,0.3,728,2027,1.7,100.27,1
46,46.0,RE2,CF2,TL2,CQ5,CAP1,COP2,RE2_CF2_TL2_CQ5_CAP1_COP2,H,全行业配额,PD,0.3,729,2028,1.8,110.24,1
46,46.0,RE2,CF2,TL2,CQ5,CAP1,COP2,RE2_CF2_TL2_CQ5_CAP1_COP2,H,全行业配额,PD,0.3,730,2029,1.9,120.21,1
46,46.0,RE2,CF2,TL2,CQ5,CAP1,COP2,RE2_CF2_TL2_CQ5_CAP1_COP2,H,全行业配额,PD,0.3,731,2030,2.0,130.18,1
46,46.0,RE2,CF2,TL2,CQ5,CAP1,COP2,RE2_CF2_TL2_CQ5_CAP1_COP2,H,全行业配额,PD,0.3,732,2031,2.1,137.9,1
46,46.0,RE2,CF2,TL2,CQ5,CAP1,COP2,RE2_CF2_TL2_CQ5_CAP1_COP2,H,全行业配额,PD,0.3,733,2032,2.2,147.31,1
46,46.0,RE2,CF2,TL2,CQ5,CAP1,COP2,RE2_CF2_TL2_CQ5_CAP1_COP2,H,全行业配额,PD,0.3,734,2033,2.3,156.72,1
46,46.0,RE2,CF2,TL2,CQ5,CAP1,COP2,RE2_CF2_TL2_CQ5_CAP1_COP2,H,全行业配额,PD,0.3,735,2034,2.4,166.13,1
46,46.0,RE2,CF2,TL2,CQ5,CAP1,COP2,RE2_CF2_TL2_CQ5_CAP1_COP2,H,全行业配额,PD,0.3,736,2035,2.5,175.53,1
47,47.0,RE2,CF1,TL1,CQ3,CAP1,COP1,RE2_CF1_TL1_CQ3_CAP1_COP1,H,REPO,BAU,0.4,737,2020,1.0,42.85,1
47,47.0,RE2,CF1,TL1,CQ3,CAP1,COP1,RE2_CF1_TL1_CQ3_CAP1_COP1,H,REPO,BAU,0.4,738,2021,1.03,42.85,1
47,47.0,RE2,CF1,TL1,CQ3,CAP1,COP1,RE2_CF1_TL1_CQ3_CAP1_COP1,H,REPO,BAU,0.4,739,2022,1.06,45.61,1
47,47.0,RE2,CF1,TL1,CQ3,CAP1,COP1,RE2_CF1_TL1_CQ3_CAP1_COP1,H,REPO,BAU,0.4,740,2023,1.09,62.79,1
47,47.0,RE2,CF1,TL1,CQ3,CAP1,COP1,RE2_CF1_TL1_CQ3_CAP1_COP1,H,REPO,BAU,0.4,741,2024,1.12,70.36,1
47,47.0,RE2,CF1,TL1,CQ3,CAP1,COP1,RE2_CF1_TL1_CQ3_CAP1_COP1,H,REPO,BAU,0.4,742,2025,1.15,80.33,1
47,47.0,RE2,CF1,TL1,CQ3,CAP1,COP1,RE2_CF1_TL1_CQ3_CAP1_COP1,H,REPO,BAU,0.4,743,2026,1.18,90.3,1
47,47.0,RE2,CF1,TL1,CQ3,CAP1,COP1,RE2_CF1_TL1_CQ3_CAP1_COP1,H,REPO,BAU,0.4,744,2027,1.21,100.27,1
47,47.0,RE2,CF1,TL1,CQ3,CAP1,COP1,RE2_CF1_TL1_CQ3_CAP1_COP1,H,REPO,BAU,0.4,745,2028,1.24,110.24,1
47,47.0,RE2,CF1,TL1,CQ3,CAP1,COP1,RE2_CF1_TL1_CQ3_CAP1_COP1,H,REPO,BAU,0.4,746,2029,1.27,120.21,1
47,47.0,RE2,CF1,TL1,CQ3,CAP1,COP1,RE2_CF1_TL1_CQ3_CAP1_COP1,H,REPO,BAU,0.4,747,2030,1.3,130.18,1
47,47.0,RE2,CF1,TL1,CQ3,CAP1,COP1,RE2_CF1_TL1_CQ3_CAP1_COP1,H,REPO,BAU,0.4,748,2031,1.36,137.9,1
47,47.0,RE2,CF1,TL1,CQ3,CAP1,COP1,RE2_CF1_TL1_CQ3_CAP1_COP1,H,REPO,BAU,0.4,749,2032,1.42,147.31,1
47,47.0,RE2,CF1,TL1,CQ3,CAP1,COP1,RE2_CF1_TL1_CQ3_CAP1_COP1,H,REPO,BAU,0.4,750,2033,1.48,156.72,1
47,47.0,RE2,CF1,TL1,CQ3,CAP1,COP1,RE2_CF1_TL1_CQ3_CAP1_COP1,H,REPO,BAU,0.4,751,2034,1.54,166.13,1
47,47.0,RE2,CF1,TL1,CQ3,CAP1,COP1,RE2_CF1_TL1_CQ3_CAP1_COP1,H,REPO,BAU,0.4,752,2035,1.6,175.53,1
48,48.0,RE1,CF2,TL2,CQ4,CAP1,COP1,RE1_CF2_TL2_CQ4_CAP1_COP1,BAU,REPO_plus,BAU,0.3,753,2020,1.0,42.85,1
48,48.0,RE1,CF2,TL2,CQ4,CAP1,COP1,RE1_CF2_TL2_CQ4_CAP1_COP1,BAU,REPO_plus,BAU,0.3,754,2021,1.1,42.85,1
48,48.0,RE1,CF2,TL2,CQ4,CAP1,COP1,RE1_CF2_TL2_CQ4_CAP1_COP1,BAU,REPO_plus,BAU,0.3,755,2022,1.2,45.61,1
48,48.0,RE1,CF2,TL2,CQ4,CAP1,COP1,RE1_CF2_TL2_CQ4_CAP1_COP1,BAU,REPO_plus,BAU,0.3,756,2023,1.3,62.79,1
48,48.0,RE1,CF2,TL2,CQ4,CAP1,COP1,RE1_CF2_TL2_CQ4_CAP1_COP1,BAU,REPO_plus,BAU,0.3,757,2024,1.4,70.36,1
48,48.0,RE1,CF2,TL2,CQ4,CAP1,COP1,RE1_CF2_TL2_CQ4_CAP1_COP1,BAU,REPO_plus,BAU,0.3,758,2025,1.5,80.33,1
48,48.0,RE1,CF2,TL2,CQ4,CAP1,COP1,RE1_CF2_TL2_CQ4_CAP1_COP1,BAU,REPO_plus,BAU,0.3,759,2026,1.6,90.3,1
48,48.0,RE1,CF2,TL2,CQ4,CAP1,COP1,RE1_CF2_TL2_CQ4_CAP1_COP1,BAU,REPO_plus,BAU,0.3,760,2027,1.7,100.27,1
48,48.0,RE1,CF2,TL2,CQ4,CAP1,COP1,RE1_CF2_TL2_CQ4_CAP1_COP1,BAU,REPO_plus,BAU,0.3,761,2028,1.8,110.24,1
48,48.0,RE1,CF2,TL2,CQ4,CAP1,COP1,RE1_CF2_TL2_CQ4_CAP1_COP1,BAU,REPO_plus,BAU,0.3,762,2029,1.9,120.21,1
48,48.0,RE1,CF2,TL2,CQ4,CAP1,COP1,RE1_CF2_TL2_CQ4_CAP1_COP1,BAU,REPO_plus,BAU,0.3,763,2030,2.0,130.18,1
48,48.0,RE1,CF2,TL2,CQ4,CAP1,COP1,RE1_CF2_TL2_CQ4_CAP1_COP1,BAU,REPO_plus,BAU,0.3,764,2031,2.1,137.9,1
48,48.0,RE1,CF2,TL2,CQ4,CAP1,COP1,RE1_CF2_TL2_CQ4_CAP1_COP1,BAU,REPO_plus,BAU,0.3,765,2032,2.2,147.31,1
48,48.0,RE1,CF2,TL2,CQ4,CAP1,COP1,RE1_CF2_TL2_CQ4_CAP1_COP1,BAU,REPO_plus,BAU,0.3,766,2033,2.3,156.72,1
48,48.0,RE1,CF2,TL2,CQ4,CAP1,COP1,RE1_CF2_TL2_CQ4_CAP1_COP1,BAU,REPO_plus,BAU,0.3,767,2034,2.4,166.13,1
48,48.0,RE1,CF2,TL2,CQ4,CAP1,COP1,RE1_CF2_TL2_CQ4_CAP1_COP1,BAU,REPO_plus,BAU,0.3,768,2035,2.5,175.53,1
49,49.0,RE1,CF3,TL1,CQ6,CAP2,COP2,RE1_CF3_TL1_CQ6_CAP2_COP2,BAU,电力配额,PD,0.0,769,2020,1.0,42.85,1
49,49.0,RE1,CF3,TL1,CQ6,CAP2,COP2,RE1_CF3_TL1_CQ6_CAP2_COP2,BAU,电力配额,PD,0.0,770,2021,1.03,42.85,1
49,49.0,RE1,CF3,TL1,CQ6,CAP2,COP2,RE1_CF3_TL1_CQ6_CAP2_COP2,BAU,电力配额,PD,0.0,771,2022,1.06,45.61,1
49,49.0,RE1,CF3,TL1,CQ6,CAP2,COP2,RE1_CF3_TL1_CQ6_CAP2_COP2,BAU,电力配额,PD,0.0,772,2023,1.09,127.71,1
49,49.0,RE1,CF3,TL1,CQ6,CAP2,COP2,RE1_CF3_TL1_CQ6_CAP2_COP2,BAU,电力配额,PD,0.0,773,2024,1.12,209.81,1
49,49.0,RE1,CF3,TL1,CQ6,CAP2,COP2,RE1_CF3_TL1_CQ6_CAP2_COP2,BAU,电力配额,PD,0.0,774,2025,1.15,291.9,1
49,49.0,RE1,CF3,TL1,CQ6,CAP2,COP2,RE1_CF3_TL1_CQ6_CAP2_COP2,BAU,电力配额,PD,0.0,775,2026,1.18,374.0,1
49,49.0,RE1,CF3,TL1,CQ6,CAP2,COP2,RE1_CF3_TL1_CQ6_CAP2_COP2,BAU,电力配额,PD,0.0,776,2027,1.21,456.1,1
49,49.0,RE1,CF3,TL1,CQ6,CAP2,COP2,RE1_CF3_TL1_CQ6_CAP2_COP2,BAU,电力配额,PD,0.0,777,2028,1.24,456.1,1
49,49.0,RE1,CF3,TL1,CQ6,CAP2,COP2,RE1_CF3_TL1_CQ6_CAP2_COP2,BAU,电力配额,PD,0.0,778,2029,1.27,456.1,1
49,49.0,RE1,CF3,TL1,CQ6,CAP2,COP2,RE1_CF3_TL1_CQ6_CAP2_COP2,BAU,电力配额,PD,0.0,779,2030,1.3,456.1,1
49,49.0,RE1,CF3,TL1,CQ6,CAP2,COP2,RE1_CF3_TL1_CQ6_CAP2_COP2,BAU,电力配额,PD,0.0,780,2031,1.36,456.1,1
49,49.0,RE1,CF3,TL1,CQ6,CAP2,COP2,RE1_CF3_TL1_CQ6_CAP2_COP2,BAU,电力配额,PD,0.0,781,2032,1.42,456.1,1
49,49.0,RE1,CF3,TL1,CQ6,CAP2,COP2,RE1_CF3_TL1_CQ6_CAP2_COP2,BAU,电力配额,PD,0.0,782,2033,1.48,456.1,1
49,49.0,RE1,CF3,TL1,CQ6,CAP2,COP2,RE1_CF3_TL1_CQ6_CAP2_COP2,BAU,电力配额,PD,0.0,783,2034,1.54,456.1,1
49,49.0,RE1,CF3,TL1,CQ6,CAP2,COP2,RE1_CF3_TL1_CQ6_CAP2_COP2,BAU,电力配额,PD,0.0,784,2035,1.6,456.1,1
50,50.0,RE1,CF1,TL1,CQ6,CAP2,COP1,RE1_CF1_TL1_CQ6_CAP2_COP1,BAU,电力配额,BAU,0.4,785,2020,1.0,42.85,1
50,50.0,RE1,CF1,TL1,CQ6,CAP2,COP1,RE1_CF1_TL1_CQ6_CAP2_COP1,BAU,电力配额,BAU,0.4,786,2021,1.03,42.85,1
50,50.0,RE1,CF1,TL1,CQ6,CAP2,COP1,RE1_CF1_TL1_CQ6_CAP2_COP1,BAU,电力配额,BAU,0.4,787,2022,1.06,45.61,1
50,50.0,RE1,CF1,TL1,CQ6,CAP2,COP1,RE1_CF1_TL1_CQ6_CAP2_COP1,BAU,电力配额,BAU,0.4,788,2023,1.09,127.71,1
50,50.0,RE1,CF1,TL1,CQ6,CAP2,COP1,RE1_CF1_TL1_CQ6_CAP2_COP1,BAU,电力配额,BAU,0.4,789,2024,1.12,209.81,1
50,50.0,RE1,CF1,TL1,CQ6,CAP2,COP1,RE1_CF1_TL1_CQ6_CAP2_COP1,BAU,电力配额,BAU,0.4,790,2025,1.15,291.9,1
50,50.0,RE1,CF1,TL1,CQ6,CAP2,COP1,RE1_CF1_TL1_CQ6_CAP2_COP1,BAU,电力配额,BAU,0.4,791,2026,1.18,374.0,1
50,50.0,RE1,CF1,TL1,CQ6,CAP2,COP1,RE1_CF1_TL1_CQ6_CAP2_COP1,BAU,电力配额,BAU,0.4,792,2027,1.21,456.1,1
50,50.0,RE1,CF1,TL1,CQ6,CAP2,COP1,RE1_CF1_TL1_CQ6_CAP2_COP1,BAU,电力配额,BAU,0.4,793,2028,1.24,456.1,1
50,50.0,RE1,CF1,TL1,CQ6,CAP2,COP1,RE1_CF1_TL1_CQ6_CAP2_COP1,BAU,电力配额,BAU,0.4,794,2029,1.27,456.1,1
50,50.0,RE1,CF1,TL1,CQ6,CAP2,COP1,RE1_CF1_TL1_CQ6_CAP2_COP1,BAU,电力配额,BAU,0.4,795,2030,1.3,456.1,1
50,50.0,RE1,CF1,TL1,CQ6,CAP2,COP1,RE1_CF1_TL1_CQ6_CAP2_COP1,BAU,电力配额,BAU,0.4,796,2031,1.36,456.1,1
50,50.0,RE1,CF1,TL1,CQ6,CAP2,COP1,RE1_CF1_TL1_CQ6_CAP2_COP1,BAU,电力配额,BAU,0.4,797,2032,1.42,456.1,1
50,50.0,RE1,CF1,TL1,CQ6,CAP2,COP1,RE1_CF1_TL1_CQ6_CAP2_COP1,BAU,电力配额,BAU,0.4,798,2033,1.48,456.1,1
50,50.0,RE1,CF1,TL1,CQ6,CAP2,COP1,RE1_CF1_TL1_CQ6_CAP2_COP1,BAU,电力配额,BAU,0.4,799,2034,1.54,456.1,1
50,50.0,RE1,CF1,TL1,CQ6,CAP2,COP1,RE1_CF1_TL1_CQ6_CAP2_COP1,BAU,电力配额,BAU,0.4,800,2035,1.6,456.1,1
51,51.0,RE1,CF2,TL2,CQ1,CAP2,COP2,RE1_CF2_TL2_CQ1_CAP2_COP2,BAU,无配额,PD,0.3,801,2020,1.0,0.0,0
51,51.0,RE1,CF2,TL2,CQ1,CAP2,COP2,RE1_CF2_TL2_CQ1_CAP2_COP2,BAU,无配额,PD,0.3,802,2021,1.1,0.0,0
51,51.0,RE1,CF2,TL2,CQ1,CAP2,COP2,RE1_CF2_TL2_CQ1_CAP2_COP2,BAU,无配额,PD,0.3,803,2022,1.2,0.0,0
51,51.0,RE1,CF2,TL2,CQ1,CAP2,COP2,RE1_CF2_TL2_CQ1_CAP2_COP2,BAU,无配额,PD,0.3,804,2023,1.3,0.0,0
51,51.0,RE1,CF2,TL2,CQ1,CAP2,COP2,RE1_CF2_TL2_CQ1_CAP2_COP2,BAU,无配额,PD,0.3,805,2024,1.4,0.0,0
51,51.0,RE1,CF2,TL2,CQ1,CAP2,COP2,RE1_CF2_TL2_CQ1_CAP2_COP2,BAU,无配额,PD,0.3,806,2025,1.5,0.0,0
51,51.0,RE1,CF2,TL2,CQ1,CAP2,COP2,RE1_CF2_TL2_CQ1_CAP2_COP2,BAU,无配额,PD,0.3,807,2026,1.6,0.0,0
51,51.0,RE1,CF2,TL2,CQ1,CAP2,COP2,RE1_CF2_TL2_CQ1_CAP2_COP2,BAU,无配额,PD,0.3,808,2027,1.7,0.0,0
51,51.0,RE1,CF2,TL2,CQ1,CAP2,COP2,RE1_CF2_TL2_CQ1_CAP2_COP2,BAU,无配额,PD,0.3,809,2028,1.8,0.0,0
51,51.0,RE1,CF2,TL2,CQ1,CAP2,COP2,RE1_CF2_TL2_CQ1_CAP2_COP2,BAU,无配额,PD,0.3,810,2029,1.9,0.0,0
51,51.0,RE1,CF2,TL2,CQ1,CAP2,COP2,RE1_CF2_TL2_CQ1_CAP2_COP2,BAU,无配额,PD,0.3,811,2030,2.0,0.0,0
51,51.0,RE1,CF2,TL2,CQ1,CAP2,COP2,RE1_CF2_TL2_CQ1_CAP2_COP2,BAU,无配额,PD,0.3,812,2031,2.1,0.0,0
51,51.0,RE1,CF2,TL2,CQ1,CAP2,COP2,RE1_CF2_TL2_CQ1_CAP2_COP2,BAU,无配额,PD,0.3,813,2032,2.2,0.0,0
51,51.0,RE1,CF2,TL2,CQ1,CAP2,COP2,RE1_CF2_TL2_CQ1_CAP2_COP2,BAU,无配额,PD,0.3,814,2033,2.3,0.0,0
51,51.0,RE1,CF2,TL2,CQ1,CAP2,COP2,RE1_CF2_TL2_CQ1_CAP2_COP2,BAU,无配额,PD,0.3,815,2034,2.4,0.0,0
51,51.0,RE1,CF2,TL2,CQ1,CAP2,COP2,RE1_CF2_TL2_CQ1_CAP2_COP2,BAU,无配额,PD,0.3,816,2035,2.5,0.0,0
52,52.0,RE1,CF1,TL2,CQ2,CAP2,COP1,RE1_CF1_TL2_CQ2_CAP2_COP1,BAU,基准不变,BAU,0.4,817,2020,1.0,42.85,1
52,52.0,RE1,CF1,TL2,CQ2,CAP2,COP1,RE1_CF1_TL2_CQ2_CAP2_COP1,BAU,基准不变,BAU,0.4,818,2021,1.1,42.85,1
52,52.0,RE1,CF1,TL2,CQ2,CAP2,COP1,RE1_CF1_TL2_CQ2_CAP2_COP1,BAU,基准不变,BAU,0.4,819,2022,1.2,45.61,1
52,52.0,RE1,CF1,TL2,CQ2,CAP2,COP1,RE1_CF1_TL2_CQ2_CAP2_COP1,BAU,基准不变,BAU,0.4,820,2023,1.3,127.71,1
52,52.0,RE1,CF1,TL2,CQ2,CAP2,COP1,RE1_CF1_TL2_CQ2_CAP2_COP1,BAU,基准不变,BAU,0.4,821,2024,1.4,209.81,1
52,52.0,RE1,CF1,TL2,CQ2,CAP2,COP1,RE1_CF1_TL2_CQ2_CAP2_COP1,BAU,基准不变,BAU,0.4,822,2025,1.5,291.9,1
52,52.0,RE1,CF1,TL2,CQ2,CAP2,COP1,RE1_CF1_TL2_CQ2_CAP2_COP1,BAU,基准不变,BAU,0.4,823,2026,1.6,374.0,1
52,52.0,RE1,CF1,TL2,CQ2,CAP2,COP1,RE1_CF1_TL2_CQ2_CAP2_COP1,BAU,基准不变,BAU,0.4,824,2027,1.7,456.1,1
52,52.0,RE1,CF1,TL2,CQ2,CAP2,COP1,RE1_CF1_TL2_CQ2_CAP2_COP1,BAU,基准不变,BAU,0.4,825,2028,1.8,456.1,1
52,52.0,RE1,CF1,TL2,CQ2,CAP2,COP1,RE1_CF1_TL2_CQ2_CAP2_COP1,BAU,基准不变,BAU,0.4,826,2029,1.9,456.1,1
52,52.0,RE1,CF1,TL2,CQ2,CAP2,COP1,RE1_CF1_TL2_CQ2_CAP2_COP1,BAU,基准不变,BAU,0.4,827,2030,2.0,456.1,1
52,52.0,RE1,CF1,TL2,CQ2,CAP2,COP1,RE1_CF1_TL2_CQ2_CAP2_COP1,BAU,基准不变,BAU,0.4,828,2031,2.1,456.1,1
52,52.0,RE1,CF1,TL2,CQ2,CAP2,COP1,RE1_CF1_TL2_CQ2_CAP2_COP1,BAU,基准不变,BAU,0.4,829,2032,2.2,456.1,1
52,52.0,RE1,CF1,TL2,CQ2,CAP2,COP1,RE1_CF1_TL2_CQ2_CAP2_COP1,BAU,基准不变,BAU,0.4,830,2033,2.3,456.1,1
52,52.0,RE1,CF1,TL2,CQ2,CAP2,COP1,RE1_CF1_TL2_CQ2_CAP2_COP1,BAU,基准不变,BAU,0.4,831,2034,2.4,456.1,1
52,52.0,RE1,CF1,TL2,CQ2,CAP2,COP1,RE1_CF1_TL2_CQ2_CAP2_COP1,BAU,基准不变,BAU,0.4,832,2035,2.5,456.1,1
53,53.0,RE1,CF3,TL2,CQ4,CAP2,COP2,RE1_CF3_TL2_CQ4_CAP2_COP2,BAU,REPO_plus,PD,0.0,833,2020,1.0,42.85,1
53,53.0,RE1,CF3,TL2,CQ4,CAP2,COP2,RE1_CF3_TL2_CQ4_CAP2_COP2,BAU,REPO_plus,PD,0.0,834,2021,1.1,42.85,1
53,53.0,RE1,CF3,TL2,CQ4,CAP2,COP2,RE1_CF3_TL2_CQ4_CAP2_COP2,BAU,REPO_plus,PD,0.0,835,2022,1.2,45.61,1
53,53.0,RE1,CF3,TL2,CQ4,CAP2,COP2,RE1_CF3_TL2_CQ4_CAP2_COP2,BAU,REPO_plus,PD,0.0,836,2023,1.3,127.71,1
53,53.0,RE1,CF3,TL2,CQ4,CAP2,COP2,RE1_CF3_TL2_CQ4_CAP2_COP2,BAU,REPO_plus,PD,0.0,837,2024,1.4,209.81,1
53,53.0,RE1,CF3,TL2,CQ4,CAP2,COP2,RE1_CF3_TL2_CQ4_CAP2_COP2,BAU,REPO_plus,PD,0.0,838,2025,1.5,291.9,1
53,53.0,RE1,CF3,TL2,CQ4,CAP2,COP2,RE1_CF3_TL2_CQ4_CAP2_COP2,BAU,REPO_plus,PD,0.0,839,2026,1.6,374.0,1
53,53.0,RE1,CF3,TL2,CQ4,CAP2,COP2,RE1_CF3_TL2_CQ4_CAP2_COP2,BAU,REPO_plus,PD,0.0,840,2027,1.7,456.1,1
53,53.0,RE1,CF3,TL2,CQ4,CAP2,COP2,RE1_CF3_TL2_CQ4_CAP2_COP2,BAU,REPO_plus,PD,0.0,841,2028,1.8,456.1,1
53,53.0,RE1,CF3,TL2,CQ4,CAP2,COP2,RE1_CF3_TL2_CQ4_CAP2_COP2,BAU,REPO_plus,PD,0.0,842,2029,1.9,456.1,1
53,53.0,RE1,CF3,TL2,CQ4,CAP2,COP2,RE1_CF3_TL2_CQ4_CAP2_COP2,BAU,REPO_plus,PD,0.0,843,2030,2.0,456.1,1
53,53.0,RE1,CF3,TL2,CQ4,CAP2,COP2,RE1_CF3_TL2_CQ4_CAP2_COP2,BAU,REPO_plus,PD,0.0,844,2031,2.1,456.1,1
53,53.0,RE1,CF3,TL2,CQ4,CAP2,COP2,RE1_CF3_TL2_CQ4_CAP2_COP2,BAU,REPO_plus,PD,0.0,845,2032,2.2,456.1,1
53,53.0,RE1,CF3,TL2,CQ4,CAP2,COP2,RE1_CF3_TL2_CQ4_CAP2_COP2,BAU,REPO_plus,PD,0.0,846,2033,2.3,456.1,1
53,53.0,RE1,CF3,TL2,CQ4,CAP2,COP2,RE1_CF3_TL2_CQ4_CAP2_COP2,BAU,REPO_plus,PD,0.0,847,2034,2.4,456.1,1
53,53.0,RE1,CF3,TL2,CQ4,CAP2,COP2,RE1_CF3_TL2_CQ4_CAP2_COP2,BAU,REPO_plus,PD,0.0,848,2035,2.5,456.1,1
54,54.0,RE2,CF2,TL1,CQ3,CAP1,COP2,RE2_CF2_TL1_CQ3_CAP1_COP2,H,REPO,PD,0.3,849,2020,1.0,42.85,1
54,54.0,RE2,CF2,TL1,CQ3,CAP1,COP2,RE2_CF2_TL1_CQ3_CAP1_COP2,H,REPO,PD,0.3,850,2021,1.03,42.85,1
54,54.0,RE2,CF2,TL1,CQ3,CAP1,COP2,RE2_CF2_TL1_CQ3_CAP1_COP2,H,REPO,PD,0.3,851,2022,1.06,45.61,1
54,54.0,RE2,CF2,TL1,CQ3,CAP1,COP2,RE2_CF2_TL1_CQ3_CAP1_COP2,H,REPO,PD,0.3,852,2023,1.09,62.79,1
54,54.0,RE2,CF2,TL1,CQ3,CAP1,COP2,RE2_CF2_TL1_CQ3_CAP1_COP2,H,REPO,PD,0.3,853,2024,1.12,70.36,1
54,54.0,RE2,CF2,TL1,CQ3,CAP1,COP2,RE2_CF2_TL1_CQ3_CAP1_COP2,H,REPO,PD,0.3,854,2025,1.15,80.33,1
54,54.0,RE2,CF2,TL1,CQ3,CAP1,COP2,RE2_CF2_TL1_CQ3_CAP1_COP2,H,REPO,PD,0.3,855,2026,1.18,90.3,1
54,54.0,RE2,CF2,TL1,CQ3,CAP1,COP2,RE2_CF2_TL1_CQ3_CAP1_COP2,H,REPO,PD,0.3,856,2027,1.21,100.27,1
54,54.0,RE2,CF2,TL1,CQ3,CAP1,COP2,RE2_CF2_TL1_CQ3_CAP1_COP2,H,REPO,PD,0.3,857,2028,1.24,110.24,1
54,54.0,RE2,CF2,TL1,CQ3,CAP1,COP2,RE2_CF2_TL1_CQ3_CAP1_COP2,H,REPO,PD,0.3,858,2029,1.27,120.21,1
54,54.0,RE2,CF2,TL1,CQ3,CAP1,COP2,RE2_CF2_TL1_CQ3_CAP1_COP2,H,REPO,PD,0.3,859,2030,1.3,130.18,1
54,54.0,RE2,CF2,TL1,CQ3,CAP1,COP2,RE2_CF2_TL1_CQ3_CAP1_COP2,H,REPO,PD,0.3,860,2031,1.36,137.9,1
54,54.0,RE2,CF2,TL1,CQ3,CAP1,COP2,RE2_CF2_TL1_CQ3_CAP1_COP2,H,REPO,PD,0.3,861,2032,1.42,147.31,1
54,54.0,RE2,CF2,TL1,CQ3,CAP1,COP2,RE2_CF2_TL1_CQ3_CAP1_COP2,H,REPO,PD,0.3,862,2033,1.48,156.72,1
54,54.0,RE2,CF2,TL1,CQ3,CAP1,COP2,RE2_CF2_TL1_CQ3_CAP1_COP2,H,REPO,PD,0.3,863,2034,1.54,166.13,1
54,54.0,RE2,CF2,TL1,CQ3,CAP1,COP2,RE2_CF2_TL1_CQ3_CAP1_COP2,H,REPO,PD,0.3,864,2035,1.6,175.53,1
55,55.0,RE2,CF3,TL1,CQ1,CAP1,COP1,RE2_CF3_TL1_CQ1_CAP1_COP1,H,无配额,BAU,0.0,865,2020,1.0,0.0,0
55,55.0,RE2,CF3,TL1,CQ1,CAP1,COP1,RE2_CF3_TL1_CQ1_CAP1_COP1,H,无配额,BAU,0.0,866,2021,1.03,0.0,0
55,55.0,RE2,CF3,TL1,CQ1,CAP1,COP1,RE2_CF3_TL1_CQ1_CAP1_COP1,H,无配额,BAU,0.0,867,2022,1.06,0.0,0
55,55.0,RE2,CF3,TL1,CQ1,CAP1,COP1,RE2_CF3_TL1_CQ1_CAP1_COP1,H,无配额,BAU,0.0,868,2023,1.09,0.0,0
55,55.0,RE2,CF3,TL1,CQ1,CAP1,COP1,RE2_CF3_TL1_CQ1_CAP1_COP1,H,无配额,BAU,0.0,869,2024,1.12,0.0,0
55,55.0,RE2,CF3,TL1,CQ1,CAP1,COP1,RE2_CF3_TL1_CQ1_CAP1_COP1,H,无配额,BAU,0.0,870,2025,1.15,0.0,0
55,55.0,RE2,CF3,TL1,CQ1,CAP1,COP1,RE2_CF3_TL1_CQ1_CAP1_COP1,H,无配额,BAU,0.0,871,2026,1.18,0.0,0
55,55.0,RE2,CF3,TL1,CQ1,CAP1,COP1,RE2_CF3_TL1_CQ1_CAP1_COP1,H,无配额,BAU,0.0,872,2027,1.21,0.0,0
55,55.0,RE2,CF3,TL1,CQ1,CAP1,COP1,RE2_CF3_TL1_CQ1_CAP1_COP1,H,无配额,BAU,0.0,873,2028,1.24,0.0,0
55,55.0,RE2,CF3,TL1,CQ1,CAP1,COP1,RE2_CF3_TL1_CQ1_CAP1_COP1,H,无配额,BAU,0.0,874,2029,1.27,0.0,0
55,55.0,RE2,CF3,TL1,CQ1,CAP1,COP1,RE2_CF3_TL1_CQ1_CAP1_COP1,H,无配额,BAU,0.0,875,2030,1.3,0.0,0
55,55.0,RE2,CF3,TL1,CQ1,CAP1,COP1,RE2_CF3_TL1_CQ1_CAP1_COP1,H,无配额,BAU,0.0,876,2031,1.36,0.0,0
55,55.0,RE2,CF3,TL1,CQ1,CAP1,COP1,RE2_CF3_TL1_CQ1_CAP1_COP1,H,无配额,BAU,0.0,877,2032,1.42,0.0,0
55,55.0,RE2,CF3,TL1,CQ1,CAP1,COP1,RE2_CF3_TL1_CQ1_CAP1_COP1,H,无配额,BAU,0.0,878,2033,1.48,0.0,0
55,55.0,RE2,CF3,TL1,CQ1,CAP1,COP1,RE2_CF3_TL1_CQ1_CAP1_COP1,H,无配额,BAU,0.0,879,2034,1.54,0.0,0
55,55.0,RE2,CF3,TL1,CQ1,CAP1,COP1,RE2_CF3_TL1_CQ1_CAP1_COP1,H,无配额,BAU,0.0,880,2035,1.6,0.0,0
56,56.0,RE1,CF3,TL1,CQ4,CAP1,COP2,RE1_CF3_TL1_CQ4_CAP1_COP2,BAU,REPO_plus,PD,0.0,881,2020,1.0,42.85,1
56,56.0,RE1,CF3,TL1,CQ4,CAP1,COP2,RE1_CF3_TL1_CQ4_CAP1_COP2,BAU,REPO_plus,PD,0.0,882,2021,1.03,42.85,1
56,56.0,RE1,CF3,TL1,CQ4,CAP1,COP2,RE1_CF3_TL1_CQ4_CAP1_COP2,BAU,REPO_plus,PD,0.0,883,2022,1.06,45.61,1
56,56.0,RE1,CF3,TL1,CQ4,CAP1,COP2,RE1_CF3_TL1_CQ4_CAP1_COP2,BAU,REPO_plus,PD,0.0,884,2023,1.09,62.79,1
56,56.0,RE1,CF3,TL1,CQ4,CAP1,COP2,RE1_CF3_TL1_CQ4_CAP1_COP2,BAU,REPO_plus,PD,0.0,885,2024,1.12,70.36,1
56,56.0,RE1,CF3,TL1,CQ4,CAP1,COP2,RE1_CF3_TL1_CQ4_CAP1_COP2,BAU,REPO_plus,PD,0.0,886,2025,1.15,80.33,1
56,56.0,RE1,CF3,TL1,CQ4,CAP1,COP2,RE1_CF3_TL1_CQ4_CAP1_COP2,BAU,REPO_plus,PD,0.0,887,2026,1.18,90.3,1
56,56.0,RE1,CF3,TL1,CQ4,CAP1,COP2,RE1_CF3_TL1_CQ4_CAP1_COP2,BAU,REPO_plus,PD,0.0,888,2027,1.21,100.27,1
56,56.0,RE1,CF3,TL1,CQ4,CAP1,COP2,RE1_CF3_TL1_CQ4_CAP1_COP2,BAU,REPO_plus,PD,0.0,889,2028,1.24,110.24,1
56,56.0,RE1,CF3,TL1,CQ4,CAP1,COP2,RE1_CF3_TL1_CQ4_CAP1_COP2,BAU,REPO_plus,PD,0.0,890,2029,1.27,120.21,1
56,56.0,RE1,CF3,TL1,CQ4,CAP1,COP2,RE1_CF3_TL1_CQ4_CAP1_COP2,BAU,REPO_plus,PD,0.0,891,2030,1.3,130.18,1
56,56.0,RE1,CF3,TL1,CQ4,CAP1,COP2,RE1_CF3_TL1_CQ4_CAP1_COP2,BAU,REPO_plus,PD,0.0,892,2031,1.36,137.9,1
56,56.0,RE1,CF3,TL1,CQ4,CAP1,COP2,RE1_CF3_TL1_CQ4_CAP1_COP2,BAU,REPO_plus,PD,0.0,893,2032,1.42,147.31,1
56,56.0,RE1,CF3,TL1,CQ4,CAP1,COP2,RE1_CF3_TL1_CQ4_CAP1_COP2,BAU,REPO_plus,PD,0.0,894,2033,1.48,156.72,1
56,56.0,RE1,CF3,TL1,CQ4,CAP1,COP2,RE1_CF3_TL1_CQ4_CAP1_COP2,BAU,REPO_plus,PD,0.0,895,2034,1.54,166.13,1
56,56.0,RE1,CF3,TL1,CQ4,CAP1,COP2,RE1_CF3_TL1_CQ4_CAP1_COP2,BAU,REPO_plus,PD,0.0,896,2035,1.6,175.53,1
57,57.0,RE1,CF3,TL2,CQ6,CAP1,COP1,RE1_CF3_TL2_CQ6_CAP1_COP1,BAU,电力配额,BAU,0.0,897,2020,1.0,42.85,1
57,57.0,RE1,CF3,TL2,CQ6,CAP1,COP1,RE1_CF3_TL2_CQ6_CAP1_COP1,BAU,电力配额,BAU,0.0,898,2021,1.1,42.85,1
57,57.0,RE1,CF3,TL2,CQ6,CAP1,COP1,RE1_CF3_TL2_CQ6_CAP1_COP1,BAU,电力配额,BAU,0.0,899,2022,1.2,45.61,1
57,57.0,RE1,CF3,TL2,CQ6,CAP1,COP1,RE1_CF3_TL2_CQ6_CAP1_COP1,BAU,电力配额,BAU,0.0,900,2023,1.3,62.79,1
57,57.0,RE1,CF3,TL2,CQ6,CAP1,COP1,RE1_CF3_TL2_CQ6_CAP1_COP1,BAU,电力配额,BAU,0.0,901,2024,1.4,70.36,1
57,57.0,RE1,CF3,TL2,CQ6,CAP1,COP1,RE1_CF3_TL2_CQ6_CAP1_COP1,BAU,电力配额,BAU,0.0,902,2025,1.5,80.33,1
57,57.0,RE1,CF3,TL2,CQ6,CAP1,COP1,RE1_CF3_TL2_CQ6_CAP1_COP1,BAU,电力配额,BAU,0.0,903,2026,1.6,90.3,1
57,57.0,RE1,CF3,TL2,CQ6,CAP1,COP1,RE1_CF3_TL2_CQ6_CAP1_COP1,BAU,电力配额,BAU,0.0,904,2027,1.7,100.27,1
57,57.0,RE1,CF3,TL2,CQ6,CAP1,COP1,RE1_CF3_TL2_CQ6_CAP1_COP1,BAU,电力配额,BAU,0.0,905,2028,1.8,110.24,1
57,57.0,RE1,CF3,TL2,CQ6,CAP1,COP1,RE1_CF3_TL2_CQ6_CAP1_COP1,BAU,电力配额,BAU,0.0,906,2029,1.9,120.21,1
57,57.0,RE1,CF3,TL2,CQ6,CAP1,COP1,RE1_CF3_TL2_CQ6_CAP1_COP1,BAU,电力配额,BAU,0.0,907,2030,2.0,130.18,1
57,57.0,RE1,CF3,TL2,CQ6,CAP1,COP1,RE1_CF3_TL2_CQ6_CAP1_COP1,BAU,电力配额,BAU,0.0,908,2031,2.1,137.9,1
57,57.0,RE1,CF3,TL2,CQ6,CAP1,COP1,RE1_CF3_TL2_CQ6_CAP1_COP1,BAU,电力配额,BAU,0.0,909,2032,2.2,147.31,1
57,57.0,RE1,CF3,TL2,CQ6,CAP1,COP1,RE1_CF3_TL2_CQ6_CAP1_COP1,BAU,电力配额,BAU,0.0,910,2033,2.3,156.72,1
57,57.0,RE1,CF3,TL2,CQ6,CAP1,COP1,RE1_CF3_TL2_CQ6_CAP1_COP1,BAU,电力配额,BAU,0.0,911,2034,2.4,166.13,1
57,57.0,RE1,CF3,TL2,CQ6,CAP1,COP1,RE1_CF3_TL2_CQ6_CAP1_COP1,BAU,电力配额,BAU,0.0,912,2035,2.5,175.53,1
58,58.0,RE2,CF2,TL2,CQ5,CAP2,COP1,RE2_CF2_TL2_CQ5_CAP2_COP1,H,全行业配额,BAU,0.3,913,2020,1.0,42.85,1
58,58.0,RE2,CF2,TL2,CQ5,CAP2,COP1,RE2_CF2_TL2_CQ5_CAP2_COP1,H,全行业配额,BAU,0.3,914,2021,1.1,42.85,1
58,58.0,RE2,CF2,TL2,CQ5,CAP2,COP1,RE2_CF2_TL2_CQ5_CAP2_COP1,H,全行业配额,BAU,0.3,915,2022,1.2,45.61,1
58,58.0,RE2,CF2,TL2,CQ5,CAP2,COP1,RE2_CF2_TL2_CQ5_CAP2_COP1,H,全行业配额,BAU,0.3,916,2023,1.3,127.71,1
58,58.0,RE2,CF2,TL2,CQ5,CAP2,COP1,RE2_CF2_TL2_CQ5_CAP2_COP1,H,全行业配额,BAU,0.3,917,2024,1.4,209.81,1
58,58.0,RE2,CF2,TL2,CQ5,CAP2,COP1,RE2_CF2_TL2_CQ5_CAP2_COP1,H,全行业配额,BAU,0.3,918,2025,1.5,291.9,1
58,58.0,RE2,CF2,TL2,CQ5,CAP2,COP1,RE2_CF2_TL2_CQ5_CAP2_COP1,H,全行业配额,BAU,0.3,919,2026,1.6,374.0,1
58,58.0,RE2,CF2,TL2,CQ5,CAP2,COP1,RE2_CF2_TL2_CQ5_CAP2_COP1,H,全行业配额,BAU,0.3,920,2027,1.7,456.1,1
58,58.0,RE2,CF2,TL2,CQ5,CAP2,COP1,RE2_CF2_TL2_CQ5_CAP2_COP1,H,全行业配额,BAU,0.3,921,2028,1.8,456.1,1
58,58.0,RE2,CF2,TL2,CQ5,CAP2,COP1,RE2_CF2_TL2_CQ5_CAP2_COP1,H,全行业配额,BAU,0.3,922,2029,1.9,456.1,1
58,58.0,RE2,CF2,TL2,CQ5,CAP2,COP1,RE2_CF2_TL2_CQ5_CAP2_COP1,H,全行业配额,BAU,0.3,923,2030,2.0,456.1,1
58,58.0,RE2,CF2,TL2,CQ5,CAP2,COP1,RE2_CF2_TL2_CQ5_CAP2_COP1,H,全行业配额,BAU,0.3,924,2031,2.1,456.1,1
58,58.0,RE2,CF2,TL2,CQ5,CAP2,COP1,RE2_CF2_TL2_CQ5_CAP2_COP1,H,全行业配额,BAU,0.3,925,2032,2.2,456.1,1
58,58.0,RE2,CF2,TL2,CQ5,CAP2,COP1,RE2_CF2_TL2_CQ5_CAP2_COP1,H,全行业配额,BAU,0.3,926,2033,2.3,456.1,1
58,58.0,RE2,CF2,TL2,CQ5,CAP2,COP1,RE2_CF2_TL2_CQ5_CAP2_COP1,H,全行业配额,BAU,0.3,927,2034,2.4,456.1,1
58,58.0,RE2,CF2,TL2,CQ5,CAP2,COP1,RE2_CF2_TL2_CQ5_CAP2_COP1,H,全行业配额,BAU,0.3,928,2035,2.5,456.1,1
59,59.0,RE1,CF2,TL1,CQ4,CAP2,COP2,RE1_CF2_TL1_CQ4_CAP2_COP2,BAU,REPO_plus,PD,0.3,929,2020,1.0,42.85,1
59,59.0,RE1,CF2,TL1,CQ4,CAP2,COP2,RE1_CF2_TL1_CQ4_CAP2_COP2,BAU,REPO_plus,PD,0.3,930,2021,1.03,42.85,1
59,59.0,RE1,CF2,TL1,CQ4,CAP2,COP2,RE1_CF2_TL1_CQ4_CAP2_COP2,BAU,REPO_plus,PD,0.3,931,2022,1.06,45.61,1
59,59.0,RE1,CF2,TL1,CQ4,CAP2,COP2,RE1_CF2_TL1_CQ4_CAP2_COP2,BAU,REPO_plus,PD,0.3,932,2023,1.09,127.71,1
59,59.0,RE1,CF2,TL1,CQ4,CAP2,COP2,RE1_CF2_TL1_CQ4_CAP2_COP2,BAU,REPO_plus,PD,0.3,933,2024,1.12,209.81,1
59,59.0,RE1,CF2,TL1,CQ4,CAP2,COP2,RE1_CF2_TL1_CQ4_CAP2_COP2,BAU,REPO_plus,PD,0.3,934,2025,1.15,291.9,1
59,59.0,RE1,CF2,TL1,CQ4,CAP2,COP2,RE1_CF2_TL1_CQ4_CAP2_COP2,BAU,REPO_plus,PD,0.3,935,2026,1.18,374.0,1
59,59.0,RE1,CF2,TL1,CQ4,CAP2,COP2,RE1_CF2_TL1_CQ4_CAP2_COP2,BAU,REPO_plus,PD,0.3,936,2027,1.21,456.1,1
59,59.0,RE1,CF2,TL1,CQ4,CAP2,COP2,RE1_CF2_TL1_CQ4_CAP2_COP2,BAU,REPO_plus,PD,0.3,937,2028,1.24,456.1,1
59,59.0,RE1,CF2,TL1,CQ4,CAP2,COP2,RE1_CF2_TL1_CQ4_CAP2_COP2,BAU,REPO_plus,PD,0.3,938,2029,1.27,456.1,1
59,59.0,RE1,CF2,TL1,CQ4,CAP2,COP2,RE1_CF2_TL1_CQ4_CAP2_COP2,BAU,REPO_plus,PD,0.3,939,2030,1.3,456.1,1
59,59.0,RE1,CF2,TL1,CQ4,CAP2,COP2,RE1_CF2_TL1_CQ4_CAP2_COP2,BAU,REPO_plus,PD,0.3,940,2031,1.36,456.1,1
59,59.0,RE1,CF2,TL1,CQ4,CAP2,COP2,RE1_CF2_TL1_CQ4_CAP2_COP2,BAU,REPO_plus,PD,0.3,941,2032,1.42,456.1,1
59,59.0,RE1,CF2,TL1,CQ4,CAP2,COP2,RE1_CF2_TL1_CQ4_CAP2_COP2,BAU,REPO_plus,PD,0.3,942,2033,1.48,456.1,1
59,59.0,RE1,CF2,TL1,CQ4,CAP2,COP2,RE1_CF2_TL1_CQ4_CAP2_COP2,BAU,REPO_plus,PD,0.3,943,2034,1.54,456.1,1
59,59.0,RE1,CF2,TL1,CQ4,CAP2,COP2,RE1_CF2_TL1_CQ4_CAP2_COP2,BAU,REPO_plus,PD,0.3,944,2035,1.6,456.1,1
60,60.0,RE1,CF3,TL2,CQ1,CAP1,COP2,RE1_CF3_TL2_CQ1_CAP1_COP2,BAU,无配额,PD,0.0,945,2020,1.0,0.0,0
60,60.0,RE1,CF3,TL2,CQ1,CAP1,COP2,RE1_CF3_TL2_CQ1_CAP1_COP2,BAU,无配额,PD,0.0,946,2021,1.1,0.0,0
60,60.0,RE1,CF3,TL2,CQ1,CAP1,COP2,RE1_CF3_TL2_CQ1_CAP1_COP2,BAU,无配额,PD,0.0,947,2022,1.2,0.0,0
60,60.0,RE1,CF3,TL2,CQ1,CAP1,COP2,RE1_CF3_TL2_CQ1_CAP1_COP2,BAU,无配额,PD,0.0,948,2023,1.3,0.0,0
60,60.0,RE1,CF3,TL2,CQ1,CAP1,COP2,RE1_CF3_TL2_CQ1_CAP1_COP2,BAU,无配额,PD,0.0,949,2024,1.4,0.0,0
60,60.0,RE1,CF3,TL2,CQ1,CAP1,COP2,RE1_CF3_TL2_CQ1_CAP1_COP2,BAU,无配额,PD,0.0,950,2025,1.5,0.0,0
60,60.0,RE1,CF3,TL2,CQ1,CAP1,COP2,RE1_CF3_TL2_CQ1_CAP1_COP2,BAU,无配额,PD,0.0,951,2026,1.6,0.0,0
60,60.0,RE1,CF3,TL2,CQ1,CAP1,COP2,RE1_CF3_TL2_CQ1_CAP1_COP2,BAU,无配额,PD,0.0,952,2027,1.7,0.0,0
60,60.0,RE1,CF3,TL2,CQ1,CAP1,COP2,RE1_CF3_TL2_CQ1_CAP1_COP2,BAU,无配额,PD,0.0,953,2028,1.8,0.0,0
60,60.0,RE1,CF3,TL2,CQ1,CAP1,COP2,RE1_CF3_TL2_CQ1_CAP1_COP2,BAU,无配额,PD,0.0,954,2029,1.9,0.0,0
60,60.0,RE1,CF3,TL2,CQ1,CAP1,COP2,RE1_CF3_TL2_CQ1_CAP1_COP2,BAU,无配额,PD,0.0,955,2030,2.0,0.0,0
60,60.0,RE1,CF3,TL2,CQ1,CAP1,COP2,RE1_CF3_TL2_CQ1_CAP1_COP2,BAU,无配额,PD,0.0,956,2031,2.1,0.0,0
60,60.0,RE1,CF3,TL2,CQ1,CAP1,COP2,RE1_CF3_TL2_CQ1_CAP1_COP2,BAU,无配额,PD,0.0,957,2032,2.2,0.0,0
60,60.0,RE1,CF3,TL2,CQ1,CAP1,COP2,RE1_CF3_TL2_CQ1_CAP1_COP2,BAU,无配额,PD,0.0,958,2033,2.3,0.0,0
60,60.0,RE1,CF3,TL2,CQ1,CAP1,COP2,RE1_CF3_TL2_CQ1_CAP1_COP2,BAU,无配额,PD,0.0,959,2034,2.4,0.0,0
60,60.0,RE1,CF3,TL2,CQ1,CAP1,COP2,RE1_CF3_TL2_CQ1_CAP1_COP2,BAU,无配额,PD,0.0,960,2035,2.5,0.0,0
61,61.0,RE2,CF1,TL2,CQ1,CAP2,COP1,RE2_CF1_TL2_CQ1_CAP2_COP1,H,无配额,BAU,0.4,961,2020,1.0,0.0,0
61,61.0,RE2,CF1,TL2,CQ1,CAP2,COP1,RE2_CF1_TL2_CQ1_CAP2_COP1,H,无配额,BAU,0.4,962,2021,1.1,0.0,0
61,61.0,RE2,CF1,TL2,CQ1,CAP2,COP1,RE2_CF1_TL2_CQ1_CAP2_COP1,H,无配额,BAU,0.4,963,2022,1.2,0.0,0
61,61.0,RE2,CF1,TL2,CQ1,CAP2,COP1,RE2_CF1_TL2_CQ1_CAP2_COP1,H,无配额,BAU,0.4,964,2023,1.3,0.0,0
61,61.0,RE2,CF1,TL2,CQ1,CAP2,COP1,RE2_CF1_TL2_CQ1_CAP2_COP1,H,无配额,BAU,0.4,965,2024,1.4,0.0,0
61,61.0,RE2,CF1,TL2,CQ1,CAP2,COP1,RE2_CF1_TL2_CQ1_CAP2_COP1,H,无配额,BAU,0.4,966,2025,1.5,0.0,0
61,61.0,RE2,CF1,TL2,CQ1,CAP2,COP1,RE2_CF1_TL2_CQ1_CAP2_COP1,H,无配额,BAU,0.4,967,2026,1.6,0.0,0
61,61.0,RE2,CF1,TL2,CQ1,CAP2,COP1,RE2_CF1_TL2_CQ1_CAP2_COP1,H,无配额,BAU,0.4,968,2027,1.7,0.0,0
61,61.0,RE2,CF1,TL2,CQ1,CAP2,COP1,RE2_CF1_TL2_CQ1_CAP2_COP1,H,无配额,BAU,0.4,969,2028,1.8,0.0,0
61,61.0,RE2,CF1,TL2,CQ1,CAP2,COP1,RE2_CF1_TL2_CQ1_CAP2_COP1,H,无配额,BAU,0.4,970,2029,1.9,0.0,0
61,61.0,RE2,CF1,TL2,CQ1,CAP2,COP1,RE2_CF1_TL2_CQ1_CAP2_COP1,H,无配额,BAU,0.4,971,2030,2.0,0.0,0
61,61.0,RE2,CF1,TL2,CQ1,CAP2,COP1,RE2_CF1_TL2_CQ1_CAP2_COP1,H,无配额,BAU,0.4,972,2031,2.1,0.0,0
61,61.0,RE2,CF1,TL2,CQ1,CAP2,COP1,RE2_CF1_TL2_CQ1_CAP2_COP1,H,无配额,BAU,0.4,973,2032,2.2,0.0,0
61,61.0,RE2,CF1,TL2,CQ1,CAP2,COP1,RE2_CF1_TL2_CQ1_CAP2_COP1,H,无配额,BAU,0.4,974,2033,2.3,0.0,0
61,61.0,RE2,CF1,TL2,CQ1,CAP2,COP1,RE2_CF1_TL2_CQ1_CAP2_COP1,H,无配额,BAU,0.4,975,2034,2.4,0.0,0
61,61.0,RE2,CF1,TL2,CQ1,CAP2,COP1,RE2_CF1_TL2_CQ1_CAP2_COP1,H,无配额,BAU,0.4,976,2035,2.5,0.0,0
62,62.0,RE2,CF3,TL1,CQ3,CAP2,COP2,RE2_CF3_TL1_CQ3_CAP2_COP2,H,REPO,PD,0.0,977,2020,1.0,42.85,1
62,62.0,RE2,CF3,TL1,CQ3,CAP2,COP2,RE2_CF3_TL1_CQ3_CAP2_COP2,H,REPO,PD,0.0,978,2021,1.03,42.85,1
62,62.0,RE2,CF3,TL1,CQ3,CAP2,COP2,RE2_CF3_TL1_CQ3_CAP2_COP2,H,REPO,PD,0.0,979,2022,1.06,45.61,1
62,62.0,RE2,CF3,TL1,CQ3,CAP2,COP2,RE2_CF3_TL1_CQ3_CAP2_COP2,H,REPO,PD,0.0,980,2023,1.09,127.71,1
62,62.0,RE2,CF3,TL1,CQ3,CAP2,COP2,RE2_CF3_TL1_CQ3_CAP2_COP2,H,REPO,PD,0.0,981,2024,1.12,209.81,1
62,62.0,RE2,CF3,TL1,CQ3,CAP2,COP2,RE2_CF3_TL1_CQ3_CAP2_COP2,H,REPO,PD,0.0,982,2025,1.15,291.9,1
62,62.0,RE2,CF3,TL1,CQ3,CAP2,COP2,RE2_CF3_TL1_CQ3_CAP2_COP2,H,REPO,PD,0.0,983,2026,1.18,374.0,1
62,62.0,RE2,CF3,TL1,CQ3,CAP2,COP2,RE2_CF3_TL1_CQ3_CAP2_COP2,H,REPO,PD,0.0,984,2027,1.21,456.1,1
62,62.0,RE2,CF3,TL1,CQ3,CAP2,COP2,RE2_CF3_TL1_CQ3_CAP2_COP2,H,REPO,PD,0.0,985,2028,1.24,456.1,1
62,62.0,RE2,CF3,TL1,CQ3,CAP2,COP2,RE2_CF3_TL1_CQ3_CAP2_COP2,H,REPO,PD,0.0,986,2029,1.27,456.1,1
62,62.0,RE2,CF3,TL1,CQ3,CAP2,COP2,RE2_CF3_TL1_CQ3_CAP2_COP2,H,REPO,PD,0.0,987,2030,1.3,456.1,1
62,62.0,RE2,CF3,TL1,CQ3,CAP2,COP2,RE2_CF3_TL1_CQ3_CAP2_COP2,H,REPO,PD,0.0,988,2031,1.36,456.1,1
62,62.0,RE2,CF3,TL1,CQ3,CAP2,COP2,RE2_CF3_TL1_CQ3_CAP2_COP2,H,REPO,PD,0.0,989,2032,1.42,456.1,1
62,62.0,RE2,CF3,TL1,CQ3,CAP2,COP2,RE2_CF3_TL1_CQ3_CAP2_COP2,H,REPO,PD,0.0,990,2033,1.48,456.1,1
62,62.0,RE2,CF3,TL1,CQ3,CAP2,COP2,RE2_CF3_TL1_CQ3_CAP2_COP2,H,REPO,PD,0.0,991,2034,1.54,456.1,1
62,62.0,RE2,CF3,TL1,CQ3,CAP2,COP2,RE2_CF3_TL1_CQ3_CAP2_COP2,H,REPO,PD,0.0,992,2035,1.6,456.1,1
63,63.0,RE1,CF2,TL1,CQ3,CAP2,COP1,RE1_CF2_TL1_CQ3_CAP2_COP1,BAU,REPO,BAU,0.3,993,2020,1.0,42.85,1
63,63.0,RE1,CF2,TL1,CQ3,CAP2,COP1,RE1_CF2_TL1_CQ3_CAP2_COP1,BAU,REPO,BAU,0.3,994,2021,1.03,42.85,1
63,63.0,RE1,CF2,TL1,CQ3,CAP2,COP1,RE1_CF2_TL1_CQ3_CAP2_COP1,BAU,REPO,BAU,0.3,995,2022,1.06,45.61,1
63,63.0,RE1,CF2,TL1,CQ3,CAP2,COP1,RE1_CF2_TL1_CQ3_CAP2_COP1,BAU,REPO,BAU,0.3,996,2023,1.09,127.71,1
63,63.0,RE1,CF2,TL1,CQ3,CAP2,COP1,RE1_CF2_TL1_CQ3_CAP2_COP1,BAU,REPO,BAU,0.3,997,2024,1.12,209.81,1
63,63.0,RE1,CF2,TL1,CQ3,CAP2,COP1,RE1_CF2_TL1_CQ3_CAP2_COP1,BAU,REPO,BAU,0.3,998,2025,1.15,291.9,1
63,63.0,RE1,CF2,TL1,CQ3,CAP2,COP1,RE1_CF2_TL1_CQ3_CAP2_COP1,BAU,REPO,BAU,0.3,999,2026,1.18,374.0,1
63,63.0,RE1,CF2,TL1,CQ3,CAP2,COP1,RE1_CF2_TL1_CQ3_CAP2_COP1,BAU,REPO,BAU,0.3,1000,2027,1.21,456.1,1
63,63.0,RE1,CF2,TL1,CQ3,CAP2,COP1,RE1_CF2_TL1_CQ3_CAP2_COP1,BAU,REPO,BAU,0.3,1001,2028,1.24,456.1,1
63,63.0,RE1,CF2,TL1,CQ3,CAP2,COP1,RE1_CF2_TL1_CQ3_CAP2_COP1,BAU,REPO,BAU,0.3,1002,2029,1.27,456.1,1
63,63.0,RE1,CF2,TL1,CQ3,CAP2,COP1,RE1_CF2_TL1_CQ3_CAP2_COP1,BAU,REPO,BAU,0.3,1003,2030,1.3,456.1,1
63,63.0,RE1,CF2,TL1,CQ3,CAP2,COP1,RE1_CF2_TL1_CQ3_CAP2_COP1,BAU,REPO,BAU,0.3,1004,2031,1.36,456.1,1
63,63.0,RE1,CF2,TL1,CQ3,CAP2,COP1,RE1_CF2_TL1_CQ3_CAP2_COP1,BAU,REPO,BAU,0.3,1005,2032,1.42,456.1,1
63,63.0,RE1,CF2,TL1,CQ3,CAP2,COP1,RE1_CF2_TL1_CQ3_CAP2_COP1,BAU,REPO,BAU,0.3,1006,2033,1.48,456.1,1
63,63.0,RE1,CF2,TL1,CQ3,CAP2,COP1,RE1_CF2_TL1_CQ3_CAP2_COP1,BAU,REPO,BAU,0.3,1007,2034,1.54,456.1,1
63,63.0,RE1,CF2,TL1,CQ3,CAP2,COP1,RE1_CF2_TL1_CQ3_CAP2_COP1,BAU,REPO,BAU,0.3,1008,2035,1.6,456.1,1
64,64.0,RE1,CF1,TL2,CQ5,CAP1,COP2,RE1_CF1_TL2_CQ5_CAP1_COP2,BAU,全行业配额,PD,0.4,1009,2020,1.0,42.85,1
64,64.0,RE1,CF1,TL2,CQ5,CAP1,COP2,RE1_CF1_TL2_CQ5_CAP1_COP2,BAU,全行业配额,PD,0.4,1010,2021,1.1,42.85,1
64,64.0,RE1,CF1,TL2,CQ5,CAP1,COP2,RE1_CF1_TL2_CQ5_CAP1_COP2,BAU,全行业配额,PD,0.4,1011,2022,1.2,45.61,1
64,64.0,RE1,CF1,TL2,CQ5,CAP1,COP2,RE1_CF1_TL2_CQ5_CAP1_COP2,BAU,全行业配额,PD,0.4,1012,2023,1.3,62.79,1
64,64.0,RE1,CF1,TL2,CQ5,CAP1,COP2,RE1_CF1_TL2_CQ5_CAP1_COP2,BAU,全行业配额,PD,0.4,1013,2024,1.4,70.36,1
64,64.0,RE1,CF1,TL2,CQ5,CAP1,COP2,RE1_CF1_TL2_CQ5_CAP1_COP2,BAU,全行业配额,PD,0.4,1014,2025,1.5,80.33,1
64,64.0,RE1,CF1,TL2,CQ5,CAP1,COP2,RE1_CF1_TL2_CQ5_CAP1_COP2,BAU,全行业配额,PD,0.4,1015,2026,1.6,90.3,1
64,64.0,RE1,CF1,TL2,CQ5,CAP1,COP2,RE1_CF1_TL2_CQ5_CAP1_COP2,BAU,全行业配额,PD,0.4,1016,2027,1.7,100.27,1
64,64.0,RE1,CF1,TL2,CQ5,CAP1,COP2,RE1_CF1_TL2_CQ5_CAP1_COP2,BAU,全行业配额,PD,0.4,1017,2028,1.8,110.24,1
64,64.0,RE1,CF1,TL2,CQ5,CAP1,COP2,RE1_CF1_TL2_CQ5_CAP1_COP2,BAU,全行业配额,PD,0.4,1018,2029,1.9,120.21,1
64,64.0,RE1,CF1,TL2,CQ5,CAP1,COP2,RE1_CF1_TL2_CQ5_CAP1_COP2,BAU,全行业配额,PD,0.4,1019,2030,2.0,130.18,1
64,64.0,RE1,CF1,TL2,CQ5,CAP1,COP2,RE1_CF1_TL2_CQ5_CAP1_COP2,BAU,全行业配额,PD,0.4,1020,2031,2.1,137.9,1
64,64.0,RE1,CF1,TL2,CQ5,CAP1,COP2,RE1_CF1_TL2_CQ5_CAP1_COP2,BAU,全行业配额,PD,0.4,1021,2032,2.2,147.31,1
64,64.0,RE1,CF1,TL2,CQ5,CAP1,COP2,RE1_CF1_TL2_CQ5_CAP1_COP2,BAU,全行业配额,PD,0.4,1022,2033,2.3,156.72,1
64,64.0,RE1,CF1,TL2,CQ5,CAP1,COP2,RE1_CF1_TL2_CQ5_CAP1_COP2,BAU,全行业配额,PD,0.4,1023,2034,2.4,166.13,1
64,64.0,RE1,CF1,TL2,CQ5,CAP1,COP2,RE1_CF1_TL2_CQ5_CAP1_COP2,BAU,全行业配额,PD,0.4,1024,2035,2.5,175.53,1
65,65.0,RE2,CF1,TL2,CQ2,CAP1,COP2,RE2_CF1_TL2_CQ2_CAP1_COP2,H,基准不变,PD,0.4,1025,2020,1.0,42.85,1
65,65.0,RE2,CF1,TL2,CQ2,CAP1,COP2,RE2_CF1_TL2_CQ2_CAP1_COP2,H,基准不变,PD,0.4,1026,2021,1.1,42.85,1
65,65.0,RE2,CF1,TL2,CQ2,CAP1,COP2,RE2_CF1_TL2_CQ2_CAP1_COP2,H,基准不变,PD,0.4,1027,2022,1.2,45.61,1
65,65.0,RE2,CF1,TL2,CQ2,CAP1,COP2,RE2_CF1_TL2_CQ2_CAP1_COP2,H,基准不变,PD,0.4,1028,2023,1.3,62.79,1
65,65.0,RE2,CF1,TL2,CQ2,CAP1,COP2,RE2_CF1_TL2_CQ2_CAP1_COP2,H,基准不变,PD,0.4,1029,2024,1.4,70.36,1
65,65.0,RE2,CF1,TL2,CQ2,CAP1,COP2,RE2_CF1_TL2_CQ2_CAP1_COP2,H,基准不变,PD,0.4,1030,2025,1.5,80.33,1
65,65.0,RE2,CF1,TL2,CQ2,CAP1,COP2,RE2_CF1_TL2_CQ2_CAP1_COP2,H,基准不变,PD,0.4,1031,2026,1.6,90.3,1
65,65.0,RE2,CF1,TL2,CQ2,CAP1,COP2,RE2_CF1_TL2_CQ2_CAP1_COP2,H,基准不变,PD,0.4,1032,2027,1.7,100.27,1
65,65.0,RE2,CF1,TL2,CQ2,CAP1,COP2,RE2_CF1_TL2_CQ2_CAP1_COP2,H,基准不变,PD,0.4,1033,2028,1.8,110.24,1
65,65.0,RE2,CF1,TL2,CQ2,CAP1,COP2,RE2_CF1_TL2_CQ2_CAP1_COP2,H,基准不变,PD,0.4,1034,2029,1.9,120.21,1
65,65.0,RE2,CF1,TL2,CQ2,CAP1,COP2,RE2_CF1_TL2_CQ2_CAP1_COP2,H,基准不变,PD,0.4,1035,2030,2.0,130.18,1
65,65.0,RE2,CF1,TL2,CQ2,CAP1,COP2,RE2_CF1_TL2_CQ2_CAP1_COP2,H,基准不变,PD,0.4,1036,2031,2.1,137.9,1
65,65.0,RE2,CF1,TL2,CQ2,CAP1,COP2,RE2_CF1_TL2_CQ2_CAP1_COP2,H,基准不变,PD,0.4,1037,2032,2.2,147.31,1
65,65.0,RE2,CF1,TL2,CQ2,CAP1,COP2,RE2_CF1_TL2_CQ2_CAP1_COP2,H,基准不变,PD,0.4,1038,2033,2.3,156.72,1
65,65.0,RE2,CF1,TL2,CQ2,CAP1,COP2,RE2_CF1_TL2_CQ2_CAP1_COP2,H,基准不变,PD,0.4,1039,2034,2.4,166.13,1
65,65.0,RE2,CF1,TL2,CQ2,CAP1,COP2,RE2_CF1_TL2_CQ2_CAP1_COP2,H,基准不变,PD,0.4,1040,2035,2.5,175.53,1
66,66.0,RE1,CF3,TL2,CQ3,CAP2,COP1,RE1_CF3_TL2_CQ3_CAP2_COP1,BAU,REPO,BAU,0.0,1041,2020,1.0,42.85,1
66,66.0,RE1,CF3,TL2,CQ3,CAP2,COP1,RE1_CF3_TL2_CQ3_CAP2_COP1,BAU,REPO,BAU,0.0,1042,2021,1.1,42.85,1
66,66.0,RE1,CF3,TL2,CQ3,CAP2,COP1,RE1_CF3_TL2_CQ3_CAP2_COP1,BAU,REPO,BAU,0.0,1043,2022,1.2,45.61,1
66,66.0,RE1,CF3,TL2,CQ3,CAP2,COP1,RE1_CF3_TL2_CQ3_CAP2_COP1,BAU,REPO,BAU,0.0,1044,2023,1.3,127.71,1
66,66.0,RE1,CF3,TL2,CQ3,CAP2,COP1,RE1_CF3_TL2_CQ3_CAP2_COP1,BAU,REPO,BAU,0.0,1045,2024,1.4,209.81,1
66,66.0,RE1,CF3,TL2,CQ3,CAP2,COP1,RE1_CF3_TL2_CQ3_CAP2_COP1,BAU,REPO,BAU,0.0,1046,2025,1.5,291.9,1
66,66.0,RE1,CF3,TL2,CQ3,CAP2,COP1,RE1_CF3_TL2_CQ3_CAP2_COP1,BAU,REPO,BAU,0.0,1047,2026,1.6,374.0,1
66,66.0,RE1,CF3,TL2,CQ3,CAP2,COP1,RE1_CF3_TL2_CQ3_CAP2_COP1,BAU,REPO,BAU,0.0,1048,2027,1.7,456.1,1
66,66.0,RE1,CF3,TL2,CQ3,CAP2,COP1,RE1_CF3_TL2_CQ3_CAP2_COP1,BAU,REPO,BAU,0.0,1049,2028,1.8,456.1,1
66,66.0,RE1,CF3,TL2,CQ3,CAP2,COP1,RE1_CF3_TL2_CQ3_CAP2_COP1,BAU,REPO,BAU,0.0,1050,2029,1.9,456.1,1
66,66.0,RE1,CF3,TL2,CQ3,CAP2,COP1,RE1_CF3_TL2_CQ3_CAP2_COP1,BAU,REPO,BAU,0.0,1051,2030,2.0,456.1,1
66,66.0,RE1,CF3,TL2,CQ3,CAP2,COP1,RE1_CF3_TL2_CQ3_CAP2_COP1,BAU,REPO,BAU,0.0,1052,2031,2.1,456.1,1
66,66.0,RE1,CF3,TL2,CQ3,CAP2,COP1,RE1_CF3_TL2_CQ3_CAP2_COP1,BAU,REPO,BAU,0.0,1053,2032,2.2,456.1,1
66,66.0,RE1,CF3,TL2,CQ3,CAP2,COP1,RE1_CF3_TL2_CQ3_CAP2_COP1,BAU,REPO,BAU,0.0,1054,2033,2.3,456.1,1
66,66.0,RE1,CF3,TL2,CQ3,CAP2,COP1,RE1_CF3_TL2_CQ3_CAP2_COP1,BAU,REPO,BAU,0.0,1055,2034,2.4,456.1,1
66,66.0,RE1,CF3,TL2,CQ3,CAP2,COP1,RE1_CF3_TL2_CQ3_CAP2_COP1,BAU,REPO,BAU,0.0,1056,2035,2.5,456.1,1
67,67.0,RE2,CF1,TL2,CQ3,CAP2,COP2,RE2_CF1_TL2_CQ3_CAP2_COP2,H,REPO,PD,0.4,1057,2020,1.0,42.85,1
67,67.0,RE2,CF1,TL2,CQ3,CAP2,COP2,RE2_CF1_TL2_CQ3_CAP2_COP2,H,REPO,PD,0.4,1058,2021,1.1,42.85,1
67,67.0,RE2,CF1,TL2,CQ3,CAP2,COP2,RE2_CF1_TL2_CQ3_CAP2_COP2,H,REPO,PD,0.4,1059,2022,1.2,45.61,1
67,67.0,RE2,CF1,TL2,CQ3,CAP2,COP2,RE2_CF1_TL2_CQ3_CAP2_COP2,H,REPO,PD,0.4,1060,2023,1.3,127.71,1
67,67.0,RE2,CF1,TL2,CQ3,CAP2,COP2,RE2_CF1_TL2_CQ3_CAP2_COP2,H,REPO,PD,0.4,1061,2024,1.4,209.81,1
67,67.0,RE2,CF1,TL2,CQ3,CAP2,COP2,RE2_CF1_TL2_CQ3_CAP2_COP2,H,REPO,PD,0.4,1062,2025,1.5,291.9,1
67,67.0,RE2,CF1,TL2,CQ3,CAP2,COP2,RE2_CF1_TL2_CQ3_CAP2_COP2,H,REPO,PD,0.4,1063,2026,1.6,374.0,1
67,67.0,RE2,CF1,TL2,CQ3,CAP2,COP2,RE2_CF1_TL2_CQ3_CAP2_COP2,H,REPO,PD,0.4,1064,2027,1.7,456.1,1
67,67.0,RE2,CF1,TL2,CQ3,CAP2,COP2,RE2_CF1_TL2_CQ3_CAP2_COP2,H,REPO,PD,0.4,1065,2028,1.8,456.1,1
67,67.0,RE2,CF1,TL2,CQ3,CAP2,COP2,RE2_CF1_TL2_CQ3_CAP2_COP2,H,REPO,PD,0.4,1066,2029,1.9,456.1,1
67,67.0,RE2,CF1,TL2,CQ3,CAP2,COP2,RE2_CF1_TL2_CQ3_CAP2_COP2,H,REPO,PD,0.4,1067,2030,2.0,456.1,1
67,67.0,RE2,CF1,TL2,CQ3,CAP2,COP2,RE2_CF1_TL2_CQ3_CAP2_COP2,H,REPO,PD,0.4,1068,2031,2.1,456.1,1
67,67.0,RE2,CF1,TL2,CQ3,CAP2,COP2,RE2_CF1_TL2_CQ3_CAP2_COP2,H,REPO,PD,0.4,1069,2032,2.2,456.1,1
67,67.0,RE2,CF1,TL2,CQ3,CAP2,COP2,RE2_CF1_TL2_CQ3_CAP2_COP2,H,REPO,PD,0.4,1070,2033,2.3,456.1,1
67,67.0,RE2,CF1,TL2,CQ3,CAP2,COP2,RE2_CF1_TL2_CQ3_CAP2_COP2,H,REPO,PD,0.4,1071,2034,2.4,456.1,1
67,67.0,RE2,CF1,TL2,CQ3,CAP2,COP2,RE2_CF1_TL2_CQ3_CAP2_COP2,H,REPO,PD,0.4,1072,2035,2.5,456.1,1
68,68.0,RE1,CF3,TL1,CQ2,CAP1,COP1,RE1_CF3_TL1_CQ2_CAP1_COP1,BAU,基准不变,BAU,0.0,1073,2020,1.0,42.85,1
68,68.0,RE1,CF3,TL1,CQ2,CAP1,COP1,RE1_CF3_TL1_CQ2_CAP1_COP1,BAU,基准不变,BAU,0.0,1074,2021,1.03,42.85,1
68,68.0,RE1,CF3,TL1,CQ2,CAP1,COP1,RE1_CF3_TL1_CQ2_CAP1_COP1,BAU,基准不变,BAU,0.0,1075,2022,1.06,45.61,1
68,68.0,RE1,CF3,TL1,CQ2,CAP1,COP1,RE1_CF3_TL1_CQ2_CAP1_COP1,BAU,基准不变,BAU,0.0,1076,2023,1.09,62.79,1
68,68.0,RE1,CF3,TL1,CQ2,CAP1,COP1,RE1_CF3_TL1_CQ2_CAP1_COP1,BAU,基准不变,BAU,0.0,1077,2024,1.12,70.36,1
68,68.0,RE1,CF3,TL1,CQ2,CAP1,COP1,RE1_CF3_TL1_CQ2_CAP1_COP1,BAU,基准不变,BAU,0.0,1078,2025,1.15,80.33,1
68,68.0,RE1,CF3,TL1,CQ2,CAP1,COP1,RE1_CF3_TL1_CQ2_CAP1_COP1,BAU,基准不变,BAU,0.0,1079,2026,1.18,90.3,1
68,68.0,RE1,CF3,TL1,CQ2,CAP1,COP1,RE1_CF3_TL1_CQ2_CAP1_COP1,BAU,基准不变,BAU,0.0,1080,2027,1.21,100.27,1
68,68.0,RE1,CF3,TL1,CQ2,CAP1,COP1,RE1_CF3_TL1_CQ2_CAP1_COP1,BAU,基准不变,BAU,0.0,1081,2028,1.24,110.24,1
68,68.0,RE1,CF3,TL1,CQ2,CAP1,COP1,RE1_CF3_TL1_CQ2_CAP1_COP1,BAU,基准不变,BAU,0.0,1082,2029,1.27,120.21,1
68,68.0,RE1,CF3,TL1,CQ2,CAP1,COP1,RE1_CF3_TL1_CQ2_CAP1_COP1,BAU,基准不变,BAU,0.0,1083,2030,1.3,130.18,1
68,68.0,RE1,CF3,TL1,CQ2,CAP1,COP1,RE1_CF3_TL1_CQ2_CAP1_COP1,BAU,基准不变,BAU,0.0,1084,2031,1.36,137.9,1
68,68.0,RE1,CF3,TL1,CQ2,CAP1,COP1,RE1_CF3_TL1_CQ2_CAP1_COP1,BAU,基准不变,BAU,0.0,1085,2032,1.42,147.31,1
68,68.0,RE1,CF3,TL1,CQ2,CAP1,COP1,RE1_CF3_TL1_CQ2_CAP1_COP1,BAU,基准不变,BAU,0.0,1086,2033,1.48,156.72,1
68,68.0,RE1,CF3,TL1,CQ2,CAP1,COP1,RE1_CF3_TL1_CQ2_CAP1_COP1,BAU,基准不变,BAU,0.0,1087,2034,1.54,166.13,1
68,68.0,RE1,CF3,TL1,CQ2,CAP1,COP1,RE1_CF3_TL1_CQ2_CAP1_COP1,BAU,基准不变,BAU,0.0,1088,2035,1.6,175.53,1
69,69.0,RE2,CF2,TL2,CQ3,CAP2,COP1,RE2_CF2_TL2_CQ3_CAP2_COP1,H,REPO,BAU,0.3,1089,2020,1.0,42.85,1
69,69.0,RE2,CF2,TL2,CQ3,CAP2,COP1,RE2_CF2_TL2_CQ3_CAP2_COP1,H,REPO,BAU,0.3,1090,2021,1.1,42.85,1
69,69.0,RE2,CF2,TL2,CQ3,CAP2,COP1,RE2_CF2_TL2_CQ3_CAP2_COP1,H,REPO,BAU,0.3,1091,2022,1.2,45.61,1
69,69.0,RE2,CF2,TL2,CQ3,CAP2,COP1,RE2_CF2_TL2_CQ3_CAP2_COP1,H,REPO,BAU,0.3,1092,2023,1.3,127.71,1
69,69.0,RE2,CF2,TL2,CQ3,CAP2,COP1,RE2_CF2_TL2_CQ3_CAP2_COP1,H,REPO,BAU,0.3,1093,2024,1.4,209.81,1
69,69.0,RE2,CF2,TL2,CQ3,CAP2,COP1,RE2_CF2_TL2_CQ3_CAP2_COP1,H,REPO,BAU,0.3,1094,2025,1.5,291.9,1
69,69.0,RE2,CF2,TL2,CQ3,CAP2,COP1,RE2_CF2_TL2_CQ3_CAP2_COP1,H,REPO,BAU,0.3,1095,2026,1.6,374.0,1
69,69.0,RE2,CF2,TL2,CQ3,CAP2,COP1,RE2_CF2_TL2_CQ3_CAP2_COP1,H,REPO,BAU,0.3,1096,2027,1.7,456.1,1
69,69.0,RE2,CF2,TL2,CQ3,CAP2,COP1,RE2_CF2_TL2_CQ3_CAP2_COP1,H,REPO,BAU,0.3,1097,2028,1.8,456.1,1
69,69.0,RE2,CF2,TL2,CQ3,CAP2,COP1,RE2_CF2_TL2_CQ3_CAP2_COP1,H,REPO,BAU,0.3,1098,2029,1.9,456.1,1
69,69.0,RE2,CF2,TL2,CQ3,CAP2,COP1,RE2_CF2_TL2_CQ3_CAP2_COP1,H,REPO,BAU,0.3,1099,2030,2.0,456.1,1
69,69.0,RE2,CF2,TL2,CQ3,CAP2,COP1,RE2_CF2_TL2_CQ3_CAP2_COP1,H,REPO,BAU,0.3,1100,2031,2.1,456.1,1
69,69.0,RE2,CF2,TL2,CQ3,CAP2,COP1,RE2_CF2_TL2_CQ3_CAP2_COP1,H,REPO,BAU,0.3,1101,2032,2.2,456.1,1
69,69.0,RE2,CF2,TL2,CQ3,CAP2,COP1,RE2_CF2_TL2_CQ3_CAP2_COP1,H,REPO,BAU,0.3,1102,2033,2.3,456.1,1
69,69.0,RE2,CF2,TL2,CQ3,CAP2,COP1,RE2_CF2_TL2_CQ3_CAP2_COP1,H,REPO,BAU,0.3,1103,2034,2.4,456.1,1
69,69.0,RE2,CF2,TL2,CQ3,CAP2,COP1,RE2_CF2_TL2_CQ3_CAP2_COP1,H,REPO,BAU,0.3,1104,2035,2.5,456.1,1
70,70.0,RE1,CF1,TL2,CQ4,CAP2,COP1,RE1_CF1_TL2_CQ4_CAP2_COP1,BAU,REPO_plus,BAU,0.4,1105,2020,1.0,42.85,1
70,70.0,RE1,CF1,TL2,CQ4,CAP2,COP1,RE1_CF1_TL2_CQ4_CAP2_COP1,BAU,REPO_plus,BAU,0.4,1106,2021,1.1,42.85,1
70,70.0,RE1,CF1,TL2,CQ4,CAP2,COP1,RE1_CF1_TL2_CQ4_CAP2_COP1,BAU,REPO_plus,BAU,0.4,1107,2022,1.2,45.61,1
70,70.0,RE1,CF1,TL2,CQ4,CAP2,COP1,RE1_CF1_TL2_CQ4_CAP2_COP1,BAU,REPO_plus,BAU,0.4,1108,2023,1.3,127.71,1
70,70.0,RE1,CF1,TL2,CQ4,CAP2,COP1,RE1_CF1_TL2_CQ4_CAP2_COP1,BAU,REPO_plus,BAU,0.4,1109,2024,1.4,209.81,1
70,70.0,RE1,CF1,TL2,CQ4,CAP2,COP1,RE1_CF1_TL2_CQ4_CAP2_COP1,BAU,REPO_plus,BAU,0.4,1110,2025,1.5,291.9,1
70,70.0,RE1,CF1,TL2,CQ4,CAP2,COP1,RE1_CF1_TL2_CQ4_CAP2_COP1,BAU,REPO_plus,BAU,0.4,1111,2026,1.6,374.0,1
70,70.0,RE1,CF1,TL2,CQ4,CAP2,COP1,RE1_CF1_TL2_CQ4_CAP2_COP1,BAU,REPO_plus,BAU,0.4,1112,2027,1.7,456.1,1
70,70.0,RE1,CF1,TL2,CQ4,CAP2,COP1,RE1_CF1_TL2_CQ4_CAP2_COP1,BAU,REPO_plus,BAU,0.4,1113,2028,1.8,456.1,1
70,70.0,RE1,CF1,TL2,CQ4,CAP2,COP1,RE1_CF1_TL2_CQ4_CAP2_COP1,BAU,REPO_plus,BAU,0.4,1114,2029,1.9,456.1,1
70,70.0,RE1,CF1,TL2,CQ4,CAP2,COP1,RE1_CF1_TL2_CQ4_CAP2_COP1,BAU,REPO_plus,BAU,0.4,1115,2030,2.0,456.1,1
70,70.0,RE1,CF1,TL2,CQ4,CAP2,COP1,RE1_CF1_TL2_CQ4_CAP2_COP1,BAU,REPO_plus,BAU,0.4,1116,2031,2.1,456.1,1
70,70.0,RE1,CF1,TL2,CQ4,CAP2,COP1,RE1_CF1_TL2_CQ4_CAP2_COP1,BAU,REPO_plus,BAU,0.4,1117,2032,2.2,456.1,1
70,70.0,RE1,CF1,TL2,CQ4,CAP2,COP1,RE1_CF1_TL2_CQ4_CAP2_COP1,BAU,REPO_plus,BAU,0.4,1118,2033,2.3,456.1,1
70,70.0,RE1,CF1,TL2,CQ4,CAP2,COP1,RE1_CF1_TL2_CQ4_CAP2_COP1,BAU,REPO_plus,BAU,0.4,1119,2034,2.4,456.1,1
70,70.0,RE1,CF1,TL2,CQ4,CAP2,COP1,RE1_CF1_TL2_CQ4_CAP2_COP1,BAU,REPO_plus,BAU,0.4,1120,2035,2.5,456.1,1
71,71.0,RE2,CF2,TL2,CQ6,CAP1,COP2,RE2_CF2_TL2_CQ6_CAP1_COP2,H,电力配额,PD,0.3,1121,2020,1.0,42.85,1
71,71.0,RE2,CF2,TL2,CQ6,CAP1,COP2,RE2_CF2_TL2_CQ6_CAP1_COP2,H,电力配额,PD,0.3,1122,2021,1.1,42.85,1
71,71.0,RE2,CF2,TL2,CQ6,CAP1,COP2,RE2_CF2_TL2_CQ6_CAP1_COP2,H,电力配额,PD,0.3,1123,2022,1.2,45.61,1
71,71.0,RE2,CF2,TL2,CQ6,CAP1,COP2,RE2_CF2_TL2_CQ6_CAP1_COP2,H,电力配额,PD,0.3,1124,2023,1.3,62.79,1
71,71.0,RE2,CF2,TL2,CQ6,CAP1,COP2,RE2_CF2_TL2_CQ6_CAP1_COP2,H,电力配额,PD,0.3,1125,2024,1.4,70.36,1
71,71.0,RE2,CF2,TL2,CQ6,CAP1,COP2,RE2_CF2_TL2_CQ6_CAP1_COP2,H,电力配额,PD,0.3,1126,2025,1.5,80.33,1
71,71.0,RE2,CF2,TL2,CQ6,CAP1,COP2,RE2_CF2_TL2_CQ6_CAP1_COP2,H,电力配额,PD,0.3,1127,2026,1.6,90.3,1
71,71.0,RE2,CF2,TL2,CQ6,CAP1,COP2,RE2_CF2_TL2_CQ6_CAP1_COP2,H,电力配额,PD,0.3,1128,2027,1.7,100.27,1
71,71.0,RE2,CF2,TL2,CQ6,CAP1,COP2,RE2_CF2_TL2_CQ6_CAP1_COP2,H,电力配额,PD,0.3,1129,2028,1.8,110.24,1
71,71.0,RE2,CF2,TL2,CQ6,CAP1,COP2,RE2_CF2_TL2_CQ6_CAP1_COP2,H,电力配额,PD,0.3,1130,2029,1.9,120.21,1
71,71.0,RE2,CF2,TL2,CQ6,CAP1,COP2,RE2_CF2_TL2_CQ6_CAP1_COP2,H,电力配额,PD,0.3,1131,2030,2.0,130.18,1
71,71.0,RE2,CF2,TL2,CQ6,CAP1,COP2,RE2_CF2_TL2_CQ6_CAP1_COP2,H,电力配额,PD,0.3,1132,2031,2.1,137.9,1
71,71.0,RE2,CF2,TL2,CQ6,CAP1,COP2,RE2_CF2_TL2_CQ6_CAP1_COP2,H,电力配额,PD,0.3,1133,2032,2.2,147.31,1
71,71.0,RE2,CF2,TL2,CQ6,CAP1,COP2,RE2_CF2_TL2_CQ6_CAP1_COP2,H,电力配额,PD,0.3,1134,2033,2.3,156.72,1
71,71.0,RE2,CF2,TL2,CQ6,CAP1,COP2,RE2_CF2_TL2_CQ6_CAP1_COP2,H,电力配额,PD,0.3,1135,2034,2.4,166.13,1
71,71.0,RE2,CF2,TL2,CQ6,CAP1,COP2,RE2_CF2_TL2_CQ6_CAP1_COP2,H,电力配额,PD,0.3,1136,2035,2.5,175.53,1
72,72.0,RE1,CF1,TL1,CQ1,CAP2,COP2,RE1_CF1_TL1_CQ1_CAP2_COP2,BAU,无配额,PD,0.4,1137,2020,1.0,0.0,0
72,72.0,RE1,CF1,TL1,CQ1,CAP2,COP2,RE1_CF1_TL1_CQ1_CAP2_COP2,BAU,无配额,PD,0.4,1138,2021,1.03,0.0,0
72,72.0,RE1,CF1,TL1,CQ1,CAP2,COP2,RE1_CF1_TL1_CQ1_CAP2_COP2,BAU,无配额,PD,0.4,1139,2022,1.06,0.0,0
72,72.0,RE1,CF1,TL1,CQ1,CAP2,COP2,RE1_CF1_TL1_CQ1_CAP2_COP2,BAU,无配额,PD,0.4,1140,2023,1.09,0.0,0
72,72.0,RE1,CF1,TL1,CQ1,CAP2,COP2,RE1_CF1_TL1_CQ1_CAP2_COP2,BAU,无配额,PD,0.4,1141,2024,1.12,0.0,0
72,72.0,RE1,CF1,TL1,CQ1,CAP2,COP2,RE1_CF1_TL1_CQ1_CAP2_COP2,BAU,无配额,PD,0.4,1142,2025,1.15,0.0,0
72,72.0,RE1,CF1,TL1,CQ1,CAP2,COP2,RE1_CF1_TL1_CQ1_CAP2_COP2,BAU,无配额,PD,0.4,1143,2026,1.18,0.0,0
72,72.0,RE1,CF1,TL1,CQ1,CAP2,COP2,RE1_CF1_TL1_CQ1_CAP2_COP2,BAU,无配额,PD,0.4,1144,2027,1.21,0.0,0
72,72.0,RE1,CF1,TL1,CQ1,CAP2,COP2,RE1_CF1_TL1_CQ1_CAP2_COP2,BAU,无配额,PD,0.4,1145,2028,1.24,0.0,0
72,72.0,RE1,CF1,TL1,CQ1,CAP2,COP2,RE1_CF1_TL1_CQ1_CAP2_COP2,BAU,无配额,PD,0.4,1146,2029,1.27,0.0,0
72,72.0,RE1,CF1,TL1,CQ1,CAP2,COP2,RE1_CF1_TL1_CQ1_CAP2_COP2,BAU,无配额,PD,0.4,1147,2030,1.3,0.0,0
72,72.0,RE1,CF1,TL1,CQ1,CAP2,COP2,RE1_CF1_TL1_CQ1_CAP2_COP2,BAU,无配额,PD,0.4,1148,2031,1.36,0.0,0
72,72.0,RE1,CF1,TL1,CQ1,CAP2,COP2,RE1_CF1_TL1_CQ1_CAP2_COP2,BAU,无配额,PD,0.4,1149,2032,1.42,0.0,0
72,72.0,RE1,CF1,TL1,CQ1,CAP2,COP2,RE1_CF1_TL1_CQ1_CAP2_COP2,BAU,无配额,PD,0.4,1150,2033,1.48,0.0,0
72,72.0,RE1,CF1,TL1,CQ1,CAP2,COP2,RE1_CF1_TL1_CQ1_CAP2_COP2,BAU,无配额,PD,0.4,1151,2034,1.54,0.0,0
72,72.0,RE1,CF1,TL1,CQ1,CAP2,COP2,RE1_CF1_TL1_CQ1_CAP2_COP2,BAU,无配额,PD,0.4,1152,2035,1.6,0.0,0
73,,RE1,CF1,TL1,CQ1,CAP1,COP2,RE1_CF1_TL1_CQ1_CAP1_COP2,BAU,无配额,PD,0.4,1153,2020,1.0,0.0,0
73,,RE1,CF1,TL1,CQ1,CAP1,COP2,RE1_CF1_TL1_CQ1_CAP1_COP2,BAU,无配额,PD,0.4,1154,2021,1.03,0.0,0
73,,RE1,CF1,TL1,CQ1,CAP1,COP2,RE1_CF1_TL1_CQ1_CAP1_COP2,BAU,无配额,PD,0.4,1155,2022,1.06,0.0,0
73,,RE1,CF1,TL1,CQ1,CAP1,COP2,RE1_CF1_TL1_CQ1_CAP1_COP2,BAU,无配额,PD,0.4,1156,2023,1.09,0.0,0
73,,RE1,CF1,TL1,CQ1,CAP1,COP2,RE1_CF1_TL1_CQ1_CAP1_COP2,BAU,无配额,PD,0.4,1157,2024,1.12,0.0,0
73,,RE1,CF1,TL1,CQ1,CAP1,COP2,RE1_CF1_TL1_CQ1_CAP1_COP2,BAU,无配额,PD,0.4,1158,2025,1.15,0.0,0
73,,RE1,CF1,TL1,CQ1,CAP1,COP2,RE1_CF1_TL1_CQ1_CAP1_COP2,BAU,无配额,PD,0.4,1159,2026,1.18,0.0,0
73,,RE1,CF1,TL1,CQ1,CAP1,COP2,RE1_CF1_TL1_CQ1_CAP1_COP2,BAU,无配额,PD,0.4,1160,2027,1.21,0.0,0
73,,RE1,CF1,TL1,CQ1,CAP1,COP2,RE1_CF1_TL1_CQ1_CAP1_COP2,BAU,无配额,PD,0.4,1161,2028,1.24,0.0,0
73,,RE1,CF1,TL1,CQ1,CAP1,COP2,RE1_CF1_TL1_CQ1_CAP1_COP2,BAU,无配额,PD,0.4,1162,2029,1.27,0.0,0
73,,RE1,CF1,TL1,CQ1,CAP1,COP2,RE1_CF1_TL1_CQ1_CAP1_COP2,BAU,无配额,PD,0.4,1163,2030,1.3,0.0,0
73,,RE1,CF1,TL1,CQ1,CAP1,COP2,RE1_CF1_TL1_CQ1_CAP1_COP2,BAU,无配额,PD,0.4,1164,2031,1.36,0.0,0
73,,RE1,CF1,TL1,CQ1,CAP1,COP2,RE1_CF1_TL1_CQ1_CAP1_COP2,BAU,无配额,PD,0.4,1165,2032,1.42,0.0,0
73,,RE1,CF1,TL1,CQ1,CAP1,COP2,RE1_CF1_TL1_CQ1_CAP1_COP2,BAU,无配额,PD,0.4,1166,2033,1.48,0.0,0
73,,RE1,CF1,TL1,CQ1,CAP1,COP2,RE1_CF1_TL1_CQ1_CAP1_COP2,BAU,无配额,PD,0.4,1167,2034,1.54,0.0,0
73,,RE1,CF1,TL1,CQ1,CAP1,COP2,RE1_CF1_TL1_CQ1_CAP1_COP2,BAU,无配额,PD,0.4,1168,2035,1.6,0.0,0
74,,RE1,CF1,TL1,CQ1,CAP2,COP1,RE1_CF1_TL1_CQ1_CAP2_COP1,BAU,无配额,BAU,0.4,1169,2020,1.0,0.0,0
74,,RE1,CF1,TL1,CQ1,CAP2,COP1,RE1_CF1_TL1_CQ1_CAP2_COP1,BAU,无配额,BAU,0.4,1170,2021,1.03,0.0,0
74,,RE1,CF1,TL1,CQ1,CAP2,COP1,RE1_CF1_TL1_CQ1_CAP2_COP1,BAU,无配额,BAU,0.4,1171,2022,1.06,0.0,0
74,,RE1,CF1,TL1,CQ1,CAP2,COP1,RE1_CF1_TL1_CQ1_CAP2_COP1,BAU,无配额,BAU,0.4,1172,2023,1.09,0.0,0
74,,RE1,CF1,TL1,CQ1,CAP2,COP1,RE1_CF1_TL1_CQ1_CAP2_COP1,BAU,无配额,BAU,0.4,1173,2024,1.12,0.0,0
74,,RE1,CF1,TL1,CQ1,CAP2,COP1,RE1_CF1_TL1_CQ1_CAP2_COP1,BAU,无配额,BAU,0.4,1174,2025,1.15,0.0,0
74,,RE1,CF1,TL1,CQ1,CAP2,COP1,RE1_CF1_TL1_CQ1_CAP2_COP1,BAU,无配额,BAU,0.4,1175,2026,1.18,0.0,0
74,,RE1,CF1,TL1,CQ1,CAP2,COP1,RE1_CF1_TL1_CQ1_CAP2_COP1,BAU,无配额,BAU,0.4,1176,2027,1.21,0.0,0
74,,RE1,CF1,TL1,CQ1,CAP2,COP1,RE1_CF1_TL1_CQ1_CAP2_COP1,BAU,无配额,BAU,0.4,1177,2028,1.24,0.0,0
74,,RE1,CF1,TL1,CQ1,CAP2,COP1,RE1_CF1_TL1_CQ1_CAP2_COP1,BAU,无配额,BAU,0.4,1178,2029,1.27,0.0,0
74,,RE1,CF1,TL1,CQ1,CAP2,COP1,RE1_CF1_TL1_CQ1_CAP2_COP1,BAU,无配额,BAU,0.4,1179,2030,1.3,0.0,0
74,,RE1,CF1,TL1,CQ1,CAP2,COP1,RE1_CF1_TL1_CQ1_CAP2_COP1,BAU,无配额,BAU,0.4,1180,2031,1.36,0.0,0
74,,RE1,CF1,TL1,CQ1,CAP2,COP1,RE1_CF1_TL1_CQ1_CAP2_COP1,BAU,无配额,BAU,0.4,1181,2032,1.42,0.0,0
74,,RE1,CF1,TL1,CQ1,CAP2,COP1,RE1_CF1_TL1_CQ1_CAP2_COP1,BAU,无配额,BAU,0.4,1182,2033,1.48,0.0,0
74,,RE1,CF1,TL1,CQ1,CAP2,COP1,RE1_CF1_TL1_CQ1_CAP2_COP1,BAU,无配额,BAU,0.4,1183,2034,1.54,0.0,0
74,,RE1,CF1,TL1,CQ1,CAP2,COP1,RE1_CF1_TL1_CQ1_CAP2_COP1,BAU,无配额,BAU,0.4,1184,2035,1.6,0.0,0
75,,RE1,CF1,TL1,CQ2,CAP1,COP1,RE1_CF1_TL1_CQ2_CAP1_COP1,BAU,基准不变,BAU,0.4,1185,2020,1.0,42.85,1
75,,RE1,CF1,TL1,CQ2,CAP1,COP1,RE1_CF1_TL1_CQ2_CAP1_COP1,BAU,基准不变,BAU,0.4,1186,2021,1.03,42.85,1
75,,RE1,CF1,TL1,CQ2,CAP1,COP1,RE1_CF1_TL1_CQ2_CAP1_COP1,BAU,基准不变,BAU,0.4,1187,2022,1.06,45.61,1
75,,RE1,CF1,TL1,CQ2,CAP1,COP1,RE1_CF1_TL1_CQ2_CAP1_COP1,BAU,基准不变,BAU,0.4,1188,2023,1.09,62.79,1
75,,RE1,CF1,TL1,CQ2,CAP1,COP1,RE1_CF1_TL1_CQ2_CAP1_COP1,BAU,基准不变,BAU,0.4,1189,2024,1.12,70.36,1
75,,RE1,CF1,TL1,CQ2,CAP1,COP1,RE1_CF1_TL1_CQ2_CAP1_COP1,BAU,基准不变,BAU,0.4,1190,2025,1.15,80.33,1
75,,RE1,CF1,TL1,CQ2,CAP1,COP1,RE1_CF1_TL1_CQ2_CAP1_COP1,BAU,基准不变,BAU,0.4,1191,2026,1.18,90.3,1
75,,RE1,CF1,TL1,CQ2,CAP1,COP1,RE1_CF1_TL1_CQ2_CAP1_COP1,BAU,基准不变,BAU,0.4,1192,2027,1.21,100.27,1
75,,RE1,CF1,TL1,CQ2,CAP1,COP1,RE1_CF1_TL1_CQ2_CAP1_COP1,BAU,基准不变,BAU,0.4,1193,2028,1.24,110.24,1
75,,RE1,CF1,TL1,CQ2,CAP1,COP1,RE1_CF1_TL1_CQ2_CAP1_COP1,BAU,基准不变,BAU,0.4,1194,2029,1.27,120.21,1
75,,RE1,CF1,TL1,CQ2,CAP1,COP1,RE1_CF1_TL1_CQ2_CAP1_COP1,BAU,基准不变,BAU,0.4,1195,2030,1.3,130.18,1
75,,RE1,CF1,TL1,CQ2,CAP1,COP1,RE1_CF1_TL1_CQ2_CAP1_COP1,BAU,基准不变,BAU,0.4,1196,2031,1.36,137.9,1
75,,RE1,CF1,TL1,CQ2,CAP1,COP1,RE1_CF1_TL1_CQ2_CAP1_COP1,BAU,基准不变,BAU,0.4,1197,2032,1.42,147.31,1
75,,RE1,CF1,TL1,CQ2,CAP1,COP1,RE1_CF1_TL1_CQ2_CAP1_COP1,BAU,基准不变,BAU,0.4,1198,2033,1.48,156.72,1
75,,RE1,CF1,TL1,CQ2,CAP1,COP1,RE1_CF1_TL1_CQ2_CAP1_COP1,BAU,基准不变,BAU,0.4,1199,2034,1.54,166.13,1
75,,RE1,CF1,TL1,CQ2,CAP1,COP1,RE1_CF1_TL1_CQ2_CAP1_COP1,BAU,基准不变,BAU,0.4,1200,2035,1.6,175.53,1
76,,RE1,CF1,TL1,CQ2,CAP2,COP1,RE1_CF1_TL1_CQ2_CAP2_COP1,BAU,基准不变,BAU,0.4,1201,2020,1.0,42.85,1
76,,RE1,CF1,TL1,CQ2,CAP2,COP1,RE1_CF1_TL1_CQ2_CAP2_COP1,BAU,基准不变,BAU,0.4,1202,2021,1.03,42.85,1
76,,RE1,CF1,TL1,CQ2,CAP2,COP1,RE1_CF1_TL1_CQ2_CAP2_COP1,BAU,基准不变,BAU,0.4,1203,2022,1.06,45.61,1
76,,RE1,CF1,TL1,CQ2,CAP2,COP1,RE1_CF1_TL1_CQ2_CAP2_COP1,BAU,基准不变,BAU,0.4,1204,2023,1.09,127.71,1
76,,RE1,CF1,TL1,CQ2,CAP2,COP1,RE1_CF1_TL1_CQ2_CAP2_COP1,BAU,基准不变,BAU,0.4,1205,2024,1.12,209.81,1
76,,RE1,CF1,TL1,CQ2,CAP2,COP1,RE1_CF1_TL1_CQ2_CAP2_COP1,BAU,基准不变,BAU,0.4,1206,2025,1.15,291.9,1
76,,RE1,CF1,TL1,CQ2,CAP2,COP1,RE1_CF1_TL1_CQ2_CAP2_COP1,BAU,基准不变,BAU,0.4,1207,2026,1.18,374.0,1
76,,RE1,CF1,TL1,CQ2,CAP2,COP1,RE1_CF1_TL1_CQ2_CAP2_COP1,BAU,基准不变,BAU,0.4,1208,2027,1.21,456.1,1
76,,RE1,CF1,TL1,CQ2,CAP2,COP1,RE1_CF1_TL1_CQ2_CAP2_COP1,BAU,基准不变,BAU,0.4,1209,2028,1.24,456.1,1
76,,RE1,CF1,TL1,CQ2,CAP2,COP1,RE1_CF1_TL1_CQ2_CAP2_COP1,BAU,基准不变,BAU,0.4,1210,2029,1.27,456.1,1
76,,RE1,CF1,TL1,CQ2,CAP2,COP1,RE1_CF1_TL1_CQ2_CAP2_COP1,BAU,基准不变,BAU,0.4,1211,2030,1.3,456.1,1
76,,RE1,CF1,TL1,CQ2,CAP2,COP1,RE1_CF1_TL1_CQ2_CAP2_COP1,BAU,基准不变,BAU,0.4,1212,2031,1.36,456.1,1
76,,RE1,CF1,TL1,CQ2,CAP2,COP1,RE1_CF1_TL1_CQ2_CAP2_COP1,BAU,基准不变,BAU,0.4,1213,2032,1.42,456.1,1
76,,RE1,CF1,TL1,CQ2,CAP2,COP1,RE1_CF1_TL1_CQ2_CAP2_COP1,BAU,基准不变,BAU,0.4,1214,2033,1.48,456.1,1
76,,RE1,CF1,TL1,CQ2,CAP2,COP1,RE1_CF1_TL1_CQ2_CAP2_COP1,BAU,基准不变,BAU,0.4,1215,2034,1.54,456.1,1
76,,RE1,CF1,TL1,CQ2,CAP2,COP1,RE1_CF1_TL1_CQ2_CAP2_COP1,BAU,基准不变,BAU,0.4,1216,2035,1.6,456.1,1
77,,RE1,CF1,TL1,CQ2,CAP2,COP2,RE1_CF1_TL1_CQ2_CAP2_COP2,BAU,基准不变,PD,0.4,1217,2020,1.0,42.85,1
77,,RE1,CF1,TL1,CQ2,CAP2,COP2,RE1_CF1_TL1_CQ2_CAP2_COP2,BAU,基准不变,PD,0.4,1218,2021,1.03,42.85,1
77,,RE1,CF1,TL1,CQ2,CAP2,COP2,RE1_CF1_TL1_CQ2_CAP2_COP2,BAU,基准不变,PD,0.4,1219,2022,1.06,45.61,1
77,,RE1,CF1,TL1,CQ2,CAP2,COP2,RE1_CF1_TL1_CQ2_CAP2_COP2,BAU,基准不变,PD,0.4,1220,2023,1.09,127.71,1
77,,RE1,CF1,TL1,CQ2,CAP2,COP2,RE1_CF1_TL1_CQ2_CAP2_COP2,BAU,基准不变,PD,0.4,1221,2024,1.12,209.81,1
77,,RE1,CF1,TL1,CQ2,CAP2,COP2,RE1_CF1_TL1_CQ2_CAP2_COP2,BAU,基准不变,PD,0.4,1222,2025,1.15,291.9,1
77,,RE1,CF1,TL1,CQ2,CAP2,COP2,RE1_CF1_TL1_CQ2_CAP2_COP2,BAU,基准不变,PD,0.4,1223,2026,1.18,374.0,1
77,,RE1,CF1,TL1,CQ2,CAP2,COP2,RE1_CF1_TL1_CQ2_CAP2_COP2,BAU,基准不变,PD,0.4,1224,2027,1.21,456.1,1
77,,RE1,CF1,TL1,CQ2,CAP2,COP2,RE1_CF1_TL1_CQ2_CAP2_COP2,BAU,基准不变,PD,0.4,1225,2028,1.24,456.1,1
77,,RE1,CF1,TL1,CQ2,CAP2,COP2,RE1_CF1_TL1_CQ2_CAP2_COP2,BAU,基准不变,PD,0.4,1226,2029,1.27,456.1,1
77,,RE1,CF1,TL1,CQ2,CAP2,COP2,RE1_CF1_TL1_CQ2_CAP2_COP2,BAU,基准不变,PD,0.4,1227,2030,1.3,456.1,1
77,,RE1,CF1,TL1,CQ2,CAP2,COP2,RE1_CF1_TL1_CQ2_CAP2_COP2,BAU,基准不变,PD,0.4,1228,2031,1.36,456.1,1
77,,RE1,CF1,TL1,CQ2,CAP2,COP2,RE1_CF1_TL1_CQ2_CAP2_COP2,BAU,基准不变,PD,0.4,1229,2032,1.42,456.1,1
77,,RE1,CF1,TL1,CQ2,CAP2,COP2,RE1_CF1_TL1_CQ2_CAP2_COP2,BAU,基准不变,PD,0.4,1230,2033,1.48,456.1,1
77,,RE1,CF1,TL1,CQ2,CAP2,COP2,RE1_CF1_TL1_CQ2_CAP2_COP2,BAU,基准不变,PD,0.4,1231,2034,1.54,456.1,1
77,,RE1,CF1,TL1,CQ2,CAP2,COP2,RE1_CF1_TL1_CQ2_CAP2_COP2,BAU,基准不变,PD,0.4,1232,2035,1.6,456.1,1
78,,RE1,CF1,TL1,CQ3,CAP1,COP1,RE1_CF1_TL1_CQ3_CAP1_COP1,BAU,REPO,BAU,0.4,1233,2020,1.0,42.85,1
78,,RE1,CF1,TL1,CQ3,CAP1,COP1,RE1_CF1_TL1_CQ3_CAP1_COP1,BAU,REPO,BAU,0.4,1234,2021,1.03,42.85,1
78,,RE1,CF1,TL1,CQ3,CAP1,COP1,RE1_CF1_TL1_CQ3_CAP1_COP1,BAU,REPO,BAU,0.4,1235,2022,1.06,45.61,1
78,,RE1,CF1,TL1,CQ3,CAP1,COP1,RE1_CF1_TL1_CQ3_CAP1_COP1,BAU,REPO,BAU,0.4,1236,2023,1.09,62.79,1
78,,RE1,CF1,TL1,CQ3,CAP1,COP1,RE1_CF1_TL1_CQ3_CAP1_COP1,BAU,REPO,BAU,0.4,1237,2024,1.12,70.36,1
78,,RE1,CF1,TL1,CQ3,CAP1,COP1,RE1_CF1_TL1_CQ3_CAP1_COP1,BAU,REPO,BAU,0.4,1238,2025,1.15,80.33,1
78,,RE1,CF1,TL1,CQ3,CAP1,COP1,RE1_CF1_TL1_CQ3_CAP1_COP1,BAU,REPO,BAU,0.4,1239,2026,1.18,90.3,1
78,,RE1,CF1,TL1,CQ3,CAP1,COP1,RE1_CF1_TL1_CQ3_CAP1_COP1,BAU,REPO,BAU,0.4,1240,2027,1.21,100.27,1
78,,RE1,CF1,TL1,CQ3,CAP1,COP1,RE1_CF1_TL1_CQ3_CAP1_COP1,BAU,REPO,BAU,0.4,1241,2028,1.24,110.24,1
78,,RE1,CF1,TL1,CQ3,CAP1,COP1,RE1_CF1_TL1_CQ3_CAP1_COP1,BAU,REPO,BAU,0.4,1242,2029,1.27,120.21,1
78,,RE1,CF1,TL1,CQ3,CAP1,COP1,RE1_CF1_TL1_CQ3_CAP1_COP1,BAU,REPO,BAU,0.4,1243,2030,1.3,130.18,1
78,,RE1,CF1,TL1,CQ3,CAP1,COP1,RE1_CF1_TL1_CQ3_CAP1_COP1,BAU,REPO,BAU,0.4,1244,2031,1.36,137.9,1
78,,RE1,CF1,TL1,CQ3,CAP1,COP1,RE1_CF1_TL1_CQ3_CAP1_COP1,BAU,REPO,BAU,0.4,1245,2032,1.42,147.31,1
78,,RE1,CF1,TL1,CQ3,CAP1,COP1,RE1_CF1_TL1_CQ3_CAP1_COP1,BAU,REPO,BAU,0.4,1246,2033,1.48,156.72,1
78,,RE1,CF1,TL1,CQ3,CAP1,COP1,RE1_CF1_TL1_CQ3_CAP1_COP1,BAU,REPO,BAU,0.4,1247,2034,1.54,166.13,1
78,,RE1,CF1,TL1,CQ3,CAP1,COP1,RE1_CF1_TL1_CQ3_CAP1_COP1,BAU,REPO,BAU,0.4,1248,2035,1.6,175.53,1
79,,RE1,CF1,TL1,CQ3,CAP1,COP2,RE1_CF1_TL1_CQ3_CAP1_COP2,BAU,REPO,PD,0.4,1249,2020,1.0,42.85,1
79,,RE1,CF1,TL1,CQ3,CAP1,COP2,RE1_CF1_TL1_CQ3_CAP1_COP2,BAU,REPO,PD,0.4,1250,2021,1.03,42.85,1
79,,RE1,CF1,TL1,CQ3,CAP1,COP2,RE1_CF1_TL1_CQ3_CAP1_COP2,BAU,REPO,PD,0.4,1251,2022,1.06,45.61,1
79,,RE1,CF1,TL1,CQ3,CAP1,COP2,RE1_CF1_TL1_CQ3_CAP1_COP2,BAU,REPO,PD,0.4,1252,2023,1.09,62.79,1
79,,RE1,CF1,TL1,CQ3,CAP1,COP2,RE1_CF1_TL1_CQ3_CAP1_COP2,BAU,REPO,PD,0.4,1253,2024,1.12,70.36,1
79,,RE1,CF1,TL1,CQ3,CAP1,COP2,RE1_CF1_TL1_CQ3_CAP1_COP2,BAU,REPO,PD,0.4,1254,2025,1.15,80.33,1
79,,RE1,CF1,TL1,CQ3,CAP1,COP2,RE1_CF1_TL1_CQ3_CAP1_COP2,BAU,REPO,PD,0.4,1255,2026,1.18,90.3,1
79,,RE1,CF1,TL1,CQ3,CAP1,COP2,RE1_CF1_TL1_CQ3_CAP1_COP2,BAU,REPO,PD,0.4,1256,2027,1.21,100.27,1
79,,RE1,CF1,TL1,CQ3,CAP1,COP2,RE1_CF1_TL1_CQ3_CAP1_COP2,BAU,REPO,PD,0.4,1257,2028,1.24,110.24,1
79,,RE1,CF1,TL1,CQ3,CAP1,COP2,RE1_CF1_TL1_CQ3_CAP1_COP2,BAU,REPO,PD,0.4,1258,2029,1.27,120.21,1
79,,RE1,CF1,TL1,CQ3,CAP1,COP2,RE1_CF1_TL1_CQ3_CAP1_COP2,BAU,REPO,PD,0.4,1259,2030,1.3,130.18,1
79,,RE1,CF1,TL1,CQ3,CAP1,COP2,RE1_CF1_TL1_CQ3_CAP1_COP2,BAU,REPO,PD,0.4,1260,2031,1.36,137.9,1
79,,RE1,CF1,TL1,CQ3,CAP1,COP2,RE1_CF1_TL1_CQ3_CAP1_COP2,BAU,REPO,PD,0.4,1261,2032,1.42,147.31,1
79,,RE1,CF1,TL1,CQ3,CAP1,COP2,RE1_CF1_TL1_CQ3_CAP1_COP2,BAU,REPO,PD,0.4,1262,2033,1.48,156.72,1
79,,RE1,CF1,TL1,CQ3,CAP1,COP2,RE1_CF1_TL1_CQ3_CAP1_COP2,BAU,REPO,PD,0.4,1263,2034,1.54,166.13,1
79,,RE1,CF1,TL1,CQ3,CAP1,COP2,RE1_CF1_TL1_CQ3_CAP1_COP2,BAU,REPO,PD,0.4,1264,2035,1.6,175.53,1
80,,RE1,CF1,TL1,CQ3,CAP2,COP1,RE1_CF1_TL1_CQ3_CAP2_COP1,BAU,REPO,BAU,0.4,1265,2020,1.0,42.85,1
80,,RE1,CF1,TL1,CQ3,CAP2,COP1,RE1_CF1_TL1_CQ3_CAP2_COP1,BAU,REPO,BAU,0.4,1266,2021,1.03,42.85,1
80,,RE1,CF1,TL1,CQ3,CAP2,COP1,RE1_CF1_TL1_CQ3_CAP2_COP1,BAU,REPO,BAU,0.4,1267,2022,1.06,45.61,1
80,,RE1,CF1,TL1,CQ3,CAP2,COP1,RE1_CF1_TL1_CQ3_CAP2_COP1,BAU,REPO,BAU,0.4,1268,2023,1.09,127.71,1
80,,RE1,CF1,TL1,CQ3,CAP2,COP1,RE1_CF1_TL1_CQ3_CAP2_COP1,BAU,REPO,BAU,0.4,1269,2024,1.12,209.81,1
80,,RE1,CF1,TL1,CQ3,CAP2,COP1,RE1_CF1_TL1_CQ3_CAP2_COP1,BAU,REPO,BAU,0.4,1270,2025,1.15,291.9,1
80,,RE1,CF1,TL1,CQ3,CAP2,COP1,RE1_CF1_TL1_CQ3_CAP2_COP1,BAU,REPO,BAU,0.4,1271,2026,1.18,374.0,1
80,,RE1,CF1,TL1,CQ3,CAP2,COP1,RE1_CF1_TL1_CQ3_CAP2_COP1,BAU,REPO,BAU,0.4,1272,2027,1.21,456.1,1
80,,RE1,CF1,TL1,CQ3,CAP2,COP1,RE1_CF1_TL1_CQ3_CAP2_COP1,BAU,REPO,BAU,0.4,1273,2028,1.24,456.1,1
80,,RE1,CF1,TL1,CQ3,CAP2,COP1,RE1_CF1_TL1_CQ3_CAP2_COP1,BAU,REPO,BAU,0.4,1274,2029,1.27,456.1,1
80,,RE1,CF1,TL1,CQ3,CAP2,COP1,RE1_CF1_TL1_CQ3_CAP2_COP1,BAU,REPO,BAU,0.4,1275,2030,1.3,456.1,1
80,,RE1,CF1,TL1,CQ3,CAP2,COP1,RE1_CF1_TL1_CQ3_CAP2_COP1,BAU,REPO,BAU,0.4,1276,2031,1.36,456.1,1
80,,RE1,CF1,TL1,CQ3,CAP2,COP1,RE1_CF1_TL1_CQ3_CAP2_COP1,BAU,REPO,BAU,0.4,1277,2032,1.42,456.1,1
80,,RE1,CF1,TL1,CQ3,CAP2,COP1,RE1_CF1_TL1_CQ3_CAP2_COP1,BAU,REPO,BAU,0.4,1278,2033,1.48,456.1,1
80,,RE1,CF1,TL1,CQ3,CAP2,COP1,RE1_CF1_TL1_CQ3_CAP2_COP1,BAU,REPO,BAU,0.4,1279,2034,1.54,456.1,1
80,,RE1,CF1,TL1,CQ3,CAP2,COP1,RE1_CF1_TL1_CQ3_CAP2_COP1,BAU,REPO,BAU,0.4,1280,2035,1.6,456.1,1
81,,RE1,CF1,TL1,CQ4,CAP1,COP2,RE1_CF1_TL1_CQ4_CAP1_COP2,BAU,REPO_plus,PD,0.4,1281,2020,1.0,42.85,1
81,,RE1,CF1,TL1,CQ4,CAP1,COP2,RE1_CF1_TL1_CQ4_CAP1_COP2,BAU,REPO_plus,PD,0.4,1282,2021,1.03,42.85,1
81,,RE1,CF1,TL1,CQ4,CAP1,COP2,RE1_CF1_TL1_CQ4_CAP1_COP2,BAU,REPO_plus,PD,0.4,1283,2022,1.06,45.61,1
81,,RE1,CF1,TL1,CQ4,CAP1,COP2,RE1_CF1_TL1_CQ4_CAP1_COP2,BAU,REPO_plus,PD,0.4,1284,2023,1.09,62.79,1
81,,RE1,CF1,TL1,CQ4,CAP1,COP2,RE1_CF1_TL1_CQ4_CAP1_COP2,BAU,REPO_plus,PD,0.4,1285,2024,1.12,70.36,1
81,,RE1,CF1,TL1,CQ4,CAP1,COP2,RE1_CF1_TL1_CQ4_CAP1_COP2,BAU,REPO_plus,PD,0.4,1286,2025,1.15,80.33,1
81,,RE1,CF1,TL1,CQ4,CAP1,COP2,RE1_CF1_TL1_CQ4_CAP1_COP2,BAU,REPO_plus,PD,0.4,1287,2026,1.18,90.3,1
81,,RE1,CF1,TL1,CQ4,CAP1,COP2,RE1_CF1_TL1_CQ4_CAP1_COP2,BAU,REPO_plus,PD,0.4,1288,2027,1.21,100.27,1
81,,RE1,CF1,TL1,CQ4,CAP1,COP2,RE1_CF1_TL1_CQ4_CAP1_COP2,BAU,REPO_plus,PD,0.4,1289,2028,1.24,110.24,1
81,,RE1,CF1,TL1,CQ4,CAP1,COP2,RE1_CF1_TL1_CQ4_CAP1_COP2,BAU,REPO_plus,PD,0.4,1290,2029,1.27,120.21,1
81,,RE1,CF1,TL1,CQ4,CAP1,COP2,RE1_CF1_TL1_CQ4_CAP1_COP2,BAU,REPO_plus,PD,0.4,1291,2030,1.3,130.18,1
81,,RE1,CF1,TL1,CQ4,CAP1,COP2,RE1_CF1_TL1_CQ4_CAP1_COP2,BAU,REPO_plus,PD,0.4,1292,2031,1.36,137.9,1
81,,RE1,CF1,TL1,CQ4,CAP1,COP2,RE1_CF1_TL1_CQ4_CAP1_COP2,BAU,REPO_plus,PD,0.4,1293,2032,1.42,147.31,1
81,,RE1,CF1,TL1,CQ4,CAP1,COP2,RE1_CF1_TL1_CQ4_CAP1_COP2,BAU,REPO_plus,PD,0.4,1294,2033,1.48,156.72,1
81,,RE1,CF1,TL1,CQ4,CAP1,COP2,RE1_CF1_TL1_CQ4_CAP1_COP2,BAU,REPO_plus,PD,0.4,1295,2034,1.54,166.13,1
81,,RE1,CF1,TL1,CQ4,CAP1,COP2,RE1_CF1_TL1_CQ4_CAP1_COP2,BAU,REPO_plus,PD,0.4,1296,2035,1.6,175.53,1
82,,RE1,CF1,TL1,CQ4,CAP2,COP1,RE1_CF1_TL1_CQ4_CAP2_COP1,BAU,REPO_plus,BAU,0.4,1297,2020,1.0,42.85,1
82,,RE1,CF1,TL1,CQ4,CAP2,COP1,RE1_CF1_TL1_CQ4_CAP2_COP1,BAU,REPO_plus,BAU,0.4,1298,2021,1.03,42.85,1
82,,RE1,CF1,TL1,CQ4,CAP2,COP1,RE1_CF1_TL1_CQ4_CAP2_COP1,BAU,REPO_plus,BAU,0.4,1299,2022,1.06,45.61,1
82,,RE1,CF1,TL1,CQ4,CAP2,COP1,RE1_CF1_TL1_CQ4_CAP2_COP1,BAU,REPO_plus,BAU,0.4,1300,2023,1.09,127.71,1
82,,RE1,CF1,TL1,CQ4,CAP2,COP1,RE1_CF1_TL1_CQ4_CAP2_COP1,BAU,REPO_plus,BAU,0.4,1301,2024,1.12,209.81,1
82,,RE1,CF1,TL1,CQ4,CAP2,COP1,RE1_CF1_TL1_CQ4_CAP2_COP1,BAU,REPO_plus,BAU,0.4,1302,2025,1.15,291.9,1
82,,RE1,CF1,TL1,CQ4,CAP2,COP1,RE1_CF1_TL1_CQ4_CAP2_COP1,BAU,REPO_plus,BAU,0.4,1303,2026,1.18,374.0,1
82,,RE1,CF1,TL1,CQ4,CAP2,COP1,RE1_CF1_TL1_CQ4_CAP2_COP1,BAU,REPO_plus,BAU,0.4,1304,2027,1.21,456.1,1
82,,RE1,CF1,TL1,CQ4,CAP2,COP1,RE1_CF1_TL1_CQ4_CAP2_COP1,BAU,REPO_plus,BAU,0.4,1305,2028,1.24,456.1,1
82,,RE1,CF1,TL1,CQ4,CAP2,COP1,RE1_CF1_TL1_CQ4_CAP2_COP1,BAU,REPO_plus,BAU,0.4,1306,2029,1.27,456.1,1
82,,RE1,CF1,TL1,CQ4,CAP2,COP1,RE1_CF1_TL1_CQ4_CAP2_COP1,BAU,REPO_plus,BAU,0.4,1307,2030,1.3,456.1,1
82,,RE1,CF1,TL1,CQ4,CAP2,COP1,RE1_CF1_TL1_CQ4_CAP2_COP1,BAU,REPO_plus,BAU,0.4,1308,2031,1.36,456.1,1
82,,RE1,CF1,TL1,CQ4,CAP2,COP1,RE1_CF1_TL1_CQ4_CAP2_COP1,BAU,REPO_plus,BAU,0.4,1309,2032,1.42,456.1,1
82,,RE1,CF1,TL1,CQ4,CAP2,COP1,RE1_CF1_TL1_CQ4_CAP2_COP1,BAU,REPO_plus,BAU,0.4,1310,2033,1.48,456.1,1
82,,RE1,CF1,TL1,CQ4,CAP2,COP1,RE1_CF1_TL1_CQ4_CAP2_COP1,BAU,REPO_plus,BAU,0.4,1311,2034,1.54,456.1,1
82,,RE1,CF1,TL1,CQ4,CAP2,COP1,RE1_CF1_TL1_CQ4_CAP2_COP1,BAU,REPO_plus,BAU,0.4,1312,2035,1.6,456.1,1
83,,RE1,CF1,TL1,CQ4,CAP2,COP2,RE1_CF1_TL1_CQ4_CAP2_COP2,BAU,REPO_plus,PD,0.4,1313,2020,1.0,42.85,1
83,,RE1,CF1,TL1,CQ4,CAP2,COP2,RE1_CF1_TL1_CQ4_CAP2_COP2,BAU,REPO_plus,PD,0.4,1314,2021,1.03,42.85,1
83,,RE1,CF1,TL1,CQ4,CAP2,COP2,RE1_CF1_TL1_CQ4_CAP2_COP2,BAU,REPO_plus,PD,0.4,1315,2022,1.06,45.61,1
83,,RE1,CF1,TL1,CQ4,CAP2,COP2,RE1_CF1_TL1_CQ4_CAP2_COP2,BAU,REPO_plus,PD,0.4,1316,2023,1.09,127.71,1
83,,RE1,CF1,TL1,CQ4,CAP2,COP2,RE1_CF1_TL1_CQ4_CAP2_COP2,BAU,REPO_plus,PD,0.4,1317,2024,1.12,209.81,1
83,,RE1,CF1,TL1,CQ4,CAP2,COP2,RE1_CF1_TL1_CQ4_CAP2_COP2,BAU,REPO_plus,PD,0.4,1318,2025,1.15,291.9,1
83,,RE1,CF1,TL1,CQ4,CAP2,COP2,RE1_CF1_TL1_CQ4_CAP2_COP2,BAU,REPO_plus,PD,0.4,1319,2026,1.18,374.0,1
83,,RE1,CF1,TL1,CQ4,CAP2,COP2,RE1_CF1_TL1_CQ4_CAP2_COP2,BAU,REPO_plus,PD,0.4,1320,2027,1.21,456.1,1
83,,RE1,CF1,TL1,CQ4,CAP2,COP2,RE1_CF1_TL1_CQ4_CAP2_COP2,BAU,REPO_plus,PD,0.4,1321,2028,1.24,456.1,1
83,,RE1,CF1,TL1,CQ4,CAP2,COP2,RE1_CF1_TL1_CQ4_CAP2_COP2,BAU,REPO_plus,PD,0.4,1322,2029,1.27,456.1,1
83,,RE1,CF1,TL1,CQ4,CAP2,COP2,RE1_CF1_TL1_CQ4_CAP2_COP2,BAU,REPO_plus,PD,0.4,1323,2030,1.3,456.1,1
83,,RE1,CF1,TL1,CQ4,CAP2,COP2,RE1_CF1_TL1_CQ4_CAP2_COP2,BAU,REPO_plus,PD,0.4,1324,2031,1.36,456.1,1
83,,RE1,CF1,TL1,CQ4,CAP2,COP2,RE1_CF1_TL1_CQ4_CAP2_COP2,BAU,REPO_plus,PD,0.4,1325,2032,1.42,456.1,1
83,,RE1,CF1,TL1,CQ4,CAP2,COP2,RE1_CF1_TL1_CQ4_CAP2_COP2,BAU,REPO_plus,PD,0.4,1326,2033,1.48,456.1,1
83,,RE1,CF1,TL1,CQ4,CAP2,COP2,RE1_CF1_TL1_CQ4_CAP2_COP2,BAU,REPO_plus,PD,0.4,1327,2034,1.54,456.1,1
83,,RE1,CF1,TL1,CQ4,CAP2,COP2,RE1_CF1_TL1_CQ4_CAP2_COP2,BAU,REPO_plus,PD,0.4,1328,2035,1.6,456.1,1
84,,RE1,CF1,TL1,CQ5,CAP1,COP1,RE1_CF1_TL1_CQ5_CAP1_COP1,BAU,全行业配额,BAU,0.4,1329,2020,1.0,42.85,1
84,,RE1,CF1,TL1,CQ5,CAP1,COP1,RE1_CF1_TL1_CQ5_CAP1_COP1,BAU,全行业配额,BAU,0.4,1330,2021,1.03,42.85,1
84,,RE1,CF1,TL1,CQ5,CAP1,COP1,RE1_CF1_TL1_CQ5_CAP1_COP1,BAU,全行业配额,BAU,0.4,1331,2022,1.06,45.61,1
84,,RE1,CF1,TL1,CQ5,CAP1,COP1,RE1_CF1_TL1_CQ5_CAP1_COP1,BAU,全行业配额,BAU,0.4,1332,2023,1.09,62.79,1
84,,RE1,CF1,TL1,CQ5,CAP1,COP1,RE1_CF1_TL1_CQ5_CAP1_COP1,BAU,全行业配额,BAU,0.4,1333,2024,1.12,70.36,1
84,,RE1,CF1,TL1,CQ5,CAP1,COP1,RE1_CF1_TL1_CQ5_CAP1_COP1,BAU,全行业配额,BAU,0.4,1334,2025,1.15,80.33,1
84,,RE1,CF1,TL1,CQ5,CAP1,COP1,RE1_CF1_TL1_CQ5_CAP1_COP1,BAU,全行业配额,BAU,0.4,1335,2026,1.18,90.3,1
84,,RE1,CF1,TL1,CQ5,CAP1,COP1,RE1_CF1_TL1_CQ5_CAP1_COP1,BAU,全行业配额,BAU,0.4,1336,2027,1.21,100.27,1
84,,RE1,CF1,TL1,CQ5,CAP1,COP1,RE1_CF1_TL1_CQ5_CAP1_COP1,BAU,全行业配额,BAU,0.4,1337,2028,1.24,110.24,1
84,,RE1,CF1,TL1,CQ5,CAP1,COP1,RE1_CF1_TL1_CQ5_CAP1_COP1,BAU,全行业配额,BAU,0.4,1338,2029,1.27,120.21,1
84,,RE1,CF1,TL1,CQ5,CAP1,COP1,RE1_CF1_TL1_CQ5_CAP1_COP1,BAU,全行业配额,BAU,0.4,1339,2030,1.3,130.18,1
84,,RE1,CF1,TL1,CQ5,CAP1,COP1,RE1_CF1_TL1_CQ5_CAP1_COP1,BAU,全行业配额,BAU,0.4,1340,2031,1.36,137.9,1
84,,RE1,CF1,TL1,CQ5,CAP1,COP1,RE1_CF1_TL1_CQ5_CAP1_COP1,BAU,全行业配额,BAU,0.4,1341,2032,1.42,147.31,1
84,,RE1,CF1,TL1,CQ5,CAP1,COP1,RE1_CF1_TL1_CQ5_CAP1_COP1,BAU,全行业配额,BAU,0.4,1342,2033,1.48,156.72,1
84,,RE1,CF1,TL1,CQ5,CAP1,COP1,RE1_CF1_TL1_CQ5_CAP1_COP1,BAU,全行业配额,BAU,0.4,1343,2034,1.54,166.13,1
84,,RE1,CF1,TL1,CQ5,CAP1,COP1,RE1_CF1_TL1_CQ5_CAP1_COP1,BAU,全行业配额,BAU,0.4,1344,2035,1.6,175.53,1
85,,RE1,CF1,TL1,CQ5,CAP1,COP2,RE1_CF1_TL1_CQ5_CAP1_COP2,BAU,全行业配额,PD,0.4,1345,2020,1.0,42.85,1
85,,RE1,CF1,TL1,CQ5,CAP1,COP2,RE1_CF1_TL1_CQ5_CAP1_COP2,BAU,全行业配额,PD,0.4,1346,2021,1.03,42.85,1
85,,RE1,CF1,TL1,CQ5,CAP1,COP2,RE1_CF1_TL1_CQ5_CAP1_COP2,BAU,全行业配额,PD,0.4,1347,2022,1.06,45.61,1
85,,RE1,CF1,TL1,CQ5,CAP1,COP2,RE1_CF1_TL1_CQ5_CAP1_COP2,BAU,全行业配额,PD,0.4,1348,2023,1.09,62.79,1
85,,RE1,CF1,TL1,CQ5,CAP1,COP2,RE1_CF1_TL1_CQ5_CAP1_COP2,BAU,全行业配额,PD,0.4,1349,2024,1.12,70.36,1
85,,RE1,CF1,TL1,CQ5,CAP1,COP2,RE1_CF1_TL1_CQ5_CAP1_COP2,BAU,全行业配额,PD,0.4,1350,2025,1.15,80.33,1
85,,RE1,CF1,TL1,CQ5,CAP1,COP2,RE1_CF1_TL1_CQ5_CAP1_COP2,BAU,全行业配额,PD,0.4,1351,2026,1.18,90.3,1
85,,RE1,CF1,TL1,CQ5,CAP1,COP2,RE1_CF1_TL1_CQ5_CAP1_COP2,BAU,全行业配额,PD,0.4,1352,2027,1.21,100.27,1
85,,RE1,CF1,TL1,CQ5,CAP1,COP2,RE1_CF1_TL1_CQ5_CAP1_COP2,BAU,全行业配额,PD,0.4,1353,2028,1.24,110.24,1
85,,RE1,CF1,TL1,CQ5,CAP1,COP2,RE1_CF1_TL1_CQ5_CAP1_COP2,BAU,全行业配额,PD,0.4,1354,2029,1.27,120.21,1
85,,RE1,CF1,TL1,CQ5,CAP1,COP2,RE1_CF1_TL1_CQ5_CAP1_COP2,BAU,全行业配额,PD,0.4,1355,2030,1.3,130.18,1
85,,RE1,CF1,TL1,CQ5,CAP1,COP2,RE1_CF1_TL1_CQ5_CAP1_COP2,BAU,全行业配额,PD,0.4,1356,2031,1.36,137.9,1
85,,RE1,CF1,TL1,CQ5,CAP1,COP2,RE1_CF1_TL1_CQ5_CAP1_COP2,BAU,全行业配额,PD,0.4,1357,2032,1.42,147.31,1
85,,RE1,CF1,TL1,CQ5,CAP1,COP2,RE1_CF1_TL1_CQ5_CAP1_COP2,BAU,全行业配额,PD,0.4,1358,2033,1.48,156.72,1
85,,RE1,CF1,TL1,CQ5,CAP1,COP2,RE1_CF1_TL1_CQ5_CAP1_COP2,BAU,全行业配额,PD,0.4,1359,2034,1.54,166.13,1
85,,RE1,CF1,TL1,CQ5,CAP1,COP2,RE1_CF1_TL1_CQ5_CAP1_COP2,BAU,全行业配额,PD,0.4,1360,2035,1.6,175.53,1
86,,RE1,CF1,TL1,CQ5,CAP2,COP1,RE1_CF1_TL1_CQ5_CAP2_COP1,BAU,全行业配额,BAU,0.4,1361,2020,1.0,42.85,1
86,,RE1,CF1,TL1,CQ5,CAP2,COP1,RE1_CF1_TL1_CQ5_CAP2_COP1,BAU,全行业配额,BAU,0.4,1362,2021,1.03,42.85,1
86,,RE1,CF1,TL1,CQ5,CAP2,COP1,RE1_CF1_TL1_CQ5_CAP2_COP1,BAU,全行业配额,BAU,0.4,1363,2022,1.06,45.61,1
86,,RE1,CF1,TL1,CQ5,CAP2,COP1,RE1_CF1_TL1_CQ5_CAP2_COP1,BAU,全行业配额,BAU,0.4,1364,2023,1.09,127.71,1
86,,RE1,CF1,TL1,CQ5,CAP2,COP1,RE1_CF1_TL1_CQ5_CAP2_COP1,BAU,全行业配额,BAU,0.4,1365,2024,1.12,209.81,1
86,,RE1,CF1,TL1,CQ5,CAP2,COP1,RE1_CF1_TL1_CQ5_CAP2_COP1,BAU,全行业配额,BAU,0.4,1366,2025,1.15,291.9,1
86,,RE1,CF1,TL1,CQ5,CAP2,COP1,RE1_CF1_TL1_CQ5_CAP2_COP1,BAU,全行业配额,BAU,0.4,1367,2026,1.18,374.0,1
86,,RE1,CF1,TL1,CQ5,CAP2,COP1,RE1_CF1_TL1_CQ5_CAP2_COP1,BAU,全行业配额,BAU,0.4,1368,2027,1.21,456.1,1
86,,RE1,CF1,TL1,CQ5,CAP2,COP1,RE1_CF1_TL1_CQ5_CAP2_COP1,BAU,全行业配额,BAU,0.4,1369,2028,1.24,456.1,1
86,,RE1,CF1,TL1,CQ5,CAP2,COP1,RE1_CF1_TL1_CQ5_CAP2_COP1,BAU,全行业配额,BAU,0.4,1370,2029,1.27,456.1,1
86,,RE1,CF1,TL1,CQ5,CAP2,COP1,RE1_CF1_TL1_CQ5_CAP2_COP1,BAU,全行业配额,BAU,0.4,1371,2030,1.3,456.1,1
86,,RE1,CF1,TL1,CQ5,CAP2,COP1,RE1_CF1_TL1_CQ5_CAP2_COP1,BAU,全行业配额,BAU,0.4,1372,2031,1.36,456.1,1
86,,RE1,CF1,TL1,CQ5,CAP2,COP1,RE1_CF1_TL1_CQ5_CAP2_COP1,BAU,全行业配额,BAU,0.4,1373,2032,1.42,456.1,1
86,,RE1,CF1,TL1,CQ5,CAP2,COP1,RE1_CF1_TL1_CQ5_CAP2_COP1,BAU,全行业配额,BAU,0.4,1374,2033,1.48,456.1,1
86,,RE1,CF1,TL1,CQ5,CAP2,COP1,RE1_CF1_TL1_CQ5_CAP2_COP1,BAU,全行业配额,BAU,0.4,1375,2034,1.54,456.1,1
86,,RE1,CF1,TL1,CQ5,CAP2,COP1,RE1_CF1_TL1_CQ5_CAP2_COP1,BAU,全行业配额,BAU,0.4,1376,2035,1.6,456.1,1
87,,RE1,CF1,TL1,CQ5,CAP2,COP2,RE1_CF1_TL1_CQ5_CAP2_COP2,BAU,全行业配额,PD,0.4,1377,2020,1.0,42.85,1
87,,RE1,CF1,TL1,CQ5,CAP2,COP2,RE1_CF1_TL1_CQ5_CAP2_COP2,BAU,全行业配额,PD,0.4,1378,2021,1.03,42.85,1
87,,RE1,CF1,TL1,CQ5,CAP2,COP2,RE1_CF1_TL1_CQ5_CAP2_COP2,BAU,全行业配额,PD,0.4,1379,2022,1.06,45.61,1
87,,RE1,CF1,TL1,CQ5,CAP2,COP2,RE1_CF1_TL1_CQ5_CAP2_COP2,BAU,全行业配额,PD,0.4,1380,2023,1.09,127.71,1
87,,RE1,CF1,TL1,CQ5,CAP2,COP2,RE1_CF1_TL1_CQ5_CAP2_COP2,BAU,全行业配额,PD,0.4,1381,2024,1.12,209.81,1
87,,RE1,CF1,TL1,CQ5,CAP2,COP2,RE1_CF1_TL1_CQ5_CAP2_COP2,BAU,全行业配额,PD,0.4,1382,2025,1.15,291.9,1
87,,RE1,CF1,TL1,CQ5,CAP2,COP2,RE1_CF1_TL1_CQ5_CAP2_COP2,BAU,全行业配额,PD,0.4,1383,2026,1.18,374.0,1
87,,RE1,CF1,TL1,CQ5,CAP2,COP2,RE1_CF1_TL1_CQ5_CAP2_COP2,BAU,全行业配额,PD,0.4,1384,2027,1.21,456.1,1
87,,RE1,CF1,TL1,CQ5,CAP2,COP2,RE1_CF1_TL1_CQ5_CAP2_COP2,BAU,全行业配额,PD,0.4,1385,2028,1.24,456.1,1
87,,RE1,CF1,TL1,CQ5,CAP2,COP2,RE1_CF1_TL1_CQ5_CAP2_COP2,BAU,全行业配额,PD,0.4,1386,2029,1.27,456.1,1
87,,RE1,CF1,TL1,CQ5,CAP2,COP2,RE1_CF1_TL1_CQ5_CAP2_COP2,BAU,全行业配额,PD,0.4,1387,2030,1.3,456.1,1
87,,RE1,CF1,TL1,CQ5,CAP2,COP2,RE1_CF1_TL1_CQ5_CAP2_COP2,BAU,全行业配额,PD,0.4,1388,2031,1.36,456.1,1
87,,RE1,CF1,TL1,CQ5,CAP2,COP2,RE1_CF1_TL1_CQ5_CAP2_COP2,BAU,全行业配额,PD,0.4,1389,2032,1.42,456.1,1
87,,RE1,CF1,TL1,CQ5,CAP2,COP2,RE1_CF1_TL1_CQ5_CAP2_COP2,BAU,全行业配额,PD,0.4,1390,2033,1.48,456.1,1
87,,RE1,CF1,TL1,CQ5,CAP2,COP2,RE1_CF1_TL1_CQ5_CAP2_COP2,BAU,全行业配额,PD,0.4,1391,2034,1.54,456.1,1
87,,RE1,CF1,TL1,CQ5,CAP2,COP2,RE1_CF1_TL1_CQ5_CAP2_COP2,BAU,全行业配额,PD,0.4,1392,2035,1.6,456.1,1
88,,RE1,CF1,TL1,CQ6,CAP1,COP1,RE1_CF1_TL1_CQ6_CAP1_COP1,BAU,电力配额,BAU,0.4,1393,2020,1.0,42.85,1
88,,RE1,CF1,TL1,CQ6,CAP1,COP1,RE1_CF1_TL1_CQ6_CAP1_COP1,BAU,电力配额,BAU,0.4,1394,2021,1.03,42.85,1
88,,RE1,CF1,TL1,CQ6,CAP1,COP1,RE1_CF1_TL1_CQ6_CAP1_COP1,BAU,电力配额,BAU,0.4,1395,2022,1.06,45.61,1
88,,RE1,CF1,TL1,CQ6,CAP1,COP1,RE1_CF1_TL1_CQ6_CAP1_COP1,BAU,电力配额,BAU,0.4,1396,2023,1.09,62.79,1
88,,RE1,CF1,TL1,CQ6,CAP1,COP1,RE1_CF1_TL1_CQ6_CAP1_COP1,BAU,电力配额,BAU,0.4,1397,2024,1.12,70.36,1
88,,RE1,CF1,TL1,CQ6,CAP1,COP1,RE1_CF1_TL1_CQ6_CAP1_COP1,BAU,电力配额,BAU,0.4,1398,2025,1.15,80.33,1
88,,RE1,CF1,TL1,CQ6,CAP1,COP1,RE1_CF1_TL1_CQ6_CAP1_COP1,BAU,电力配额,BAU,0.4,1399,2026,1.18,90.3,1
88,,RE1,CF1,TL1,CQ6,CAP1,COP1,RE1_CF1_TL1_CQ6_CAP1_COP1,BAU,电力配额,BAU,0.4,1400,2027,1.21,100.27,1
88,,RE1,CF1,TL1,CQ6,CAP1,COP1,RE1_CF1_TL1_CQ6_CAP1_COP1,BAU,电力配额,BAU,0.4,1401,2028,1.24,110.24,1
88,,RE1,CF1,TL1,CQ6,CAP1,COP1,RE1_CF1_TL1_CQ6_CAP1_COP1,BAU,电力配额,BAU,0.4,1402,2029,1.27,120.21,1
88,,RE1,CF1,TL1,CQ6,CAP1,COP1,RE1_CF1_TL1_CQ6_CAP1_COP1,BAU,电力配额,BAU,0.4,1403,2030,1.3,130.18,1
88,,RE1,CF1,TL1,CQ6,CAP1,COP1,RE1_CF1_TL1_CQ6_CAP1_COP1,BAU,电力配额,BAU,0.4,1404,2031,1.36,137.9,1
88,,RE1,CF1,TL1,CQ6,CAP1,COP1,RE1_CF1_TL1_CQ6_CAP1_COP1,BAU,电力配额,BAU,0.4,1405,2032,1.42,147.31,1
88,,RE1,CF1,TL1,CQ6,CAP1,COP1,RE1_CF1_TL1_CQ6_CAP1_COP1,BAU,电力配额,BAU,0.4,1406,2033,1.48,156.72,1
88,,RE1,CF1,TL1,CQ6,CAP1,COP1,RE1_CF1_TL1_CQ6_CAP1_COP1,BAU,电力配额,BAU,0.4,1407,2034,1.54,166.13,1
88,,RE1,CF1,TL1,CQ6,CAP1,COP1,RE1_CF1_TL1_CQ6_CAP1_COP1,BAU,电力配额,BAU,0.4,1408,2035,1.6,175.53,1
89,,RE1,CF1,TL1,CQ6,CAP1,COP2,RE1_CF1_TL1_CQ6_CAP1_COP2,BAU,电力配额,PD,0.4,1409,2020,1.0,42.85,1
89,,RE1,CF1,TL1,CQ6,CAP1,COP2,RE1_CF1_TL1_CQ6_CAP1_COP2,BAU,电力配额,PD,0.4,1410,2021,1.03,42.85,1
89,,RE1,CF1,TL1,CQ6,CAP1,COP2,RE1_CF1_TL1_CQ6_CAP1_COP2,BAU,电力配额,PD,0.4,1411,2022,1.06,45.61,1
89,,RE1,CF1,TL1,CQ6,CAP1,COP2,RE1_CF1_TL1_CQ6_CAP1_COP2,BAU,电力配额,PD,0.4,1412,2023,1.09,62.79,1
89,,RE1,CF1,TL1,CQ6,CAP1,COP2,RE1_CF1_TL1_CQ6_CAP1_COP2,BAU,电力配额,PD,0.4,1413,2024,1.12,70.36,1
89,,RE1,CF1,TL1,CQ6,CAP1,COP2,RE1_CF1_TL1_CQ6_CAP1_COP2,BAU,电力配额,PD,0.4,1414,2025,1.15,80.33,1
89,,RE1,CF1,TL1,CQ6,CAP1,COP2,RE1_CF1_TL1_CQ6_CAP1_COP2,BAU,电力配额,PD,0.4,1415,2026,1.18,90.3,1
89,,RE1,CF1,TL1,CQ6,CAP1,COP2,RE1_CF1_TL1_CQ6_CAP1_COP2,BAU,电力配额,PD,0.4,1416,2027,1.21,100.27,1
89,,RE1,CF1,TL1,CQ6,CAP1,COP2,RE1_CF1_TL1_CQ6_CAP1_COP2,BAU,电力配额,PD,0.4,1417,2028,1.24,110.24,1
89,,RE1,CF1,TL1,CQ6,CAP1,COP2,RE1_CF1_TL1_CQ6_CAP1_COP2,BAU,电力配额,PD,0.4,1418,2029,1.27,120.21,1
89,,RE1,CF1,TL1,CQ6,CAP1,COP2,RE1_CF1_TL1_CQ6_CAP1_COP2,BAU,电力配额,PD,0.4,1419,2030,1.3,130.18,1
89,,RE1,CF1,TL1,CQ6,CAP1,COP2,RE1_CF1_TL1_CQ6_CAP1_COP2,BAU,电力配额,PD,0.4,1420,2031,1.36,137.9,1
89,,RE1,CF1,TL1,CQ6,CAP1,COP2,RE1_CF1_TL1_CQ6_CAP1_COP2,BAU,电力配额,PD,0.4,1421,2032,1.42,147.31,1
89,,RE1,CF1,TL1,CQ6,CAP1,COP2,RE1_CF1_TL1_CQ6_CAP1_COP2,BAU,电力配额,PD,0.4,1422,2033,1.48,156.72,1
89,,RE1,CF1,TL1,CQ6,CAP1,COP2,RE1_CF1_TL1_CQ6_CAP1_COP2,BAU,电力配额,PD,0.4,1423,2034,1.54,166.13,1
89,,RE1,CF1,TL1,CQ6,CAP1,COP2,RE1_CF1_TL1_CQ6_CAP1_COP2,BAU,电力配额,PD,0.4,1424,2035,1.6,175.53,1
90,,RE1,CF1,TL1,CQ6,CAP2,COP2,RE1_CF1_TL1_CQ6_CAP2_COP2,BAU,电力配额,PD,0.4,1425,2020,1.0,42.85,1
90,,RE1,CF1,TL1,CQ6,CAP2,COP2,RE1_CF1_TL1_CQ6_CAP2_COP2,BAU,电力配额,PD,0.4,1426,2021,1.03,42.85,1
90,,RE1,CF1,TL1,CQ6,CAP2,COP2,RE1_CF1_TL1_CQ6_CAP2_COP2,BAU,电力配额,PD,0.4,1427,2022,1.06,45.61,1
90,,RE1,CF1,TL1,CQ6,CAP2,COP2,RE1_CF1_TL1_CQ6_CAP2_COP2,BAU,电力配额,PD,0.4,1428,2023,1.09,127.71,1
90,,RE1,CF1,TL1,CQ6,CAP2,COP2,RE1_CF1_TL1_CQ6_CAP2_COP2,BAU,电力配额,PD,0.4,1429,2024,1.12,209.81,1
90,,RE1,CF1,TL1,CQ6,CAP2,COP2,RE1_CF1_TL1_CQ6_CAP2_COP2,BAU,电力配额,PD,0.4,1430,2025,1.15,291.9,1
90,,RE1,CF1,TL1,CQ6,CAP2,COP2,RE1_CF1_TL1_CQ6_CAP2_COP2,BAU,电力配额,PD,0.4,1431,2026,1.18,374.0,1
90,,RE1,CF1,TL1,CQ6,CAP2,COP2,RE1_CF1_TL1_CQ6_CAP2_COP2,BAU,电力配额,PD,0.4,1432,2027,1.21,456.1,1
90,,RE1,CF1,TL1,CQ6,CAP2,COP2,RE1_CF1_TL1_CQ6_CAP2_COP2,BAU,电力配额,PD,0.4,1433,2028,1.24,456.1,1
90,,RE1,CF1,TL1,CQ6,CAP2,COP2,RE1_CF1_TL1_CQ6_CAP2_COP2,BAU,电力配额,PD,0.4,1434,2029,1.27,456.1,1
90,,RE1,CF1,TL1,CQ6,CAP2,COP2,RE1_CF1_TL1_CQ6_CAP2_COP2,BAU,电力配额,PD,0.4,1435,2030,1.3,456.1,1
90,,RE1,CF1,TL1,CQ6,CAP2,COP2,RE1_CF1_TL1_CQ6_CAP2_COP2,BAU,电力配额,PD,0.4,1436,2031,1.36,456.1,1
90,,RE1,CF1,TL1,CQ6,CAP2,COP2,RE1_CF1_TL1_CQ6_CAP2_COP2,BAU,电力配额,PD,0.4,1437,2032,1.42,456.1,1
90,,RE1,CF1,TL1,CQ6,CAP2,COP2,RE1_CF1_TL1_CQ6_CAP2_COP2,BAU,电力配额,PD,0.4,1438,2033,1.48,456.1,1
90,,RE1,CF1,TL1,CQ6,CAP2,COP2,RE1_CF1_TL1_CQ6_CAP2_COP2,BAU,电力配额,PD,0.4,1439,2034,1.54,456.1,1
90,,RE1,CF1,TL1,CQ6,CAP2,COP2,RE1_CF1_TL1_CQ6_CAP2_COP2,BAU,电力配额,PD,0.4,1440,2035,1.6,456.1,1
91,,RE1,CF1,TL2,CQ1,CAP1,COP1,RE1_CF1_TL2_CQ1_CAP1_COP1,BAU,无配额,BAU,0.4,1441,2020,1.0,0.0,0
91,,RE1,CF1,TL2,CQ1,CAP1,COP1,RE1_CF1_TL2_CQ1_CAP1_COP1,BAU,无配额,BAU,0.4,1442,2021,1.1,0.0,0
91,,RE1,CF1,TL2,CQ1,CAP1,COP1,RE1_CF1_TL2_CQ1_CAP1_COP1,BAU,无配额,BAU,0.4,1443,2022,1.2,0.0,0
91,,RE1,CF1,TL2,CQ1,CAP1,COP1,RE1_CF1_TL2_CQ1_CAP1_COP1,BAU,无配额,BAU,0.4,1444,2023,1.3,0.0,0
91,,RE1,CF1,TL2,CQ1,CAP1,COP1,RE1_CF1_TL2_CQ1_CAP1_COP1,BAU,无配额,BAU,0.4,1445,2024,1.4,0.0,0
91,,RE1,CF1,TL2,CQ1,CAP1,COP1,RE1_CF1_TL2_CQ1_CAP1_COP1,BAU,无配额,BAU,0.4,1446,2025,1.5,0.0,0
91,,RE1,CF1,TL2,CQ1,CAP1,COP1,RE1_CF1_TL2_CQ1_CAP1_COP1,BAU,无配额,BAU,0.4,1447,2026,1.6,0.0,0
91,,RE1,CF1,TL2,CQ1,CAP1,COP1,RE1_CF1_TL2_CQ1_CAP1_COP1,BAU,无配额,BAU,0.4,1448,2027,1.7,0.0,0
91,,RE1,CF1,TL2,CQ1,CAP1,COP1,RE1_CF1_TL2_CQ1_CAP1_COP1,BAU,无配额,BAU,0.4,1449,2028,1.8,0.0,0
91,,RE1,CF1,TL2,CQ1,CAP1,COP1,RE1_CF1_TL2_CQ1_CAP1_COP1,BAU,无配额,BAU,0.4,1450,2029,1.9,0.0,0
91,,RE1,CF1,TL2,CQ1,CAP1,COP1,RE1_CF1_TL2_CQ1_CAP1_COP1,BAU,无配额,BAU,0.4,1451,2030,2.0,0.0,0
91,,RE1,CF1,TL2,CQ1,CAP1,COP1,RE1_CF1_TL2_CQ1_CAP1_COP1,BAU,无配额,BAU,0.4,1452,2031,2.1,0.0,0
91,,RE1,CF1,TL2,CQ1,CAP1,COP1,RE1_CF1_TL2_CQ1_CAP1_COP1,BAU,无配额,BAU,0.4,1453,2032,2.2,0.0,0
91,,RE1,CF1,TL2,CQ1,CAP1,COP1,RE1_CF1_TL2_CQ1_CAP1_COP1,BAU,无配额,BAU,0.4,1454,2033,2.3,0.0,0
91,,RE1,CF1,TL2,CQ1,CAP1,COP1,RE1_CF1_TL2_CQ1_CAP1_COP1,BAU,无配额,BAU,0.4,1455,2034,2.4,0.0,0
91,,RE1,CF1,TL2,CQ1,CAP1,COP1,RE1_CF1_TL2_CQ1_CAP1_COP1,BAU,无配额,BAU,0.4,1456,2035,2.5,0.0,0
92,,RE1,CF1,TL2,CQ1,CAP1,COP2,RE1_CF1_TL2_CQ1_CAP1_COP2,BAU,无配额,PD,0.4,1457,2020,1.0,0.0,0
92,,RE1,CF1,TL2,CQ1,CAP1,COP2,RE1_CF1_TL2_CQ1_CAP1_COP2,BAU,无配额,PD,0.4,1458,2021,1.1,0.0,0
92,,RE1,CF1,TL2,CQ1,CAP1,COP2,RE1_CF1_TL2_CQ1_CAP1_COP2,BAU,无配额,PD,0.4,1459,2022,1.2,0.0,0
92,,RE1,CF1,TL2,CQ1,CAP1,COP2,RE1_CF1_TL2_CQ1_CAP1_COP2,BAU,无配额,PD,0.4,1460,2023,1.3,0.0,0
92,,RE1,CF1,TL2,CQ1,CAP1,COP2,RE1_CF1_TL2_CQ1_CAP1_COP2,BAU,无配额,PD,0.4,1461,2024,1.4,0.0,0
92,,RE1,CF1,TL2,CQ1,CAP1,COP2,RE1_CF1_TL2_CQ1_CAP1_COP2,BAU,无配额,PD,0.4,1462,2025,1.5,0.0,0
92,,RE1,CF1,TL2,CQ1,CAP1,COP2,RE1_CF1_TL2_CQ1_CAP1_COP2,BAU,无配额,PD,0.4,1463,2026,1.6,0.0,0
92,,RE1,CF1,TL2,CQ1,CAP1,COP2,RE1_CF1_TL2_CQ1_CAP1_COP2,BAU,无配额,PD,0.4,1464,2027,1.7,0.0,0
92,,RE1,CF1,TL2,CQ1,CAP1,COP2,RE1_CF1_TL2_CQ1_CAP1_COP2,BAU,无配额,PD,0.4,1465,2028,1.8,0.0,0
92,,RE1,CF1,TL2,CQ1,CAP1,COP2,RE1_CF1_TL2_CQ1_CAP1_COP2,BAU,无配额,PD,0.4,1466,2029,1.9,0.0,0
92,,RE1,CF1,TL2,CQ1,CAP1,COP2,RE1_CF1_TL2_CQ1_CAP1_COP2,BAU,无配额,PD,0.4,1467,2030,2.0,0.0,0
92,,RE1,CF1,TL2,CQ1,CAP1,COP2,RE1_CF1_TL2_CQ1_CAP1_COP2,BAU,无配额,PD,0.4,1468,2031,2.1,0.0,0
92,,RE1,CF1,TL2,CQ1,CAP1,COP2,RE1_CF1_TL2_CQ1_CAP1_COP2,BAU,无配额,PD,0.4,1469,2032,2.2,0.0,0
92,,RE1,CF1,TL2,CQ1,CAP1,COP2,RE1_CF1_TL2_CQ1_CAP1_COP2,BAU,无配额,PD,0.4,1470,2033,2.3,0.0,0
92,,RE1,CF1,TL2,CQ1,CAP1,COP2,RE1_CF1_TL2_CQ1_CAP1_COP2,BAU,无配额,PD,0.4,1471,2034,2.4,0.0,0
92,,RE1,CF1,TL2,CQ1,CAP1,COP2,RE1_CF1_TL2_CQ1_CAP1_COP2,BAU,无配额,PD,0.4,1472,2035,2.5,0.0,0
93,,RE1,CF1,TL2,CQ1,CAP2,COP1,RE1_CF1_TL2_CQ1_CAP2_COP1,BAU,无配额,BAU,0.4,1473,2020,1.0,0.0,0
93,,RE1,CF1,TL2,CQ1,CAP2,COP1,RE1_CF1_TL2_CQ1_CAP2_COP1,BAU,无配额,BAU,0.4,1474,2021,1.1,0.0,0
93,,RE1,CF1,TL2,CQ1,CAP2,COP1,RE1_CF1_TL2_CQ1_CAP2_COP1,BAU,无配额,BAU,0.4,1475,2022,1.2,0.0,0
93,,RE1,CF1,TL2,CQ1,CAP2,COP1,RE1_CF1_TL2_CQ1_CAP2_COP1,BAU,无配额,BAU,0.4,1476,2023,1.3,0.0,0
93,,RE1,CF1,TL2,CQ1,CAP2,COP1,RE1_CF1_TL2_CQ1_CAP2_COP1,BAU,无配额,BAU,0.4,1477,2024,1.4,0.0,0
93,,RE1,CF1,TL2,CQ1,CAP2,COP1,RE1_CF1_TL2_CQ1_CAP2_COP1,BAU,无配额,BAU,0.4,1478,2025,1.5,0.0,0
93,,RE1,CF1,TL2,CQ1,CAP2,COP1,RE1_CF1_TL2_CQ1_CAP2_COP1,BAU,无配额,BAU,0.4,1479,2026,1.6,0.0,0
93,,RE1,CF1,TL2,CQ1,CAP2,COP1,RE1_CF1_TL2_CQ1_CAP2_COP1,BAU,无配额,BAU,0.4,1480,2027,1.7,0.0,0
93,,RE1,CF1,TL2,CQ1,CAP2,COP1,RE1_CF1_TL2_CQ1_CAP2_COP1,BAU,无配额,BAU,0.4,1481,2028,1.8,0.0,0
93,,RE1,CF1,TL2,CQ1,CAP2,COP1,RE1_CF1_TL2_CQ1_CAP2_COP1,BAU,无配额,BAU,0.4,1482,2029,1.9,0.0,0
93,,RE1,CF1,TL2,CQ1,CAP2,COP1,RE1_CF1_TL2_CQ1_CAP2_COP1,BAU,无配额,BAU,0.4,1483,2030,2.0,0.0,0
93,,RE1,CF1,TL2,CQ1,CAP2,COP1,RE1_CF1_TL2_CQ1_CAP2_COP1,BAU,无配额,BAU,0.4,1484,2031,2.1,0.0,0
93,,RE1,CF1,TL2,CQ1,CAP2,COP1,RE1_CF1_TL2_CQ1_CAP2_COP1,BAU,无配额,BAU,0.4,1485,2032,2.2,0.0,0
93,,RE1,CF1,TL2,CQ1,CAP2,COP1,RE1_CF1_TL2_CQ1_CAP2_COP1,BAU,无配额,BAU,0.4,1486,2033,2.3,0.0,0
93,,RE1,CF1,TL2,CQ1,CAP2,COP1,RE1_CF1_TL2_CQ1_CAP2_COP1,BAU,无配额,BAU,0.4,1487,2034,2.4,0.0,0
93,,RE1,CF1,TL2,CQ1,CAP2,COP1,RE1_CF1_TL2_CQ1_CAP2_COP1,BAU,无配额,BAU,0.4,1488,2035,2.5,0.0,0
94,,RE1,CF1,TL2,CQ1,CAP2,COP2,RE1_CF1_TL2_CQ1_CAP2_COP2,BAU,无配额,PD,0.4,1489,2020,1.0,0.0,0
94,,RE1,CF1,TL2,CQ1,CAP2,COP2,RE1_CF1_TL2_CQ1_CAP2_COP2,BAU,无配额,PD,0.4,1490,2021,1.1,0.0,0
94,,RE1,CF1,TL2,CQ1,CAP2,COP2,RE1_CF1_TL2_CQ1_CAP2_COP2,BAU,无配额,PD,0.4,1491,2022,1.2,0.0,0
94,,RE1,CF1,TL2,CQ1,CAP2,COP2,RE1_CF1_TL2_CQ1_CAP2_COP2,BAU,无配额,PD,0.4,1492,2023,1.3,0.0,0
94,,RE1,CF1,TL2,CQ1,CAP2,COP2,RE1_CF1_TL2_CQ1_CAP2_COP2,BAU,无配额,PD,0.4,1493,2024,1.4,0.0,0
94,,RE1,CF1,TL2,CQ1,CAP2,COP2,RE1_CF1_TL2_CQ1_CAP2_COP2,BAU,无配额,PD,0.4,1494,2025,1.5,0.0,0
94,,RE1,CF1,TL2,CQ1,CAP2,COP2,RE1_CF1_TL2_CQ1_CAP2_COP2,BAU,无配额,PD,0.4,1495,2026,1.6,0.0,0
94,,RE1,CF1,TL2,CQ1,CAP2,COP2,RE1_CF1_TL2_CQ1_CAP2_COP2,BAU,无配额,PD,0.4,1496,2027,1.7,0.0,0
94,,RE1,CF1,TL2,CQ1,CAP2,COP2,RE1_CF1_TL2_CQ1_CAP2_COP2,BAU,无配额,PD,0.4,1497,2028,1.8,0.0,0
94,,RE1,CF1,TL2,CQ1,CAP2,COP2,RE1_CF1_TL2_CQ1_CAP2_COP2,BAU,无配额,PD,0.4,1498,2029,1.9,0.0,0
94,,RE1,CF1,TL2,CQ1,CAP2,COP2,RE1_CF1_TL2_CQ1_CAP2_COP2,BAU,无配额,PD,0.4,1499,2030,2.0,0.0,0
94,,RE1,CF1,TL2,CQ1,CAP2,COP2,RE1_CF1_TL2_CQ1_CAP2_COP2,BAU,无配额,PD,0.4,1500,2031,2.1,0.0,0
94,,RE1,CF1,TL2,CQ1,CAP2,COP2,RE1_CF1_TL2_CQ1_CAP2_COP2,BAU,无配额,PD,0.4,1501,2032,2.2,0.0,0
94,,RE1,CF1,TL2,CQ1,CAP2,COP2,RE1_CF1_TL2_CQ1_CAP2_COP2,BAU,无配额,PD,0.4,1502,2033,2.3,0.0,0
94,,RE1,CF1,TL2,CQ1,CAP2,COP2,RE1_CF1_TL2_CQ1_CAP2_COP2,BAU,无配额,PD,0.4,1503,2034,2.4,0.0,0
94,,RE1,CF1,TL2,CQ1,CAP2,COP2,RE1_CF1_TL2_CQ1_CAP2_COP2,BAU,无配额,PD,0.4,1504,2035,2.5,0.0,0
95,,RE1,CF1,TL2,CQ2,CAP1,COP1,RE1_CF1_TL2_CQ2_CAP1_COP1,BAU,基准不变,BAU,0.4,1505,2020,1.0,42.85,1
95,,RE1,CF1,TL2,CQ2,CAP1,COP1,RE1_CF1_TL2_CQ2_CAP1_COP1,BAU,基准不变,BAU,0.4,1506,2021,1.1,42.85,1
95,,RE1,CF1,TL2,CQ2,CAP1,COP1,RE1_CF1_TL2_CQ2_CAP1_COP1,BAU,基准不变,BAU,0.4,1507,2022,1.2,45.61,1
95,,RE1,CF1,TL2,CQ2,CAP1,COP1,RE1_CF1_TL2_CQ2_CAP1_COP1,BAU,基准不变,BAU,0.4,1508,2023,1.3,62.79,1
95,,RE1,CF1,TL2,CQ2,CAP1,COP1,RE1_CF1_TL2_CQ2_CAP1_COP1,BAU,基准不变,BAU,0.4,1509,2024,1.4,70.36,1
95,,RE1,CF1,TL2,CQ2,CAP1,COP1,RE1_CF1_TL2_CQ2_CAP1_COP1,BAU,基准不变,BAU,0.4,1510,2025,1.5,80.33,1
95,,RE1,CF1,TL2,CQ2,CAP1,COP1,RE1_CF1_TL2_CQ2_CAP1_COP1,BAU,基准不变,BAU,0.4,1511,2026,1.6,90.3,1
95,,RE1,CF1,TL2,CQ2,CAP1,COP1,RE1_CF1_TL2_CQ2_CAP1_COP1,BAU,基准不变,BAU,0.4,1512,2027,1.7,100.27,1
95,,RE1,CF1,TL2,CQ2,CAP1,COP1,RE1_CF1_TL2_CQ2_CAP1_COP1,BAU,基准不变,BAU,0.4,1513,2028,1.8,110.24,1
95,,RE1,CF1,TL2,CQ2,CAP1,COP1,RE1_CF1_TL2_CQ2_CAP1_COP1,BAU,基准不变,BAU,0.4,1514,2029,1.9,120.21,1
95,,RE1,CF1,TL2,CQ2,CAP1,COP1,RE1_CF1_TL2_CQ2_CAP1_COP1,BAU,基准不变,BAU,0.4,1515,2030,2.0,130.18,1
95,,RE1,CF1,TL2,CQ2,CAP1,COP1,RE1_CF1_TL2_CQ2_CAP1_COP1,BAU,基准不变,BAU,0.4,1516,2031,2.1,137.9,1
95,,RE1,CF1,TL2,CQ2,CAP1,COP1,RE1_CF1_TL2_CQ2_CAP1_COP1,BAU,基准不变,BAU,0.4,1517,2032,2.2,147.31,1
95,,RE1,CF1,TL2,CQ2,CAP1,COP1,RE1_CF1_TL2_CQ2_CAP1_COP1,BAU,基准不变,BAU,0.4,1518,2033,2.3,156.72,1
95,,RE1,CF1,TL2,CQ2,CAP1,COP1,RE1_CF1_TL2_CQ2_CAP1_COP1,BAU,基准不变,BAU,0.4,1519,2034,2.4,166.13,1
95,,RE1,CF1,TL2,CQ2,CAP1,COP1,RE1_CF1_TL2_CQ2_CAP1_COP1,BAU,基准不变,BAU,0.4,1520,2035,2.5,175.53,1
96,,RE1,CF1,TL2,CQ2,CAP1,COP2,RE1_CF1_TL2_CQ2_CAP1_COP2,BAU,基准不变,PD,0.4,1521,2020,1.0,42.85,1
96,,RE1,CF1,TL2,CQ2,CAP1,COP2,RE1_CF1_TL2_CQ2_CAP1_COP2,BAU,基准不变,PD,0.4,1522,2021,1.1,42.85,1
96,,RE1,CF1,TL2,CQ2,CAP1,COP2,RE1_CF1_TL2_CQ2_CAP1_COP2,BAU,基准不变,PD,0.4,1523,2022,1.2,45.61,1
96,,RE1,CF1,TL2,CQ2,CAP1,COP2,RE1_CF1_TL2_CQ2_CAP1_COP2,BAU,基准不变,PD,0.4,1524,2023,1.3,62.79,1
96,,RE1,CF1,TL2,CQ2,CAP1,COP2,RE1_CF1_TL2_CQ2_CAP1_COP2,BAU,基准不变,PD,0.4,1525,2024,1.4,70.36,1
96,,RE1,CF1,TL2,CQ2,CAP1,COP2,RE1_CF1_TL2_CQ2_CAP1_COP2,BAU,基准不变,PD,0.4,1526,2025,1.5,80.33,1
96,,RE1,CF1,TL2,CQ2,CAP1,COP2,RE1_CF1_TL2_CQ2_CAP1_COP2,BAU,基准不变,PD,0.4,1527,2026,1.6,90.3,1
96,,RE1,CF1,TL2,CQ2,CAP1,COP2,RE1_CF1_TL2_CQ2_CAP1_COP2,BAU,基准不变,PD,0.4,1528,2027,1.7,100.27,1
96,,RE1,CF1,TL2,CQ2,CAP1,COP2,RE1_CF1_TL2_CQ2_CAP1_COP2,BAU,基准不变,PD,0.4,1529,2028,1.8,110.24,1
96,,RE1,CF1,TL2,CQ2,CAP1,COP2,RE1_CF1_TL2_CQ2_CAP1_COP2,BAU,基准不变,PD,0.4,1530,2029,1.9,120.21,1
96,,RE1,CF1,TL2,CQ2,CAP1,COP2,RE1_CF1_TL2_CQ2_CAP1_COP2,BAU,基准不变,PD,0.4,1531,2030,2.0,130.18,1
96,,RE1,CF1,TL2,CQ2,CAP1,COP2,RE1_CF1_TL2_CQ2_CAP1_COP2,BAU,基准不变,PD,0.4,1532,2031,2.1,137.9,1
96,,RE1,CF1,TL2,CQ2,CAP1,COP2,RE1_CF1_TL2_CQ2_CAP1_COP2,BAU,基准不变,PD,0.4,1533,2032,2.2,147.31,1
96,,RE1,CF1,TL2,CQ2,CAP1,COP2,RE1_CF1_TL2_CQ2_CAP1_COP2,BAU,基准不变,PD,0.4,1534,2033,2.3,156.72,1
96,,RE1,CF1,TL2,CQ2,CAP1,COP2,RE1_CF1_TL2_CQ2_CAP1_COP2,BAU,基准不变,PD,0.4,1535,2034,2.4,166.13,1
96,,RE1,CF1,TL2,CQ2,CAP1,COP2,RE1_CF1_TL2_CQ2_CAP1_COP2,BAU,基准不变,PD,0.4,1536,2035,2.5,175.53,1
97,,RE1,CF1,TL2,CQ2,CAP2,COP2,RE1_CF1_TL2_CQ2_CAP2_COP2,BAU,基准不变,PD,0.4,1537,2020,1.0,42.85,1
97,,RE1,CF1,TL2,CQ2,CAP2,COP2,RE1_CF1_TL2_CQ2_CAP2_COP2,BAU,基准不变,PD,0.4,1538,2021,1.1,42.85,1
97,,RE1,CF1,TL2,CQ2,CAP2,COP2,RE1_CF1_TL2_CQ2_CAP2_COP2,BAU,基准不变,PD,0.4,1539,2022,1.2,45.61,1
97,,RE1,CF1,TL2,CQ2,CAP2,COP2,RE1_CF1_TL2_CQ2_CAP2_COP2,BAU,基准不变,PD,0.4,1540,2023,1.3,127.71,1
97,,RE1,CF1,TL2,CQ2,CAP2,COP2,RE1_CF1_TL2_CQ2_CAP2_COP2,BAU,基准不变,PD,0.4,1541,2024,1.4,209.81,1
97,,RE1,CF1,TL2,CQ2,CAP2,COP2,RE1_CF1_TL2_CQ2_CAP2_COP2,BAU,基准不变,PD,0.4,1542,2025,1.5,291.9,1
97,,RE1,CF1,TL2,CQ2,CAP2,COP2,RE1_CF1_TL2_CQ2_CAP2_COP2,BAU,基准不变,PD,0.4,1543,2026,1.6,374.0,1
97,,RE1,CF1,TL2,CQ2,CAP2,COP2,RE1_CF1_TL2_CQ2_CAP2_COP2,BAU,基准不变,PD,0.4,1544,2027,1.7,456.1,1
97,,RE1,CF1,TL2,CQ2,CAP2,COP2,RE1_CF1_TL2_CQ2_CAP2_COP2,BAU,基准不变,PD,0.4,1545,2028,1.8,456.1,1
97,,RE1,CF1,TL2,CQ2,CAP2,COP2,RE1_CF1_TL2_CQ2_CAP2_COP2,BAU,基准不变,PD,0.4,1546,2029,1.9,456.1,1
97,,RE1,CF1,TL2,CQ2,CAP2,COP2,RE1_CF1_TL2_CQ2_CAP2_COP2,BAU,基准不变,PD,0.4,1547,2030,2.0,456.1,1
97,,RE1,CF1,TL2,CQ2,CAP2,COP2,RE1_CF1_TL2_CQ2_CAP2_COP2,BAU,基准不变,PD,0.4,1548,2031,2.1,456.1,1
97,,RE1,CF1,TL2,CQ2,CAP2,COP2,RE1_CF1_TL2_CQ2_CAP2_COP2,BAU,基准不变,PD,0.4,1549,2032,2.2,456.1,1
97,,RE1,CF1,TL2,CQ2,CAP2,COP2,RE1_CF1_TL2_CQ2_CAP2_COP2,BAU,基准不变,PD,0.4,1550,2033,2.3,456.1,1
97,,RE1,CF1,TL2,CQ2,CAP2,COP2,RE1_CF1_TL2_CQ2_CAP2_COP2,BAU,基准不变,PD,0.4,1551,2034,2.4,456.1,1
97,,RE1,CF1,TL2,CQ2,CAP2,COP2,RE1_CF1_TL2_CQ2_CAP2_COP2,BAU,基准不变,PD,0.4,1552,2035,2.5,456.1,1
98,,RE1,CF1,TL2,CQ3,CAP1,COP2,RE1_CF1_TL2_CQ3_CAP1_COP2,BAU,REPO,PD,0.4,1553,2020,1.0,42.85,1
98,,RE1,CF1,TL2,CQ3,CAP1,COP2,RE1_CF1_TL2_CQ3_CAP1_COP2,BAU,REPO,PD,0.4,1554,2021,1.1,42.85,1
98,,RE1,CF1,TL2,CQ3,CAP1,COP2,RE1_CF1_TL2_CQ3_CAP1_COP2,BAU,REPO,PD,0.4,1555,2022,1.2,45.61,1
98,,RE1,CF1,TL2,CQ3,CAP1,COP2,RE1_CF1_TL2_CQ3_CAP1_COP2,BAU,REPO,PD,0.4,1556,2023,1.3,62.79,1
98,,RE1,CF1,TL2,CQ3,CAP1,COP2,RE1_CF1_TL2_CQ3_CAP1_COP2,BAU,REPO,PD,0.4,1557,2024,1.4,70.36,1
98,,RE1,CF1,TL2,CQ3,CAP1,COP2,RE1_CF1_TL2_CQ3_CAP1_COP2,BAU,REPO,PD,0.4,1558,2025,1.5,80.33,1
98,,RE1,CF1,TL2,CQ3,CAP1,COP2,RE1_CF1_TL2_CQ3_CAP1_COP2,BAU,REPO,PD,0.4,1559,2026,1.6,90.3,1
98,,RE1,CF1,TL2,CQ3,CAP1,COP2,RE1_CF1_TL2_CQ3_CAP1_COP2,BAU,REPO,PD,0.4,1560,2027,1.7,100.27,1
98,,RE1,CF1,TL2,CQ3,CAP1,COP2,RE1_CF1_TL2_CQ3_CAP1_COP2,BAU,REPO,PD,0.4,1561,2028,1.8,110.24,1
98,,RE1,CF1,TL2,CQ3,CAP1,COP2,RE1_CF1_TL2_CQ3_CAP1_COP2,BAU,REPO,PD,0.4,1562,2029,1.9,120.21,1
98,,RE1,CF1,TL2,CQ3,CAP1,COP2,RE1_CF1_TL2_CQ3_CAP1_COP2,BAU,REPO,PD,0.4,1563,2030,2.0,130.18,1
98,,RE1,CF1,TL2,CQ3,CAP1,COP2,RE1_CF1_TL2_CQ3_CAP1_COP2,BAU,REPO,PD,0.4,1564,2031,2.1,137.9,1
98,,RE1,CF1,TL2,CQ3,CAP1,COP2,RE1_CF1_TL2_CQ3_CAP1_COP2,BAU,REPO,PD,0.4,1565,2032,2.2,147.31,1
98,,RE1,CF1,TL2,CQ3,CAP1,COP2,RE1_CF1_TL2_CQ3_CAP1_COP2,BAU,REPO,PD,0.4,1566,2033,2.3,156.72,1
98,,RE1,CF1,TL2,CQ3,CAP1,COP2,RE1_CF1_TL2_CQ3_CAP1_COP2,BAU,REPO,PD,0.4,1567,2034,2.4,166.13,1
98,,RE1,CF1,TL2,CQ3,CAP1,COP2,RE1_CF1_TL2_CQ3_CAP1_COP2,BAU,REPO,PD,0.4,1568,2035,2.5,175.53,1
99,,RE1,CF1,TL2,CQ3,CAP2,COP1,RE1_CF1_TL2_CQ3_CAP2_COP1,BAU,REPO,BAU,0.4,1569,2020,1.0,42.85,1
99,,RE1,CF1,TL2,CQ3,CAP2,COP1,RE1_CF1_TL2_CQ3_CAP2_COP1,BAU,REPO,BAU,0.4,1570,2021,1.1,42.85,1
99,,RE1,CF1,TL2,CQ3,CAP2,COP1,RE1_CF1_TL2_CQ3_CAP2_COP1,BAU,REPO,BAU,0.4,1571,2022,1.2,45.61,1
99,,RE1,CF1,TL2,CQ3,CAP2,COP1,RE1_CF1_TL2_CQ3_CAP2_COP1,BAU,REPO,BAU,0.4,1572,2023,1.3,127.71,1
99,,RE1,CF1,TL2,CQ3,CAP2,COP1,RE1_CF1_TL2_CQ3_CAP2_COP1,BAU,REPO,BAU,0.4,1573,2024,1.4,209.81,1
99,,RE1,CF1,TL2,CQ3,CAP2,COP1,RE1_CF1_TL2_CQ3_CAP2_COP1,BAU,REPO,BAU,0.4,1574,2025,1.5,291.9,1
99,,RE1,CF1,TL2,CQ3,CAP2,COP1,RE1_CF1_TL2_CQ3_CAP2_COP1,BAU,REPO,BAU,0.4,1575,2026,1.6,374.0,1
99,,RE1,CF1,TL2,CQ3,CAP2,COP1,RE1_CF1_TL2_CQ3_CAP2_COP1,BAU,REPO,BAU,0.4,1576,2027,1.7,456.1,1
99,,RE1,CF1,TL2,CQ3,CAP2,COP1,RE1_CF1_TL2_CQ3_CAP2_COP1,BAU,REPO,BAU,0.4,1577,2028,1.8,456.1,1
99,,RE1,CF1,TL2,CQ3,CAP2,COP1,RE1_CF1_TL2_CQ3_CAP2_COP1,BAU,REPO,BAU,0.4,1578,2029,1.9,456.1,1
99,,RE1,CF1,TL2,CQ3,CAP2,COP1,RE1_CF1_TL2_CQ3_CAP2_COP1,BAU,REPO,BAU,0.4,1579,2030,2.0,456.1,1
99,,RE1,CF1,TL2,CQ3,CAP2,COP1,RE1_CF1_TL2_CQ3_CAP2_COP1,BAU,REPO,BAU,0.4,1580,2031,2.1,456.1,1
99,,RE1,CF1,TL2,CQ3,CAP2,COP1,RE1_CF1_TL2_CQ3_CAP2_COP1,BAU,REPO,BAU,0.4,1581,2032,2.2,456.1,1
99,,RE1,CF1,TL2,CQ3,CAP2,COP1,RE1_CF1_TL2_CQ3_CAP2_COP1,BAU,REPO,BAU,0.4,1582,2033,2.3,456.1,1
99,,RE1,CF1,TL2,CQ3,CAP2,COP1,RE1_CF1_TL2_CQ3_CAP2_COP1,BAU,REPO,BAU,0.4,1583,2034,2.4,456.1,1
99,,RE1,CF1,TL2,CQ3,CAP2,COP1,RE1_CF1_TL2_CQ3_CAP2_COP1,BAU,REPO,BAU,0.4,1584,2035,2.5,456.1,1
100,,RE1,CF1,TL2,CQ3,CAP2,COP2,RE1_CF1_TL2_CQ3_CAP2_COP2,BAU,REPO,PD,0.4,1585,2020,1.0,42.85,1
100,,RE1,CF1,TL2,CQ3,CAP2,COP2,RE1_CF1_TL2_CQ3_CAP2_COP2,BAU,REPO,PD,0.4,1586,2021,1.1,42.85,1
100,,RE1,CF1,TL2,CQ3,CAP2,COP2,RE1_CF1_TL2_CQ3_CAP2_COP2,BAU,REPO,PD,0.4,1587,2022,1.2,45.61,1
100,,RE1,CF1,TL2,CQ3,CAP2,COP2,RE1_CF1_TL2_CQ3_CAP2_COP2,BAU,REPO,PD,0.4,1588,2023,1.3,127.71,1
100,,RE1,CF1,TL2,CQ3,CAP2,COP2,RE1_CF1_TL2_CQ3_CAP2_COP2,BAU,REPO,PD,0.4,1589,2024,1.4,209.81,1
100,,RE1,CF1,TL2,CQ3,CAP2,COP2,RE1_CF1_TL2_CQ3_CAP2_COP2,BAU,REPO,PD,0.4,1590,2025,1.5,291.9,1
100,,RE1,CF1,TL2,CQ3,CAP2,COP2,RE1_CF1_TL2_CQ3_CAP2_COP2,BAU,REPO,PD,0.4,1591,2026,1.6,374.0,1
100,,RE1,CF1,TL2,CQ3,CAP2,COP2,RE1_CF1_TL2_CQ3_CAP2_COP2,BAU,REPO,PD,0.4,1592,2027,1.7,456.1,1
100,,RE1,CF1,TL2,CQ3,CAP2,COP2,RE1_CF1_TL2_CQ3_CAP2_COP2,BAU,REPO,PD,0.4,1593,2028,1.8,456.1,1
100,,RE1,CF1,TL2,CQ3,CAP2,COP2,RE1_CF1_TL2_CQ3_CAP2_COP2,BAU,REPO,PD,0.4,1594,2029,1.9,456.1,1
100,,RE1,CF1,TL2,CQ3,CAP2,COP2,RE1_CF1_TL2_CQ3_CAP2_COP2,BAU,REPO,PD,0.4,1595,2030,2.0,456.1,1
100,,RE1,CF1,TL2,CQ3,CAP2,COP2,RE1_CF1_TL2_CQ3_CAP2_COP2,BAU,REPO,PD,0.4,1596,2031,2.1,456.1,1
100,,RE1,CF1,TL2,CQ3,CAP2,COP2,RE1_CF1_TL2_CQ3_CAP2_COP2,BAU,REPO,PD,0.4,1597,2032,2.2,456.1,1
100,,RE1,CF1,TL2,CQ3,CAP2,COP2,RE1_CF1_TL2_CQ3_CAP2_COP2,BAU,REPO,PD,0.4,1598,2033,2.3,456.1,1
100,,RE1,CF1,TL2,CQ3,CAP2,COP2,RE1_CF1_TL2_CQ3_CAP2_COP2,BAU,REPO,PD,0.4,1599,2034,2.4,456.1,1
100,,RE1,CF1,TL2,CQ3,CAP2,COP2,RE1_CF1_TL2_CQ3_CAP2_COP2,BAU,REPO,PD,0.4,1600,2035,2.5,456.1,1
101,,RE1,CF1,TL2,CQ4,CAP1,COP1,RE1_CF1_TL2_CQ4_CAP1_COP1,BAU,REPO_plus,BAU,0.4,1601,2020,1.0,42.85,1
101,,RE1,CF1,TL2,CQ4,CAP1,COP1,RE1_CF1_TL2_CQ4_CAP1_COP1,BAU,REPO_plus,BAU,0.4,1602,2021,1.1,42.85,1
101,,RE1,CF1,TL2,CQ4,CAP1,COP1,RE1_CF1_TL2_CQ4_CAP1_COP1,BAU,REPO_plus,BAU,0.4,1603,2022,1.2,45.61,1
101,,RE1,CF1,TL2,CQ4,CAP1,COP1,RE1_CF1_TL2_CQ4_CAP1_COP1,BAU,REPO_plus,BAU,0.4,1604,2023,1.3,62.79,1
101,,RE1,CF1,TL2,CQ4,CAP1,COP1,RE1_CF1_TL2_CQ4_CAP1_COP1,BAU,REPO_plus,BAU,0.4,1605,2024,1.4,70.36,1
101,,RE1,CF1,TL2,CQ4,CAP1,COP1,RE1_CF1_TL2_CQ4_CAP1_COP1,BAU,REPO_plus,BAU,0.4,1606,2025,1.5,80.33,1
101,,RE1,CF1,TL2,CQ4,CAP1,COP1,RE1_CF1_TL2_CQ4_CAP1_COP1,BAU,REPO_plus,BAU,0.4,1607,2026,1.6,90.3,1
101,,RE1,CF1,TL2,CQ4,CAP1,COP1,RE1_CF1_TL2_CQ4_CAP1_COP1,BAU,REPO_plus,BAU,0.4,1608,2027,1.7,100.27,1
101,,RE1,CF1,TL2,CQ4,CAP1,COP1,RE1_CF1_TL2_CQ4_CAP1_COP1,BAU,REPO_plus,BAU,0.4,1609,2028,1.8,110.24,1
101,,RE1,CF1,TL2,CQ4,CAP1,COP1,RE1_CF1_TL2_CQ4_CAP1_COP1,BAU,REPO_plus,BAU,0.4,1610,2029,1.9,120.21,1
101,,RE1,CF1,TL2,CQ4,CAP1,COP1,RE1_CF1_TL2_CQ4_CAP1_COP1,BAU,REPO_plus,BAU,0.4,1611,2030,2.0,130.18,1
101,,RE1,CF1,TL2,CQ4,CAP1,COP1,RE1_CF1_TL2_CQ4_CAP1_COP1,BAU,REPO_plus,BAU,0.4,1612,2031,2.1,137.9,1
101,,RE1,CF1,TL2,CQ4,CAP1,COP1,RE1_CF1_TL2_CQ4_CAP1_COP1,BAU,REPO_plus,BAU,0.4,1613,2032,2.2,147.31,1
101,,RE1,CF1,TL2,CQ4,CAP1,COP1,RE1_CF1_TL2_CQ4_CAP1_COP1,BAU,REPO_plus,BAU,0.4,1614,2033,2.3,156.72,1
101,,RE1,CF1,TL2,CQ4,CAP1,COP1,RE1_CF1_TL2_CQ4_CAP1_COP1,BAU,REPO_plus,BAU,0.4,1615,2034,2.4,166.13,1
101,,RE1,CF1,TL2,CQ4,CAP1,COP1,RE1_CF1_TL2_CQ4_CAP1_COP1,BAU,REPO_plus,BAU,0.4,1616,2035,2.5,175.53,1
102,,RE1,CF1,TL2,CQ4,CAP1,COP2,RE1_CF1_TL2_CQ4_CAP1_COP2,BAU,REPO_plus,PD,0.4,1617,2020,1.0,42.85,1
102,,RE1,CF1,TL2,CQ4,CAP1,COP2,RE1_CF1_TL2_CQ4_CAP1_COP2,BAU,REPO_plus,PD,0.4,1618,2021,1.1,42.85,1
102,,RE1,CF1,TL2,CQ4,CAP1,COP2,RE1_CF1_TL2_CQ4_CAP1_COP2,BAU,REPO_plus,PD,0.4,1619,2022,1.2,45.61,1
102,,RE1,CF1,TL2,CQ4,CAP1,COP2,RE1_CF1_TL2_CQ4_CAP1_COP2,BAU,REPO_plus,PD,0.4,1620,2023,1.3,62.79,1
102,,RE1,CF1,TL2,CQ4,CAP1,COP2,RE1_CF1_TL2_CQ4_CAP1_COP2,BAU,REPO_plus,PD,0.4,1621,2024,1.4,70.36,1
102,,RE1,CF1,TL2,CQ4,CAP1,COP2,RE1_CF1_TL2_CQ4_CAP1_COP2,BAU,REPO_plus,PD,0.4,1622,2025,1.5,80.33,1
102,,RE1,CF1,TL2,CQ4,CAP1,COP2,RE1_CF1_TL2_CQ4_CAP1_COP2,BAU,REPO_plus,PD,0.4,1623,2026,1.6,90.3,1
102,,RE1,CF1,TL2,CQ4,CAP1,COP2,RE1_CF1_TL2_CQ4_CAP1_COP2,BAU,REPO_plus,PD,0.4,1624,2027,1.7,100.27,1
102,,RE1,CF1,TL2,CQ4,CAP1,COP2,RE1_CF1_TL2_CQ4_CAP1_COP2,BAU,REPO_plus,PD,0.4,1625,2028,1.8,110.24,1
102,,RE1,CF1,TL2,CQ4,CAP1,COP2,RE1_CF1_TL2_CQ4_CAP1_COP2,BAU,REPO_plus,PD,0.4,1626,2029,1.9,120.21,1
102,,RE1,CF1,TL2,CQ4,CAP1,COP2,RE1_CF1_TL2_CQ4_CAP1_COP2,BAU,REPO_plus,PD,0.4,1627,2030,2.0,130.18,1
102,,RE1,CF1,TL2,CQ4,CAP1,COP2,RE1_CF1_TL2_CQ4_CAP1_COP2,BAU,REPO_plus,PD,0.4,1628,2031,2.1,137.9,1
102,,RE1,CF1,TL2,CQ4,CAP1,COP2,RE1_CF1_TL2_CQ4_CAP1_COP2,BAU,REPO_plus,PD,0.4,1629,2032,2.2,147.31,1
102,,RE1,CF1,TL2,CQ4,CAP1,COP2,RE1_CF1_TL2_CQ4_CAP1_COP2,BAU,REPO_plus,PD,0.4,1630,2033,2.3,156.72,1
102,,RE1,CF1,TL2,CQ4,CAP1,COP2,RE1_CF1_TL2_CQ4_CAP1_COP2,BAU,REPO_plus,PD,0.4,1631,2034,2.4,166.13,1
102,,RE1,CF1,TL2,CQ4,CAP1,COP2,RE1_CF1_TL2_CQ4_CAP1_COP2,BAU,REPO_plus,PD,0.4,1632,2035,2.5,175.53,1
103,,RE1,CF1,TL2,CQ4,CAP2,COP2,RE1_CF1_TL2_CQ4_CAP2_COP2,BAU,REPO_plus,PD,0.4,1633,2020,1.0,42.85,1
103,,RE1,CF1,TL2,CQ4,CAP2,COP2,RE1_CF1_TL2_CQ4_CAP2_COP2,BAU,REPO_plus,PD,0.4,1634,2021,1.1,42.85,1
103,,RE1,CF1,TL2,CQ4,CAP2,COP2,RE1_CF1_TL2_CQ4_CAP2_COP2,BAU,REPO_plus,PD,0.4,1635,2022,1.2,45.61,1
103,,RE1,CF1,TL2,CQ4,CAP2,COP2,RE1_CF1_TL2_CQ4_CAP2_COP2,BAU,REPO_plus,PD,0.4,1636,2023,1.3,127.71,1
103,,RE1,CF1,TL2,CQ4,CAP2,COP2,RE1_CF1_TL2_CQ4_CAP2_COP2,BAU,REPO_plus,PD,0.4,1637,2024,1.4,209.81,1
103,,RE1,CF1,TL2,CQ4,CAP2,COP2,RE1_CF1_TL2_CQ4_CAP2_COP2,BAU,REPO_plus,PD,0.4,1638,2025,1.5,291.9,1
103,,RE1,CF1,TL2,CQ4,CAP2,COP2,RE1_CF1_TL2_CQ4_CAP2_COP2,BAU,REPO_plus,PD,0.4,1639,2026,1.6,374.0,1
103,,RE1,CF1,TL2,CQ4,CAP2,COP2,RE1_CF1_TL2_CQ4_CAP2_COP2,BAU,REPO_plus,PD,0.4,1640,2027,1.7,456.1,1
103,,RE1,CF1,TL2,CQ4,CAP2,COP2,RE1_CF1_TL2_CQ4_CAP2_COP2,BAU,REPO_plus,PD,0.4,1641,2028,1.8,456.1,1
103,,RE1,CF1,TL2,CQ4,CAP2,COP2,RE1_CF1_TL2_CQ4_CAP2_COP2,BAU,REPO_plus,PD,0.4,1642,2029,1.9,456.1,1
103,,RE1,CF1,TL2,CQ4,CAP2,COP2,RE1_CF1_TL2_CQ4_CAP2_COP2,BAU,REPO_plus,PD,0.4,1643,2030,2.0,456.1,1
103,,RE1,CF1,TL2,CQ4,CAP2,COP2,RE1_CF1_TL2_CQ4_CAP2_COP2,BAU,REPO_plus,PD,0.4,1644,2031,2.1,456.1,1
103,,RE1,CF1,TL2,CQ4,CAP2,COP2,RE1_CF1_TL2_CQ4_CAP2_COP2,BAU,REPO_plus,PD,0.4,1645,2032,2.2,456.1,1
103,,RE1,CF1,TL2,CQ4,CAP2,COP2,RE1_CF1_TL2_CQ4_CAP2_COP2,BAU,REPO_plus,PD,0.4,1646,2033,2.3,456.1,1
103,,RE1,CF1,TL2,CQ4,CAP2,COP2,RE1_CF1_TL2_CQ4_CAP2_COP2,BAU,REPO_plus,PD,0.4,1647,2034,2.4,456.1,1
103,,RE1,CF1,TL2,CQ4,CAP2,COP2,RE1_CF1_TL2_CQ4_CAP2_COP2,BAU,REPO_plus,PD,0.4,1648,2035,2.5,456.1,1
104,,RE1,CF1,TL2,CQ5,CAP1,COP1,RE1_CF1_TL2_CQ5_CAP1_COP1,BAU,全行业配额,BAU,0.4,1649,2020,1.0,42.85,1
104,,RE1,CF1,TL2,CQ5,CAP1,COP1,RE1_CF1_TL2_CQ5_CAP1_COP1,BAU,全行业配额,BAU,0.4,1650,2021,1.1,42.85,1
104,,RE1,CF1,TL2,CQ5,CAP1,COP1,RE1_CF1_TL2_CQ5_CAP1_COP1,BAU,全行业配额,BAU,0.4,1651,2022,1.2,45.61,1
104,,RE1,CF1,TL2,CQ5,CAP1,COP1,RE1_CF1_TL2_CQ5_CAP1_COP1,BAU,全行业配额,BAU,0.4,1652,2023,1.3,62.79,1
104,,RE1,CF1,TL2,CQ5,CAP1,COP1,RE1_CF1_TL2_CQ5_CAP1_COP1,BAU,全行业配额,BAU,0.4,1653,2024,1.4,70.36,1
104,,RE1,CF1,TL2,CQ5,CAP1,COP1,RE1_CF1_TL2_CQ5_CAP1_COP1,BAU,全行业配额,BAU,0.4,1654,2025,1.5,80.33,1
104,,RE1,CF1,TL2,CQ5,CAP1,COP1,RE1_CF1_TL2_CQ5_CAP1_COP1,BAU,全行业配额,BAU,0.4,1655,2026,1.6,90.3,1
104,,RE1,CF1,TL2,CQ5,CAP1,COP1,RE1_CF1_TL2_CQ5_CAP1_COP1,BAU,全行业配额,BAU,0.4,1656,2027,1.7,100.27,1
104,,RE1,CF1,TL2,CQ5,CAP1,COP1,RE1_CF1_TL2_CQ5_CAP1_COP1,BAU,全行业配额,BAU,0.4,1657,2028,1.8,110.24,1
104,,RE1,CF1,TL2,CQ5,CAP1,COP1,RE1_CF1_TL2_CQ5_CAP1_COP1,BAU,全行业配额,BAU,0.4,1658,2029,1.9,120.21,1
104,,RE1,CF1,TL2,CQ5,CAP1,COP1,RE1_CF1_TL2_CQ5_CAP1_COP1,BAU,全行业配额,BAU,0.4,1659,2030,2.0,130.18,1
104,,RE1,CF1,TL2,CQ5,CAP1,COP1,RE1_CF1_TL2_CQ5_CAP1_COP1,BAU,全行业配额,BAU,0.4,1660,2031,2.1,137.9,1
104,,RE1,CF1,TL2,CQ5,CAP1,COP1,RE1_CF1_TL2_CQ5_CAP1_COP1,BAU,全行业配额,BAU,0.4,1661,2032,2.2,147.31,1
104,,RE1,CF1,TL2,CQ5,CAP1,COP1,RE1_CF1_TL2_CQ5_CAP1_COP1,BAU,全行业配额,BAU,0.4,1662,2033,2.3,156.72,1
104,,RE1,CF1,TL2,CQ5,CAP1,COP1,RE1_CF1_TL2_CQ5_CAP1_COP1,BAU,全行业配额,BAU,0.4,1663,2034,2.4,166.13,1
104,,RE1,CF1,TL2,CQ5,CAP1,COP1,RE1_CF1_TL2_CQ5_CAP1_COP1,BAU,全行业配额,BAU,0.4,1664,2035,2.5,175.53,1
105,,RE1,CF1,TL2,CQ5,CAP2,COP2,RE1_CF1_TL2_CQ5_CAP2_COP2,BAU,全行业配额,PD,0.4,1665,2020,1.0,42.85,1
105,,RE1,CF1,TL2,CQ5,CAP2,COP2,RE1_CF1_TL2_CQ5_CAP2_COP2,BAU,全行业配额,PD,0.4,1666,2021,1.1,42.85,1
105,,RE1,CF1,TL2,CQ5,CAP2,COP2,RE1_CF1_TL2_CQ5_CAP2_COP2,BAU,全行业配额,PD,0.4,1667,2022,1.2,45.61,1
105,,RE1,CF1,TL2,CQ5,CAP2,COP2,RE1_CF1_TL2_CQ5_CAP2_COP2,BAU,全行业配额,PD,0.4,1668,2023,1.3,127.71,1
105,,RE1,CF1,TL2,CQ5,CAP2,COP2,RE1_CF1_TL2_CQ5_CAP2_COP2,BAU,全行业配额,PD,0.4,1669,2024,1.4,209.81,1
105,,RE1,CF1,TL2,CQ5,CAP2,COP2,RE1_CF1_TL2_CQ5_CAP2_COP2,BAU,全行业配额,PD,0.4,1670,2025,1.5,291.9,1
105,,RE1,CF1,TL2,CQ5,CAP2,COP2,RE1_CF1_TL2_CQ5_CAP2_COP2,BAU,全行业配额,PD,0.4,1671,2026,1.6,374.0,1
105,,RE1,CF1,TL2,CQ5,CAP2,COP2,RE1_CF1_TL2_CQ5_CAP2_COP2,BAU,全行业配额,PD,0.4,1672,2027,1.7,456.1,1
105,,RE1,CF1,TL2,CQ5,CAP2,COP2,RE1_CF1_TL2_CQ5_CAP2_COP2,BAU,全行业配额,PD,0.4,1673,2028,1.8,456.1,1
105,,RE1,CF1,TL2,CQ5,CAP2,COP2,RE1_CF1_TL2_CQ5_CAP2_COP2,BAU,全行业配额,PD,0.4,1674,2029,1.9,456.1,1
105,,RE1,CF1,TL2,CQ5,CAP2,COP2,RE1_CF1_TL2_CQ5_CAP2_COP2,BAU,全行业配额,PD,0.4,1675,2030,2.0,456.1,1
105,,RE1,CF1,TL2,CQ5,CAP2,COP2,RE1_CF1_TL2_CQ5_CAP2_COP2,BAU,全行业配额,PD,0.4,1676,2031,2.1,456.1,1
105,,RE1,CF1,TL2,CQ5,CAP2,COP2,RE1_CF1_TL2_CQ5_CAP2_COP2,BAU,全行业配额,PD,0.4,1677,2032,2.2,456.1,1
105,,RE1,CF1,TL2,CQ5,CAP2,COP2,RE1_CF1_TL2_CQ5_CAP2_COP2,BAU,全行业配额,PD,0.4,1678,2033,2.3,456.1,1
105,,RE1,CF1,TL2,CQ5,CAP2,COP2,RE1_CF1_TL2_CQ5_CAP2_COP2,BAU,全行业配额,PD,0.4,1679,2034,2.4,456.1,1
105,,RE1,CF1,TL2,CQ5,CAP2,COP2,RE1_CF1_TL2_CQ5_CAP2_COP2,BAU,全行业配额,PD,0.4,1680,2035,2.5,456.1,1
106,,RE1,CF1,TL2,CQ6,CAP1,COP1,RE1_CF1_TL2_CQ6_CAP1_COP1,BAU,电力配额,BAU,0.4,1681,2020,1.0,42.85,1
106,,RE1,CF1,TL2,CQ6,CAP1,COP1,RE1_CF1_TL2_CQ6_CAP1_COP1,BAU,电力配额,BAU,0.4,1682,2021,1.1,42.85,1
106,,RE1,CF1,TL2,CQ6,CAP1,COP1,RE1_CF1_TL2_CQ6_CAP1_COP1,BAU,电力配额,BAU,0.4,1683,2022,1.2,45.61,1
106,,RE1,CF1,TL2,CQ6,CAP1,COP1,RE1_CF1_TL2_CQ6_CAP1_COP1,BAU,电力配额,BAU,0.4,1684,2023,1.3,62.79,1
106,,RE1,CF1,TL2,CQ6,CAP1,COP1,RE1_CF1_TL2_CQ6_CAP1_COP1,BAU,电力配额,BAU,0.4,1685,2024,1.4,70.36,1
106,,RE1,CF1,TL2,CQ6,CAP1,COP1,RE1_CF1_TL2_CQ6_CAP1_COP1,BAU,电力配额,BAU,0.4,1686,2025,1.5,80.33,1
106,,RE1,CF1,TL2,CQ6,CAP1,COP1,RE1_CF1_TL2_CQ6_CAP1_COP1,BAU,电力配额,BAU,0.4,1687,2026,1.6,90.3,1
106,,RE1,CF1,TL2,CQ6,CAP1,COP1,RE1_CF1_TL2_CQ6_CAP1_COP1,BAU,电力配额,BAU,0.4,1688,2027,1.7,100.27,1
106,,RE1,CF1,TL2,CQ6,CAP1,COP1,RE1_CF1_TL2_CQ6_CAP1_COP1,BAU,电力配额,BAU,0.4,1689,2028,1.8,110.24,1
106,,RE1,CF1,TL2,CQ6,CAP1,COP1,RE1_CF1_TL2_CQ6_CAP1_COP1,BAU,电力配额,BAU,0.4,1690,2029,1.9,120.21,1
106,,RE1,CF1,TL2,CQ6,CAP1,COP1,RE1_CF1_TL2_CQ6_CAP1_COP1,BAU,电力配额,BAU,0.4,1691,2030,2.0,130.18,1
106,,RE1,CF1,TL2,CQ6,CAP1,COP1,RE1_CF1_TL2_CQ6_CAP1_COP1,BAU,电力配额,BAU,0.4,1692,2031,2.1,137.9,1
106,,RE1,CF1,TL2,CQ6,CAP1,COP1,RE1_CF1_TL2_CQ6_CAP1_COP1,BAU,电力配额,BAU,0.4,1693,2032,2.2,147.31,1
106,,RE1,CF1,TL2,CQ6,CAP1,COP1,RE1_CF1_TL2_CQ6_CAP1_COP1,BAU,电力配额,BAU,0.4,1694,2033,2.3,156.72,1
106,,RE1,CF1,TL2,CQ6,CAP1,COP1,RE1_CF1_TL2_CQ6_CAP1_COP1,BAU,电力配额,BAU,0.4,1695,2034,2.4,166.13,1
106,,RE1,CF1,TL2,CQ6,CAP1,COP1,RE1_CF1_TL2_CQ6_CAP1_COP1,BAU,电力配额,BAU,0.4,1696,2035,2.5,175.53,1
107,,RE1,CF1,TL2,CQ6,CAP1,COP2,RE1_CF1_TL2_CQ6_CAP1_COP2,BAU,电力配额,PD,0.4,1697,2020,1.0,42.85,1
107,,RE1,CF1,TL2,CQ6,CAP1,COP2,RE1_CF1_TL2_CQ6_CAP1_COP2,BAU,电力配额,PD,0.4,1698,2021,1.1,42.85,1
107,,RE1,CF1,TL2,CQ6,CAP1,COP2,RE1_CF1_TL2_CQ6_CAP1_COP2,BAU,电力配额,PD,0.4,1699,2022,1.2,45.61,1
107,,RE1,CF1,TL2,CQ6,CAP1,COP2,RE1_CF1_TL2_CQ6_CAP1_COP2,BAU,电力配额,PD,0.4,1700,2023,1.3,62.79,1
107,,RE1,CF1,TL2,CQ6,CAP1,COP2,RE1_CF1_TL2_CQ6_CAP1_COP2,BAU,电力配额,PD,0.4,1701,2024,1.4,70.36,1
107,,RE1,CF1,TL2,CQ6,CAP1,COP2,RE1_CF1_TL2_CQ6_CAP1_COP2,BAU,电力配额,PD,0.4,1702,2025,1.5,80.33,1
107,,RE1,CF1,TL2,CQ6,CAP1,COP2,RE1_CF1_TL2_CQ6_CAP1_COP2,BAU,电力配额,PD,0.4,1703,2026,1.6,90.3,1
107,,RE1,CF1,TL2,CQ6,CAP1,COP2,RE1_CF1_TL2_CQ6_CAP1_COP2,BAU,电力配额,PD,0.4,1704,2027,1.7,100.27,1
107,,RE1,CF1,TL2,CQ6,CAP1,COP2,RE1_CF1_TL2_CQ6_CAP1_COP2,BAU,电力配额,PD,0.4,1705,2028,1.8,110.24,1
107,,RE1,CF1,TL2,CQ6,CAP1,COP2,RE1_CF1_TL2_CQ6_CAP1_COP2,BAU,电力配额,PD,0.4,1706,2029,1.9,120.21,1
107,,RE1,CF1,TL2,CQ6,CAP1,COP2,RE1_CF1_TL2_CQ6_CAP1_COP2,BAU,电力配额,PD,0.4,1707,2030,2.0,130.18,1
107,,RE1,CF1,TL2,CQ6,CAP1,COP2,RE1_CF1_TL2_CQ6_CAP1_COP2,BAU,电力配额,PD,0.4,1708,2031,2.1,137.9,1
107,,RE1,CF1,TL2,CQ6,CAP1,COP2,RE1_CF1_TL2_CQ6_CAP1_COP2,BAU,电力配额,PD,0.4,1709,2032,2.2,147.31,1
107,,RE1,CF1,TL2,CQ6,CAP1,COP2,RE1_CF1_TL2_CQ6_CAP1_COP2,BAU,电力配额,PD,0.4,1710,2033,2.3,156.72,1
107,,RE1,CF1,TL2,CQ6,CAP1,COP2,RE1_CF1_TL2_CQ6_CAP1_COP2,BAU,电力配额,PD,0.4,1711,2034,2.4,166.13,1
107,,RE1,CF1,TL2,CQ6,CAP1,COP2,RE1_CF1_TL2_CQ6_CAP1_COP2,BAU,电力配额,PD,0.4,1712,2035,2.5,175.53,1
108,,RE1,CF1,TL2,CQ6,CAP2,COP1,RE1_CF1_TL2_CQ6_CAP2_COP1,BAU,电力配额,BAU,0.4,1713,2020,1.0,42.85,1
108,,RE1,CF1,TL2,CQ6,CAP2,COP1,RE1_CF1_TL2_CQ6_CAP2_COP1,BAU,电力配额,BAU,0.4,1714,2021,1.1,42.85,1
108,,RE1,CF1,TL2,CQ6,CAP2,COP1,RE1_CF1_TL2_CQ6_CAP2_COP1,BAU,电力配额,BAU,0.4,1715,2022,1.2,45.61,1
108,,RE1,CF1,TL2,CQ6,CAP2,COP1,RE1_CF1_TL2_CQ6_CAP2_COP1,BAU,电力配额,BAU,0.4,1716,2023,1.3,127.71,1
108,,RE1,CF1,TL2,CQ6,CAP2,COP1,RE1_CF1_TL2_CQ6_CAP2_COP1,BAU,电力配额,BAU,0.4,1717,2024,1.4,209.81,1
108,,RE1,CF1,TL2,CQ6,CAP2,COP1,RE1_CF1_TL2_CQ6_CAP2_COP1,BAU,电力配额,BAU,0.4,1718,2025,1.5,291.9,1
108,,RE1,CF1,TL2,CQ6,CAP2,COP1,RE1_CF1_TL2_CQ6_CAP2_COP1,BAU,电力配额,BAU,0.4,1719,2026,1.6,374.0,1
108,,RE1,CF1,TL2,CQ6,CAP2,COP1,RE1_CF1_TL2_CQ6_CAP2_COP1,BAU,电力配额,BAU,0.4,1720,2027,1.7,456.1,1
108,,RE1,CF1,TL2,CQ6,CAP2,COP1,RE1_CF1_TL2_CQ6_CAP2_COP1,BAU,电力配额,BAU,0.4,1721,2028,1.8,456.1,1
108,,RE1,CF1,TL2,CQ6,CAP2,COP1,RE1_CF1_TL2_CQ6_CAP2_COP1,BAU,电力配额,BAU,0.4,1722,2029,1.9,456.1,1
108,,RE1,CF1,TL2,CQ6,CAP2,COP1,RE1_CF1_TL2_CQ6_CAP2_COP1,BAU,电力配额,BAU,0.4,1723,2030,2.0,456.1,1
108,,RE1,CF1,TL2,CQ6,CAP2,COP1,RE1_CF1_TL2_CQ6_CAP2_COP1,BAU,电力配额,BAU,0.4,1724,2031,2.1,456.1,1
108,,RE1,CF1,TL2,CQ6,CAP2,COP1,RE1_CF1_TL2_CQ6_CAP2_COP1,BAU,电力配额,BAU,0.4,1725,2032,2.2,456.1,1
108,,RE1,CF1,TL2,CQ6,CAP2,COP1,RE1_CF1_TL2_CQ6_CAP2_COP1,BAU,电力配额,BAU,0.4,1726,2033,2.3,456.1,1
108,,RE1,CF1,TL2,CQ6,CAP2,COP1,RE1_CF1_TL2_CQ6_CAP2_COP1,BAU,电力配额,BAU,0.4,1727,2034,2.4,456.1,1
108,,RE1,CF1,TL2,CQ6,CAP2,COP1,RE1_CF1_TL2_CQ6_CAP2_COP1,BAU,电力配额,BAU,0.4,1728,2035,2.5,456.1,1
109,,RE1,CF2,TL1,CQ1,CAP1,COP1,RE1_CF2_TL1_CQ1_CAP1_COP1,BAU,无配额,BAU,0.3,1729,2020,1.0,0.0,0
109,,RE1,CF2,TL1,CQ1,CAP1,COP1,RE1_CF2_TL1_CQ1_CAP1_COP1,BAU,无配额,BAU,0.3,1730,2021,1.03,0.0,0
109,,RE1,CF2,TL1,CQ1,CAP1,COP1,RE1_CF2_TL1_CQ1_CAP1_COP1,BAU,无配额,BAU,0.3,1731,2022,1.06,0.0,0
109,,RE1,CF2,TL1,CQ1,CAP1,COP1,RE1_CF2_TL1_CQ1_CAP1_COP1,BAU,无配额,BAU,0.3,1732,2023,1.09,0.0,0
109,,RE1,CF2,TL1,CQ1,CAP1,COP1,RE1_CF2_TL1_CQ1_CAP1_COP1,BAU,无配额,BAU,0.3,1733,2024,1.12,0.0,0
109,,RE1,CF2,TL1,CQ1,CAP1,COP1,RE1_CF2_TL1_CQ1_CAP1_COP1,BAU,无配额,BAU,0.3,1734,2025,1.15,0.0,0
109,,RE1,CF2,TL1,CQ1,CAP1,COP1,RE1_CF2_TL1_CQ1_CAP1_COP1,BAU,无配额,BAU,0.3,1735,2026,1.18,0.0,0
109,,RE1,CF2,TL1,CQ1,CAP1,COP1,RE1_CF2_TL1_CQ1_CAP1_COP1,BAU,无配额,BAU,0.3,1736,2027,1.21,0.0,0
109,,RE1,CF2,TL1,CQ1,CAP1,COP1,RE1_CF2_TL1_CQ1_CAP1_COP1,BAU,无配额,BAU,0.3,1737,2028,1.24,0.0,0
109,,RE1,CF2,TL1,CQ1,CAP1,COP1,RE1_CF2_TL1_CQ1_CAP1_COP1,BAU,无配额,BAU,0.3,1738,2029,1.27,0.0,0
109,,RE1,CF2,TL1,CQ1,CAP1,COP1,RE1_CF2_TL1_CQ1_CAP1_COP1,BAU,无配额,BAU,0.3,1739,2030,1.3,0.0,0
109,,RE1,CF2,TL1,CQ1,CAP1,COP1,RE1_CF2_TL1_CQ1_CAP1_COP1,BAU,无配额,BAU,0.3,1740,2031,1.36,0.0,0
109,,RE1,CF2,TL1,CQ1,CAP1,COP1,RE1_CF2_TL1_CQ1_CAP1_COP1,BAU,无配额,BAU,0.3,1741,2032,1.42,0.0,0
109,,RE1,CF2,TL1,CQ1,CAP1,COP1,RE1_CF2_TL1_CQ1_CAP1_COP1,BAU,无配额,BAU,0.3,1742,2033,1.48,0.0,0
109,,RE1,CF2,TL1,CQ1,CAP1,COP1,RE1_CF2_TL1_CQ1_CAP1_COP1,BAU,无配额,BAU,0.3,1743,2034,1.54,0.0,0
109,,RE1,CF2,TL1,CQ1,CAP1,COP1,RE1_CF2_TL1_CQ1_CAP1_COP1,BAU,无配额,BAU,0.3,1744,2035,1.6,0.0,0
110,,RE1,CF2,TL1,CQ1,CAP2,COP1,RE1_CF2_TL1_CQ1_CAP2_COP1,BAU,无配额,BAU,0.3,1745,2020,1.0,0.0,0
110,,RE1,CF2,TL1,CQ1,CAP2,COP1,RE1_CF2_TL1_CQ1_CAP2_COP1,BAU,无配额,BAU,0.3,1746,2021,1.03,0.0,0
110,,RE1,CF2,TL1,CQ1,CAP2,COP1,RE1_CF2_TL1_CQ1_CAP2_COP1,BAU,无配额,BAU,0.3,1747,2022,1.06,0.0,0
110,,RE1,CF2,TL1,CQ1,CAP2,COP1,RE1_CF2_TL1_CQ1_CAP2_COP1,BAU,无配额,BAU,0.3,1748,2023,1.09,0.0,0
110,,RE1,CF2,TL1,CQ1,CAP2,COP1,RE1_CF2_TL1_CQ1_CAP2_COP1,BAU,无配额,BAU,0.3,1749,2024,1.12,0.0,0
110,,RE1,CF2,TL1,CQ1,CAP2,COP1,RE1_CF2_TL1_CQ1_CAP2_COP1,BAU,无配额,BAU,0.3,1750,2025,1.15,0.0,0
110,,RE1,CF2,TL1,CQ1,CAP2,COP1,RE1_CF2_TL1_CQ1_CAP2_COP1,BAU,无配额,BAU,0.3,1751,2026,1.18,0.0,0
110,,RE1,CF2,TL1,CQ1,CAP2,COP1,RE1_CF2_TL1_CQ1_CAP2_COP1,BAU,无配额,BAU,0.3,1752,2027,1.21,0.0,0
110,,RE1,CF2,TL1,CQ1,CAP2,COP1,RE1_CF2_TL1_CQ1_CAP2_COP1,BAU,无配额,BAU,0.3,1753,2028,1.24,0.0,0
110,,RE1,CF2,TL1,CQ1,CAP2,COP1,RE1_CF2_TL1_CQ1_CAP2_COP1,BAU,无配额,BAU,0.3,1754,2029,1.27,0.0,0
110,,RE1,CF2,TL1,CQ1,CAP2,COP1,RE1_CF2_TL1_CQ1_CAP2_COP1,BAU,无配额,BAU,0.3,1755,2030,1.3,0.0,0
110,,RE1,CF2,TL1,CQ1,CAP2,COP1,RE1_CF2_TL1_CQ1_CAP2_COP1,BAU,无配额,BAU,0.3,1756,2031,1.36,0.0,0
110,,RE1,CF2,TL1,CQ1,CAP2,COP1,RE1_CF2_TL1_CQ1_CAP2_COP1,BAU,无配额,BAU,0.3,1757,2032,1.42,0.0,0
110,,RE1,CF2,TL1,CQ1,CAP2,COP1,RE1_CF2_TL1_CQ1_CAP2_COP1,BAU,无配额,BAU,0.3,1758,2033,1.48,0.0,0
110,,RE1,CF2,TL1,CQ1,CAP2,COP1,RE1_CF2_TL1_CQ1_CAP2_COP1,BAU,无配额,BAU,0.3,1759,2034,1.54,0.0,0
110,,RE1,CF2,TL1,CQ1,CAP2,COP1,RE1_CF2_TL1_CQ1_CAP2_COP1,BAU,无配额,BAU,0.3,1760,2035,1.6,0.0,0
111,,RE1,CF2,TL1,CQ1,CAP2,COP2,RE1_CF2_TL1_CQ1_CAP2_COP2,BAU,无配额,PD,0.3,1761,2020,1.0,0.0,0
111,,RE1,CF2,TL1,CQ1,CAP2,COP2,RE1_CF2_TL1_CQ1_CAP2_COP2,BAU,无配额,PD,0.3,1762,2021,1.03,0.0,0
111,,RE1,CF2,TL1,CQ1,CAP2,COP2,RE1_CF2_TL1_CQ1_CAP2_COP2,BAU,无配额,PD,0.3,1763,2022,1.06,0.0,0
111,,RE1,CF2,TL1,CQ1,CAP2,COP2,RE1_CF2_TL1_CQ1_CAP2_COP2,BAU,无配额,PD,0.3,1764,2023,1.09,0.0,0
111,,RE1,CF2,TL1,CQ1,CAP2,COP2,RE1_CF2_TL1_CQ1_CAP2_COP2,BAU,无配额,PD,0.3,1765,2024,1.12,0.0,0
111,,RE1,CF2,TL1,CQ1,CAP2,COP2,RE1_CF2_TL1_CQ1_CAP2_COP2,BAU,无配额,PD,0.3,1766,2025,1.15,0.0,0
111,,RE1,CF2,TL1,CQ1,CAP2,COP2,RE1_CF2_TL1_CQ1_CAP2_COP2,BAU,无配额,PD,0.3,1767,2026,1.18,0.0,0
111,,RE1,CF2,TL1,CQ1,CAP2,COP2,RE1_CF2_TL1_CQ1_CAP2_COP2,BAU,无配额,PD,0.3,1768,2027,1.21,0.0,0
111,,RE1,CF2,TL1,CQ1,CAP2,COP2,RE1_CF2_TL1_CQ1_CAP2_COP2,BAU,无配额,PD,0.3,1769,2028,1.24,0.0,0
111,,RE1,CF2,TL1,CQ1,CAP2,COP2,RE1_CF2_TL1_CQ1_CAP2_COP2,BAU,无配额,PD,0.3,1770,2029,1.27,0.0,0
111,,RE1,CF2,TL1,CQ1,CAP2,COP2,RE1_CF2_TL1_CQ1_CAP2_COP2,BAU,无配额,PD,0.3,1771,2030,1.3,0.0,0
111,,RE1,CF2,TL1,CQ1,CAP2,COP2,RE1_CF2_TL1_CQ1_CAP2_COP2,BAU,无配额,PD,0.3,1772,2031,1.36,0.0,0
111,,RE1,CF2,TL1,CQ1,CAP2,COP2,RE1_CF2_TL1_CQ1_CAP2_COP2,BAU,无配额,PD,0.3,1773,2032,1.42,0.0,0
111,,RE1,CF2,TL1,CQ1,CAP2,COP2,RE1_CF2_TL1_CQ1_CAP2_COP2,BAU,无配额,PD,0.3,1774,2033,1.48,0.0,0
111,,RE1,CF2,TL1,CQ1,CAP2,COP2,RE1_CF2_TL1_CQ1_CAP2_COP2,BAU,无配额,PD,0.3,1775,2034,1.54,0.0,0
111,,RE1,CF2,TL1,CQ1,CAP2,COP2,RE1_CF2_TL1_CQ1_CAP2_COP2,BAU,无配额,PD,0.3,1776,2035,1.6,0.0,0
112,,RE1,CF2,TL1,CQ2,CAP1,COP1,RE1_CF2_TL1_CQ2_CAP1_COP1,BAU,基准不变,BAU,0.3,1777,2020,1.0,42.85,1
112,,RE1,CF2,TL1,CQ2,CAP1,COP1,RE1_CF2_TL1_CQ2_CAP1_COP1,BAU,基准不变,BAU,0.3,1778,2021,1.03,42.85,1
112,,RE1,CF2,TL1,CQ2,CAP1,COP1,RE1_CF2_TL1_CQ2_CAP1_COP1,BAU,基准不变,BAU,0.3,1779,2022,1.06,45.61,1
112,,RE1,CF2,TL1,CQ2,CAP1,COP1,RE1_CF2_TL1_CQ2_CAP1_COP1,BAU,基准不变,BAU,0.3,1780,2023,1.09,62.79,1
112,,RE1,CF2,TL1,CQ2,CAP1,COP1,RE1_CF2_TL1_CQ2_CAP1_COP1,BAU,基准不变,BAU,0.3,1781,2024,1.12,70.36,1
112,,RE1,CF2,TL1,CQ2,CAP1,COP1,RE1_CF2_TL1_CQ2_CAP1_COP1,BAU,基准不变,BAU,0.3,1782,2025,1.15,80.33,1
112,,RE1,CF2,TL1,CQ2,CAP1,COP1,RE1_CF2_TL1_CQ2_CAP1_COP1,BAU,基准不变,BAU,0.3,1783,2026,1.18,90.3,1
112,,RE1,CF2,TL1,CQ2,CAP1,COP1,RE1_CF2_TL1_CQ2_CAP1_COP1,BAU,基准不变,BAU,0.3,1784,2027,1.21,100.27,1
112,,RE1,CF2,TL1,CQ2,CAP1,COP1,RE1_CF2_TL1_CQ2_CAP1_COP1,BAU,基准不变,BAU,0.3,1785,2028,1.24,110.24,1
112,,RE1,CF2,TL1,CQ2,CAP1,COP1,RE1_CF2_TL1_CQ2_CAP1_COP1,BAU,基准不变,BAU,0.3,1786,2029,1.27,120.21,1
112,,RE1,CF2,TL1,CQ2,CAP1,COP1,RE1_CF2_TL1_CQ2_CAP1_COP1,BAU,基准不变,BAU,0.3,1787,2030,1.3,130.18,1
112,,RE1,CF2,TL1,CQ2,CAP1,COP1,RE1_CF2_TL1_CQ2_CAP1_COP1,BAU,基准不变,BAU,0.3,1788,2031,1.36,137.9,1
112,,RE1,CF2,TL1,CQ2,CAP1,COP1,RE1_CF2_TL1_CQ2_CAP1_COP1,BAU,基准不变,BAU,0.3,1789,2032,1.42,147.31,1
112,,RE1,CF2,TL1,CQ2,CAP1,COP1,RE1_CF2_TL1_CQ2_CAP1_COP1,BAU,基准不变,BAU,0.3,1790,2033,1.48,156.72,1
112,,RE1,CF2,TL1,CQ2,CAP1,COP1,RE1_CF2_TL1_CQ2_CAP1_COP1,BAU,基准不变,BAU,0.3,1791,2034,1.54,166.13,1
112,,RE1,CF2,TL1,CQ2,CAP1,COP1,RE1_CF2_TL1_CQ2_CAP1_COP1,BAU,基准不变,BAU,0.3,1792,2035,1.6,175.53,1
113,,RE1,CF2,TL1,CQ2,CAP1,COP2,RE1_CF2_TL1_CQ2_CAP1_COP2,BAU,基准不变,PD,0.3,1793,2020,1.0,42.85,1
113,,RE1,CF2,TL1,CQ2,CAP1,COP2,RE1_CF2_TL1_CQ2_CAP1_COP2,BAU,基准不变,PD,0.3,1794,2021,1.03,42.85,1
113,,RE1,CF2,TL1,CQ2,CAP1,COP2,RE1_CF2_TL1_CQ2_CAP1_COP2,BAU,基准不变,PD,0.3,1795,2022,1.06,45.61,1
113,,RE1,CF2,TL1,CQ2,CAP1,COP2,RE1_CF2_TL1_CQ2_CAP1_COP2,BAU,基准不变,PD,0.3,1796,2023,1.09,62.79,1
113,,RE1,CF2,TL1,CQ2,CAP1,COP2,RE1_CF2_TL1_CQ2_CAP1_COP2,BAU,基准不变,PD,0.3,1797,2024,1.12,70.36,1
113,,RE1,CF2,TL1,CQ2,CAP1,COP2,RE1_CF2_TL1_CQ2_CAP1_COP2,BAU,基准不变,PD,0.3,1798,2025,1.15,80.33,1
113,,RE1,CF2,TL1,CQ2,CAP1,COP2,RE1_CF2_TL1_CQ2_CAP1_COP2,BAU,基准不变,PD,0.3,1799,2026,1.18,90.3,1
113,,RE1,CF2,TL1,CQ2,CAP1,COP2,RE1_CF2_TL1_CQ2_CAP1_COP2,BAU,基准不变,PD,0.3,1800,2027,1.21,100.27,1
113,,RE1,CF2,TL1,CQ2,CAP1,COP2,RE1_CF2_TL1_CQ2_CAP1_COP2,BAU,基准不变,PD,0.3,1801,2028,1.24,110.24,1
113,,RE1,CF2,TL1,CQ2,CAP1,COP2,RE1_CF2_TL1_CQ2_CAP1_COP2,BAU,基准不变,PD,0.3,1802,2029,1.27,120.21,1
113,,RE1,CF2,TL1,CQ2,CAP1,COP2,RE1_CF2_TL1_CQ2_CAP1_COP2,BAU,基准不变,PD,0.3,1803,2030,1.3,130.18,1
113,,RE1,CF2,TL1,CQ2,CAP1,COP2,RE1_CF2_TL1_CQ2_CAP1_COP2,BAU,基准不变,PD,0.3,1804,2031,1.36,137.9,1
113,,RE1,CF2,TL1,CQ2,CAP1,COP2,RE1_CF2_TL1_CQ2_CAP1_COP2,BAU,基准不变,PD,0.3,1805,2032,1.42,147.31,1
113,,RE1,CF2,TL1,CQ2,CAP1,COP2,RE1_CF2_TL1_CQ2_CAP1_COP2,BAU,基准不变,PD,0.3,1806,2033,1.48,156.72,1
113,,RE1,CF2,TL1,CQ2,CAP1,COP2,RE1_CF2_TL1_CQ2_CAP1_COP2,BAU,基准不变,PD,0.3,1807,2034,1.54,166.13,1
113,,RE1,CF2,TL1,CQ2,CAP1,COP2,RE1_CF2_TL1_CQ2_CAP1_COP2,BAU,基准不变,PD,0.3,1808,2035,1.6,175.53,1
114,,RE1,CF2,TL1,CQ2,CAP2,COP2,RE1_CF2_TL1_CQ2_CAP2_COP2,BAU,基准不变,PD,0.3,1809,2020,1.0,42.85,1
114,,RE1,CF2,TL1,CQ2,CAP2,COP2,RE1_CF2_TL1_CQ2_CAP2_COP2,BAU,基准不变,PD,0.3,1810,2021,1.03,42.85,1
114,,RE1,CF2,TL1,CQ2,CAP2,COP2,RE1_CF2_TL1_CQ2_CAP2_COP2,BAU,基准不变,PD,0.3,1811,2022,1.06,45.61,1
114,,RE1,CF2,TL1,CQ2,CAP2,COP2,RE1_CF2_TL1_CQ2_CAP2_COP2,BAU,基准不变,PD,0.3,1812,2023,1.09,127.71,1
114,,RE1,CF2,TL1,CQ2,CAP2,COP2,RE1_CF2_TL1_CQ2_CAP2_COP2,BAU,基准不变,PD,0.3,1813,2024,1.12,209.81,1
114,,RE1,CF2,TL1,CQ2,CAP2,COP2,RE1_CF2_TL1_CQ2_CAP2_COP2,BAU,基准不变,PD,0.3,1814,2025,1.15,291.9,1
114,,RE1,CF2,TL1,CQ2,CAP2,COP2,RE1_CF2_TL1_CQ2_CAP2_COP2,BAU,基准不变,PD,0.3,1815,2026,1.18,374.0,1
114,,RE1,CF2,TL1,CQ2,CAP2,COP2,RE1_CF2_TL1_CQ2_CAP2_COP2,BAU,基准不变,PD,0.3,1816,2027,1.21,456.1,1
114,,RE1,CF2,TL1,CQ2,CAP2,COP2,RE1_CF2_TL1_CQ2_CAP2_COP2,BAU,基准不变,PD,0.3,1817,2028,1.24,456.1,1
114,,RE1,CF2,TL1,CQ2,CAP2,COP2,RE1_CF2_TL1_CQ2_CAP2_COP2,BAU,基准不变,PD,0.3,1818,2029,1.27,456.1,1
114,,RE1,CF2,TL1,CQ2,CAP2,COP2,RE1_CF2_TL1_CQ2_CAP2_COP2,BAU,基准不变,PD,0.3,1819,2030,1.3,456.1,1
114,,RE1,CF2,TL1,CQ2,CAP2,COP2,RE1_CF2_TL1_CQ2_CAP2_COP2,BAU,基准不变,PD,0.3,1820,2031,1.36,456.1,1
114,,RE1,CF2,TL1,CQ2,CAP2,COP2,RE1_CF2_TL1_CQ2_CAP2_COP2,BAU,基准不变,PD,0.3,1821,2032,1.42,456.1,1
114,,RE1,CF2,TL1,CQ2,CAP2,COP2,RE1_CF2_TL1_CQ2_CAP2_COP2,BAU,基准不变,PD,0.3,1822,2033,1.48,456.1,1
114,,RE1,CF2,TL1,CQ2,CAP2,COP2,RE1_CF2_TL1_CQ2_CAP2_COP2,BAU,基准不变,PD,0.3,1823,2034,1.54,456.1,1
114,,RE1,CF2,TL1,CQ2,CAP2,COP2,RE1_CF2_TL1_CQ2_CAP2_COP2,BAU,基准不变,PD,0.3,1824,2035,1.6,456.1,1
115,,RE1,CF2,TL1,CQ3,CAP1,COP1,RE1_CF2_TL1_CQ3_CAP1_COP1,BAU,REPO,BAU,0.3,1825,2020,1.0,42.85,1
115,,RE1,CF2,TL1,CQ3,CAP1,COP1,RE1_CF2_TL1_CQ3_CAP1_COP1,BAU,REPO,BAU,0.3,1826,2021,1.03,42.85,1
115,,RE1,CF2,TL1,CQ3,CAP1,COP1,RE1_CF2_TL1_CQ3_CAP1_COP1,BAU,REPO,BAU,0.3,1827,2022,1.06,45.61,1
115,,RE1,CF2,TL1,CQ3,CAP1,COP1,RE1_CF2_TL1_CQ3_CAP1_COP1,BAU,REPO,BAU,0.3,1828,2023,1.09,62.79,1
115,,RE1,CF2,TL1,CQ3,CAP1,COP1,RE1_CF2_TL1_CQ3_CAP1_COP1,BAU,REPO,BAU,0.3,1829,2024,1.12,70.36,1
115,,RE1,CF2,TL1,CQ3,CAP1,COP1,RE1_CF2_TL1_CQ3_CAP1_COP1,BAU,REPO,BAU,0.3,1830,2025,1.15,80.33,1
115,,RE1,CF2,TL1,CQ3,CAP1,COP1,RE1_CF2_TL1_CQ3_CAP1_COP1,BAU,REPO,BAU,0.3,1831,2026,1.18,90.3,1
115,,RE1,CF2,TL1,CQ3,CAP1,COP1,RE1_CF2_TL1_CQ3_CAP1_COP1,BAU,REPO,BAU,0.3,1832,2027,1.21,100.27,1
115,,RE1,CF2,TL1,CQ3,CAP1,COP1,RE1_CF2_TL1_CQ3_CAP1_COP1,BAU,REPO,BAU,0.3,1833,2028,1.24,110.24,1
115,,RE1,CF2,TL1,CQ3,CAP1,COP1,RE1_CF2_TL1_CQ3_CAP1_COP1,BAU,REPO,BAU,0.3,1834,2029,1.27,120.21,1
115,,RE1,CF2,TL1,CQ3,CAP1,COP1,RE1_CF2_TL1_CQ3_CAP1_COP1,BAU,REPO,BAU,0.3,1835,2030,1.3,130.18,1
115,,RE1,CF2,TL1,CQ3,CAP1,COP1,RE1_CF2_TL1_CQ3_CAP1_COP1,BAU,REPO,BAU,0.3,1836,2031,1.36,137.9,1
115,,RE1,CF2,TL1,CQ3,CAP1,COP1,RE1_CF2_TL1_CQ3_CAP1_COP1,BAU,REPO,BAU,0.3,1837,2032,1.42,147.31,1
115,,RE1,CF2,TL1,CQ3,CAP1,COP1,RE1_CF2_TL1_CQ3_CAP1_COP1,BAU,REPO,BAU,0.3,1838,2033,1.48,156.72,1
115,,RE1,CF2,TL1,CQ3,CAP1,COP1,RE1_CF2_TL1_CQ3_CAP1_COP1,BAU,REPO,BAU,0.3,1839,2034,1.54,166.13,1
115,,RE1,CF2,TL1,CQ3,CAP1,COP1,RE1_CF2_TL1_CQ3_CAP1_COP1,BAU,REPO,BAU,0.3,1840,2035,1.6,175.53,1
116,,RE1,CF2,TL1,CQ3,CAP1,COP2,RE1_CF2_TL1_CQ3_CAP1_COP2,BAU,REPO,PD,0.3,1841,2020,1.0,42.85,1
116,,RE1,CF2,TL1,CQ3,CAP1,COP2,RE1_CF2_TL1_CQ3_CAP1_COP2,BAU,REPO,PD,0.3,1842,2021,1.03,42.85,1
116,,RE1,CF2,TL1,CQ3,CAP1,COP2,RE1_CF2_TL1_CQ3_CAP1_COP2,BAU,REPO,PD,0.3,1843,2022,1.06,45.61,1
116,,RE1,CF2,TL1,CQ3,CAP1,COP2,RE1_CF2_TL1_CQ3_CAP1_COP2,BAU,REPO,PD,0.3,1844,2023,1.09,62.79,1
116,,RE1,CF2,TL1,CQ3,CAP1,COP2,RE1_CF2_TL1_CQ3_CAP1_COP2,BAU,REPO,PD,0.3,1845,2024,1.12,70.36,1
116,,RE1,CF2,TL1,CQ3,CAP1,COP2,RE1_CF2_TL1_CQ3_CAP1_COP2,BAU,REPO,PD,0.3,1846,2025,1.15,80.33,1
116,,RE1,CF2,TL1,CQ3,CAP1,COP2,RE1_CF2_TL1_CQ3_CAP1_COP2,BAU,REPO,PD,0.3,1847,2026,1.18,90.3,1
116,,RE1,CF2,TL1,CQ3,CAP1,COP2,RE1_CF2_TL1_CQ3_CAP1_COP2,BAU,REPO,PD,0.3,1848,2027,1.21,100.27,1
116,,RE1,CF2,TL1,CQ3,CAP1,COP2,RE1_CF2_TL1_CQ3_CAP1_COP2,BAU,REPO,PD,0.3,1849,2028,1.24,110.24,1
116,,RE1,CF2,TL1,CQ3,CAP1,COP2,RE1_CF2_TL1_CQ3_CAP1_COP2,BAU,REPO,PD,0.3,1850,2029,1.27,120.21,1
116,,RE1,CF2,TL1,CQ3,CAP1,COP2,RE1_CF2_TL1_CQ3_CAP1_COP2,BAU,REPO,PD,0.3,1851,2030,1.3,130.18,1
116,,RE1,CF2,TL1,CQ3,CAP1,COP2,RE1_CF2_TL1_CQ3_CAP1_COP2,BAU,REPO,PD,0.3,1852,2031,1.36,137.9,1
116,,RE1,CF2,TL1,CQ3,CAP1,COP2,RE1_CF2_TL1_CQ3_CAP1_COP2,BAU,REPO,PD,0.3,1853,2032,1.42,147.31,1
116,,RE1,CF2,TL1,CQ3,CAP1,COP2,RE1_CF2_TL1_CQ3_CAP1_COP2,BAU,REPO,PD,0.3,1854,2033,1.48,156.72,1
116,,RE1,CF2,TL1,CQ3,CAP1,COP2,RE1_CF2_TL1_CQ3_CAP1_COP2,BAU,REPO,PD,0.3,1855,2034,1.54,166.13,1
116,,RE1,CF2,TL1,CQ3,CAP1,COP2,RE1_CF2_TL1_CQ3_CAP1_COP2,BAU,REPO,PD,0.3,1856,2035,1.6,175.53,1
117,,RE1,CF2,TL1,CQ3,CAP2,COP2,RE1_CF2_TL1_CQ3_CAP2_COP2,BAU,REPO,PD,0.3,1857,2020,1.0,42.85,1
117,,RE1,CF2,TL1,CQ3,CAP2,COP2,RE1_CF2_TL1_CQ3_CAP2_COP2,BAU,REPO,PD,0.3,1858,2021,1.03,42.85,1
117,,RE1,CF2,TL1,CQ3,CAP2,COP2,RE1_CF2_TL1_CQ3_CAP2_COP2,BAU,REPO,PD,0.3,1859,2022,1.06,45.61,1
117,,RE1,CF2,TL1,CQ3,CAP2,COP2,RE1_CF2_TL1_CQ3_CAP2_COP2,BAU,REPO,PD,0.3,1860,2023,1.09,127.71,1
117,,RE1,CF2,TL1,CQ3,CAP2,COP2,RE1_CF2_TL1_CQ3_CAP2_COP2,BAU,REPO,PD,0.3,1861,2024,1.12,209.81,1
117,,RE1,CF2,TL1,CQ3,CAP2,COP2,RE1_CF2_TL1_CQ3_CAP2_COP2,BAU,REPO,PD,0.3,1862,2025,1.15,291.9,1
117,,RE1,CF2,TL1,CQ3,CAP2,COP2,RE1_CF2_TL1_CQ3_CAP2_COP2,BAU,REPO,PD,0.3,1863,2026,1.18,374.0,1
117,,RE1,CF2,TL1,CQ3,CAP2,COP2,RE1_CF2_TL1_CQ3_CAP2_COP2,BAU,REPO,PD,0.3,1864,2027,1.21,456.1,1
117,,RE1,CF2,TL1,CQ3,CAP2,COP2,RE1_CF2_TL1_CQ3_CAP2_COP2,BAU,REPO,PD,0.3,1865,2028,1.24,456.1,1
117,,RE1,CF2,TL1,CQ3,CAP2,COP2,RE1_CF2_TL1_CQ3_CAP2_COP2,BAU,REPO,PD,0.3,1866,2029,1.27,456.1,1
117,,RE1,CF2,TL1,CQ3,CAP2,COP2,RE1_CF2_TL1_CQ3_CAP2_COP2,BAU,REPO,PD,0.3,1867,2030,1.3,456.1,1
117,,RE1,CF2,TL1,CQ3,CAP2,COP2,RE1_CF2_TL1_CQ3_CAP2_COP2,BAU,REPO,PD,0.3,1868,2031,1.36,456.1,1
117,,RE1,CF2,TL1,CQ3,CAP2,COP2,RE1_CF2_TL1_CQ3_CAP2_COP2,BAU,REPO,PD,0.3,1869,2032,1.42,456.1,1
117,,RE1,CF2,TL1,CQ3,CAP2,COP2,RE1_CF2_TL1_CQ3_CAP2_COP2,BAU,REPO,PD,0.3,1870,2033,1.48,456.1,1
117,,RE1,CF2,TL1,CQ3,CAP2,COP2,RE1_CF2_TL1_CQ3_CAP2_COP2,BAU,REPO,PD,0.3,1871,2034,1.54,456.1,1
117,,RE1,CF2,TL1,CQ3,CAP2,COP2,RE1_CF2_TL1_CQ3_CAP2_COP2,BAU,REPO,PD,0.3,1872,2035,1.6,456.1,1
118,,RE1,CF2,TL1,CQ4,CAP1,COP1,RE1_CF2_TL1_CQ4_CAP1_COP1,BAU,REPO_plus,BAU,0.3,1873,2020,1.0,42.85,1
118,,RE1,CF2,TL1,CQ4,CAP1,COP1,RE1_CF2_TL1_CQ4_CAP1_COP1,BAU,REPO_plus,BAU,0.3,1874,2021,1.03,42.85,1
118,,RE1,CF2,TL1,CQ4,CAP1,COP1,RE1_CF2_TL1_CQ4_CAP1_COP1,BAU,REPO_plus,BAU,0.3,1875,2022,1.06,45.61,1
118,,RE1,CF2,TL1,CQ4,CAP1,COP1,RE1_CF2_TL1_CQ4_CAP1_COP1,BAU,REPO_plus,BAU,0.3,1876,2023,1.09,62.79,1
118,,RE1,CF2,TL1,CQ4,CAP1,COP1,RE1_CF2_TL1_CQ4_CAP1_COP1,BAU,REPO_plus,BAU,0.3,1877,2024,1.12,70.36,1
118,,RE1,CF2,TL1,CQ4,CAP1,COP1,RE1_CF2_TL1_CQ4_CAP1_COP1,BAU,REPO_plus,BAU,0.3,1878,2025,1.15,80.33,1
118,,RE1,CF2,TL1,CQ4,CAP1,COP1,RE1_CF2_TL1_CQ4_CAP1_COP1,BAU,REPO_plus,BAU,0.3,1879,2026,1.18,90.3,1
118,,RE1,CF2,TL1,CQ4,CAP1,COP1,RE1_CF2_TL1_CQ4_CAP1_COP1,BAU,REPO_plus,BAU,0.3,1880,2027,1.21,100.27,1
118,,RE1,CF2,TL1,CQ4,CAP1,COP1,RE1_CF2_TL1_CQ4_CAP1_COP1,BAU,REPO_plus,BAU,0.3,1881,2028,1.24,110.24,1
118,,RE1,CF2,TL1,CQ4,CAP1,COP1,RE1_CF2_TL1_CQ4_CAP1_COP1,BAU,REPO_plus,BAU,0.3,1882,2029,1.27,120.21,1
118,,RE1,CF2,TL1,CQ4,CAP1,COP1,RE1_CF2_TL1_CQ4_CAP1_COP1,BAU,REPO_plus,BAU,0.3,1883,2030,1.3,130.18,1
118,,RE1,CF2,TL1,CQ4,CAP1,COP1,RE1_CF2_TL1_CQ4_CAP1_COP1,BAU,REPO_plus,BAU,0.3,1884,2031,1.36,137.9,1
118,,RE1,CF2,TL1,CQ4,CAP1,COP1,RE1_CF2_TL1_CQ4_CAP1_COP1,BAU,REPO_plus,BAU,0.3,1885,2032,1.42,147.31,1
118,,RE1,CF2,TL1,CQ4,CAP1,COP1,RE1_CF2_TL1_CQ4_CAP1_COP1,BAU,REPO_plus,BAU,0.3,1886,2033,1.48,156.72,1
118,,RE1,CF2,TL1,CQ4,CAP1,COP1,RE1_CF2_TL1_CQ4_CAP1_COP1,BAU,REPO_plus,BAU,0.3,1887,2034,1.54,166.13,1
118,,RE1,CF2,TL1,CQ4,CAP1,COP1,RE1_CF2_TL1_CQ4_CAP1_COP1,BAU,REPO_plus,BAU,0.3,1888,2035,1.6,175.53,1
119,,RE1,CF2,TL1,CQ4,CAP1,COP2,RE1_CF2_TL1_CQ4_CAP1_COP2,BAU,REPO_plus,PD,0.3,1889,2020,1.0,42.85,1
119,,RE1,CF2,TL1,CQ4,CAP1,COP2,RE1_CF2_TL1_CQ4_CAP1_COP2,BAU,REPO_plus,PD,0.3,1890,2021,1.03,42.85,1
119,,RE1,CF2,TL1,CQ4,CAP1,COP2,RE1_CF2_TL1_CQ4_CAP1_COP2,BAU,REPO_plus,PD,0.3,1891,2022,1.06,45.61,1
119,,RE1,CF2,TL1,CQ4,CAP1,COP2,RE1_CF2_TL1_CQ4_CAP1_COP2,BAU,REPO_plus,PD,0.3,1892,2023,1.09,62.79,1
119,,RE1,CF2,TL1,CQ4,CAP1,COP2,RE1_CF2_TL1_CQ4_CAP1_COP2,BAU,REPO_plus,PD,0.3,1893,2024,1.12,70.36,1
119,,RE1,CF2,TL1,CQ4,CAP1,COP2,RE1_CF2_TL1_CQ4_CAP1_COP2,BAU,REPO_plus,PD,0.3,1894,2025,1.15,80.33,1
119,,RE1,CF2,TL1,CQ4,CAP1,COP2,RE1_CF2_TL1_CQ4_CAP1_COP2,BAU,REPO_plus,PD,0.3,1895,2026,1.18,90.3,1
119,,RE1,CF2,TL1,CQ4,CAP1,COP2,RE1_CF2_TL1_CQ4_CAP1_COP2,BAU,REPO_plus,PD,0.3,1896,2027,1.21,100.27,1
119,,RE1,CF2,TL1,CQ4,CAP1,COP2,RE1_CF2_TL1_CQ4_CAP1_COP2,BAU,REPO_plus,PD,0.3,1897,2028,1.24,110.24,1
119,,RE1,CF2,TL1,CQ4,CAP1,COP2,RE1_CF2_TL1_CQ4_CAP1_COP2,BAU,REPO_plus,PD,0.3,1898,2029,1.27,120.21,1
119,,RE1,CF2,TL1,CQ4,CAP1,COP2,RE1_CF2_TL1_CQ4_CAP1_COP2,BAU,REPO_plus,PD,0.3,1899,2030,1.3,130.18,1
119,,RE1,CF2,TL1,CQ4,CAP1,COP2,RE1_CF2_TL1_CQ4_CAP1_COP2,BAU,REPO_plus,PD,0.3,1900,2031,1.36,137.9,1
119,,RE1,CF2,TL1,CQ4,CAP1,COP2,RE1_CF2_TL1_CQ4_CAP1_COP2,BAU,REPO_plus,PD,0.3,1901,2032,1.42,147.31,1
119,,RE1,CF2,TL1,CQ4,CAP1,COP2,RE1_CF2_TL1_CQ4_CAP1_COP2,BAU,REPO_plus,PD,0.3,1902,2033,1.48,156.72,1
119,,RE1,CF2,TL1,CQ4,CAP1,COP2,RE1_CF2_TL1_CQ4_CAP1_COP2,BAU,REPO_plus,PD,0.3,1903,2034,1.54,166.13,1
119,,RE1,CF2,TL1,CQ4,CAP1,COP2,RE1_CF2_TL1_CQ4_CAP1_COP2,BAU,REPO_plus,PD,0.3,1904,2035,1.6,175.53,1
120,,RE1,CF2,TL1,CQ4,CAP2,COP1,RE1_CF2_TL1_CQ4_CAP2_COP1,BAU,REPO_plus,BAU,0.3,1905,2020,1.0,42.85,1
120,,RE1,CF2,TL1,CQ4,CAP2,COP1,RE1_CF2_TL1_CQ4_CAP2_COP1,BAU,REPO_plus,BAU,0.3,1906,2021,1.03,42.85,1
120,,RE1,CF2,TL1,CQ4,CAP2,COP1,RE1_CF2_TL1_CQ4_CAP2_COP1,BAU,REPO_plus,BAU,0.3,1907,2022,1.06,45.61,1
120,,RE1,CF2,TL1,CQ4,CAP2,COP1,RE1_CF2_TL1_CQ4_CAP2_COP1,BAU,REPO_plus,BAU,0.3,1908,2023,1.09,127.71,1
120,,RE1,CF2,TL1,CQ4,CAP2,COP1,RE1_CF2_TL1_CQ4_CAP2_COP1,BAU,REPO_plus,BAU,0.3,1909,2024,1.12,209.81,1
120,,RE1,CF2,TL1,CQ4,CAP2,COP1,RE1_CF2_TL1_CQ4_CAP2_COP1,BAU,REPO_plus,BAU,0.3,1910,2025,1.15,291.9,1
120,,RE1,CF2,TL1,CQ4,CAP2,COP1,RE1_CF2_TL1_CQ4_CAP2_COP1,BAU,REPO_plus,BAU,0.3,1911,2026,1.18,374.0,1
120,,RE1,CF2,TL1,CQ4,CAP2,COP1,RE1_CF2_TL1_CQ4_CAP2_COP1,BAU,REPO_plus,BAU,0.3,1912,2027,1.21,456.1,1
120,,RE1,CF2,TL1,CQ4,CAP2,COP1,RE1_CF2_TL1_CQ4_CAP2_COP1,BAU,REPO_plus,BAU,0.3,1913,2028,1.24,456.1,1
120,,RE1,CF2,TL1,CQ4,CAP2,COP1,RE1_CF2_TL1_CQ4_CAP2_COP1,BAU,REPO_plus,BAU,0.3,1914,2029,1.27,456.1,1
120,,RE1,CF2,TL1,CQ4,CAP2,COP1,RE1_CF2_TL1_CQ4_CAP2_COP1,BAU,REPO_plus,BAU,0.3,1915,2030,1.3,456.1,1
120,,RE1,CF2,TL1,CQ4,CAP2,COP1,RE1_CF2_TL1_CQ4_CAP2_COP1,BAU,REPO_plus,BAU,0.3,1916,2031,1.36,456.1,1
120,,RE1,CF2,TL1,CQ4,CAP2,COP1,RE1_CF2_TL1_CQ4_CAP2_COP1,BAU,REPO_plus,BAU,0.3,1917,2032,1.42,456.1,1
120,,RE1,CF2,TL1,CQ4,CAP2,COP1,RE1_CF2_TL1_CQ4_CAP2_COP1,BAU,REPO_plus,BAU,0.3,1918,2033,1.48,456.1,1
120,,RE1,CF2,TL1,CQ4,CAP2,COP1,RE1_CF2_TL1_CQ4_CAP2_COP1,BAU,REPO_plus,BAU,0.3,1919,2034,1.54,456.1,1
120,,RE1,CF2,TL1,CQ4,CAP2,COP1,RE1_CF2_TL1_CQ4_CAP2_COP1,BAU,REPO_plus,BAU,0.3,1920,2035,1.6,456.1,1
121,,RE1,CF2,TL1,CQ5,CAP1,COP2,RE1_CF2_TL1_CQ5_CAP1_COP2,BAU,全行业配额,PD,0.3,1921,2020,1.0,42.85,1
121,,RE1,CF2,TL1,CQ5,CAP1,COP2,RE1_CF2_TL1_CQ5_CAP1_COP2,BAU,全行业配额,PD,0.3,1922,2021,1.03,42.85,1
121,,RE1,CF2,TL1,CQ5,CAP1,COP2,RE1_CF2_TL1_CQ5_CAP1_COP2,BAU,全行业配额,PD,0.3,1923,2022,1.06,45.61,1
121,,RE1,CF2,TL1,CQ5,CAP1,COP2,RE1_CF2_TL1_CQ5_CAP1_COP2,BAU,全行业配额,PD,0.3,1924,2023,1.09,62.79,1
121,,RE1,CF2,TL1,CQ5,CAP1,COP2,RE1_CF2_TL1_CQ5_CAP1_COP2,BAU,全行业配额,PD,0.3,1925,2024,1.12,70.36,1
121,,RE1,CF2,TL1,CQ5,CAP1,COP2,RE1_CF2_TL1_CQ5_CAP1_COP2,BAU,全行业配额,PD,0.3,1926,2025,1.15,80.33,1
121,,RE1,CF2,TL1,CQ5,CAP1,COP2,RE1_CF2_TL1_CQ5_CAP1_COP2,BAU,全行业配额,PD,0.3,1927,2026,1.18,90.3,1
121,,RE1,CF2,TL1,CQ5,CAP1,COP2,RE1_CF2_TL1_CQ5_CAP1_COP2,BAU,全行业配额,PD,0.3,1928,2027,1.21,100.27,1
121,,RE1,CF2,TL1,CQ5,CAP1,COP2,RE1_CF2_TL1_CQ5_CAP1_COP2,BAU,全行业配额,PD,0.3,1929,2028,1.24,110.24,1
121,,RE1,CF2,TL1,CQ5,CAP1,COP2,RE1_CF2_TL1_CQ5_CAP1_COP2,BAU,全行业配额,PD,0.3,1930,2029,1.27,120.21,1
121,,RE1,CF2,TL1,CQ5,CAP1,COP2,RE1_CF2_TL1_CQ5_CAP1_COP2,BAU,全行业配额,PD,0.3,1931,2030,1.3,130.18,1
121,,RE1,CF2,TL1,CQ5,CAP1,COP2,RE1_CF2_TL1_CQ5_CAP1_COP2,BAU,全行业配额,PD,0.3,1932,2031,1.36,137.9,1
121,,RE1,CF2,TL1,CQ5,CAP1,COP2,RE1_CF2_TL1_CQ5_CAP1_COP2,BAU,全行业配额,PD,0.3,1933,2032,1.42,147.31,1
121,,RE1,CF2,TL1,CQ5,CAP1,COP2,RE1_CF2_TL1_CQ5_CAP1_COP2,BAU,全行业配额,PD,0.3,1934,2033,1.48,156.72,1
121,,RE1,CF2,TL1,CQ5,CAP1,COP2,RE1_CF2_TL1_CQ5_CAP1_COP2,BAU,全行业配额,PD,0.3,1935,2034,1.54,166.13,1
121,,RE1,CF2,TL1,CQ5,CAP1,COP2,RE1_CF2_TL1_CQ5_CAP1_COP2,BAU,全行业配额,PD,0.3,1936,2035,1.6,175.53,1
122,,RE1,CF2,TL1,CQ5,CAP2,COP1,RE1_CF2_TL1_CQ5_CAP2_COP1,BAU,全行业配额,BAU,0.3,1937,2020,1.0,42.85,1
122,,RE1,CF2,TL1,CQ5,CAP2,COP1,RE1_CF2_TL1_CQ5_CAP2_COP1,BAU,全行业配额,BAU,0.3,1938,2021,1.03,42.85,1
122,,RE1,CF2,TL1,CQ5,CAP2,COP1,RE1_CF2_TL1_CQ5_CAP2_COP1,BAU,全行业配额,BAU,0.3,1939,2022,1.06,45.61,1
122,,RE1,CF2,TL1,CQ5,CAP2,COP1,RE1_CF2_TL1_CQ5_CAP2_COP1,BAU,全行业配额,BAU,0.3,1940,2023,1.09,127.71,1
122,,RE1,CF2,TL1,CQ5,CAP2,COP1,RE1_CF2_TL1_CQ5_CAP2_COP1,BAU,全行业配额,BAU,0.3,1941,2024,1.12,209.81,1
122,,RE1,CF2,TL1,CQ5,CAP2,COP1,RE1_CF2_TL1_CQ5_CAP2_COP1,BAU,全行业配额,BAU,0.3,1942,2025,1.15,291.9,1
122,,RE1,CF2,TL1,CQ5,CAP2,COP1,RE1_CF2_TL1_CQ5_CAP2_COP1,BAU,全行业配额,BAU,0.3,1943,2026,1.18,374.0,1
122,,RE1,CF2,TL1,CQ5,CAP2,COP1,RE1_CF2_TL1_CQ5_CAP2_COP1,BAU,全行业配额,BAU,0.3,1944,2027,1.21,456.1,1
122,,RE1,CF2,TL1,CQ5,CAP2,COP1,RE1_CF2_TL1_CQ5_CAP2_COP1,BAU,全行业配额,BAU,0.3,1945,2028,1.24,456.1,1
122,,RE1,CF2,TL1,CQ5,CAP2,COP1,RE1_CF2_TL1_CQ5_CAP2_COP1,BAU,全行业配额,BAU,0.3,1946,2029,1.27,456.1,1
122,,RE1,CF2,TL1,CQ5,CAP2,COP1,RE1_CF2_TL1_CQ5_CAP2_COP1,BAU,全行业配额,BAU,0.3,1947,2030,1.3,456.1,1
122,,RE1,CF2,TL1,CQ5,CAP2,COP1,RE1_CF2_TL1_CQ5_CAP2_COP1,BAU,全行业配额,BAU,0.3,1948,2031,1.36,456.1,1
122,,RE1,CF2,TL1,CQ5,CAP2,COP1,RE1_CF2_TL1_CQ5_CAP2_COP1,BAU,全行业配额,BAU,0.3,1949,2032,1.42,456.1,1
122,,RE1,CF2,TL1,CQ5,CAP2,COP1,RE1_CF2_TL1_CQ5_CAP2_COP1,BAU,全行业配额,BAU,0.3,1950,2033,1.48,456.1,1
122,,RE1,CF2,TL1,CQ5,CAP2,COP1,RE1_CF2_TL1_CQ5_CAP2_COP1,BAU,全行业配额,BAU,0.3,1951,2034,1.54,456.1,1
122,,RE1,CF2,TL1,CQ5,CAP2,COP1,RE1_CF2_TL1_CQ5_CAP2_COP1,BAU,全行业配额,BAU,0.3,1952,2035,1.6,456.1,1
123,,RE1,CF2,TL1,CQ6,CAP1,COP1,RE1_CF2_TL1_CQ6_CAP1_COP1,BAU,电力配额,BAU,0.3,1953,2020,1.0,42.85,1
123,,RE1,CF2,TL1,CQ6,CAP1,COP1,RE1_CF2_TL1_CQ6_CAP1_COP1,BAU,电力配额,BAU,0.3,1954,2021,1.03,42.85,1
123,,RE1,CF2,TL1,CQ6,CAP1,COP1,RE1_CF2_TL1_CQ6_CAP1_COP1,BAU,电力配额,BAU,0.3,1955,2022,1.06,45.61,1
123,,RE1,CF2,TL1,CQ6,CAP1,COP1,RE1_CF2_TL1_CQ6_CAP1_COP1,BAU,电力配额,BAU,0.3,1956,2023,1.09,62.79,1
123,,RE1,CF2,TL1,CQ6,CAP1,COP1,RE1_CF2_TL1_CQ6_CAP1_COP1,BAU,电力配额,BAU,0.3,1957,2024,1.12,70.36,1
123,,RE1,CF2,TL1,CQ6,CAP1,COP1,RE1_CF2_TL1_CQ6_CAP1_COP1,BAU,电力配额,BAU,0.3,1958,2025,1.15,80.33,1
123,,RE1,CF2,TL1,CQ6,CAP1,COP1,RE1_CF2_TL1_CQ6_CAP1_COP1,BAU,电力配额,BAU,0.3,1959,2026,1.18,90.3,1
123,,RE1,CF2,TL1,CQ6,CAP1,COP1,RE1_CF2_TL1_CQ6_CAP1_COP1,BAU,电力配额,BAU,0.3,1960,2027,1.21,100.27,1
123,,RE1,CF2,TL1,CQ6,CAP1,COP1,RE1_CF2_TL1_CQ6_CAP1_COP1,BAU,电力配额,BAU,0.3,1961,2028,1.24,110.24,1
123,,RE1,CF2,TL1,CQ6,CAP1,COP1,RE1_CF2_TL1_CQ6_CAP1_COP1,BAU,电力配额,BAU,0.3,1962,2029,1.27,120.21,1
123,,RE1,CF2,TL1,CQ6,CAP1,COP1,RE1_CF2_TL1_CQ6_CAP1_COP1,BAU,电力配额,BAU,0.3,1963,2030,1.3,130.18,1
123,,RE1,CF2,TL1,CQ6,CAP1,COP1,RE1_CF2_TL1_CQ6_CAP1_COP1,BAU,电力配额,BAU,0.3,1964,2031,1.36,137.9,1
123,,RE1,CF2,TL1,CQ6,CAP1,COP1,RE1_CF2_TL1_CQ6_CAP1_COP1,BAU,电力配额,BAU,0.3,1965,2032,1.42,147.31,1
123,,RE1,CF2,TL1,CQ6,CAP1,COP1,RE1_CF2_TL1_CQ6_CAP1_COP1,BAU,电力配额,BAU,0.3,1966,2033,1.48,156.72,1
123,,RE1,CF2,TL1,CQ6,CAP1,COP1,RE1_CF2_TL1_CQ6_CAP1_COP1,BAU,电力配额,BAU,0.3,1967,2034,1.54,166.13,1
123,,RE1,CF2,TL1,CQ6,CAP1,COP1,RE1_CF2_TL1_CQ6_CAP1_COP1,BAU,电力配额,BAU,0.3,1968,2035,1.6,175.53,1
124,,RE1,CF2,TL1,CQ6,CAP2,COP1,RE1_CF2_TL1_CQ6_CAP2_COP1,BAU,电力配额,BAU,0.3,1969,2020,1.0,42.85,1
124,,RE1,CF2,TL1,CQ6,CAP2,COP1,RE1_CF2_TL1_CQ6_CAP2_COP1,BAU,电力配额,BAU,0.3,1970,2021,1.03,42.85,1
124,,RE1,CF2,TL1,CQ6,CAP2,COP1,RE1_CF2_TL1_CQ6_CAP2_COP1,BAU,电力配额,BAU,0.3,1971,2022,1.06,45.61,1
124,,RE1,CF2,TL1,CQ6,CAP2,COP1,RE1_CF2_TL1_CQ6_CAP2_COP1,BAU,电力配额,BAU,0.3,1972,2023,1.09,127.71,1
124,,RE1,CF2,TL1,CQ6,CAP2,COP1,RE1_CF2_TL1_CQ6_CAP2_COP1,BAU,电力配额,BAU,0.3,1973,2024,1.12,209.81,1
124,,RE1,CF2,TL1,CQ6,CAP2,COP1,RE1_CF2_TL1_CQ6_CAP2_COP1,BAU,电力配额,BAU,0.3,1974,2025,1.15,291.9,1
124,,RE1,CF2,TL1,CQ6,CAP2,COP1,RE1_CF2_TL1_CQ6_CAP2_COP1,BAU,电力配额,BAU,0.3,1975,2026,1.18,374.0,1
124,,RE1,CF2,TL1,CQ6,CAP2,COP1,RE1_CF2_TL1_CQ6_CAP2_COP1,BAU,电力配额,BAU,0.3,1976,2027,1.21,456.1,1
124,,RE1,CF2,TL1,CQ6,CAP2,COP1,RE1_CF2_TL1_CQ6_CAP2_COP1,BAU,电力配额,BAU,0.3,1977,2028,1.24,456.1,1
124,,RE1,CF2,TL1,CQ6,CAP2,COP1,RE1_CF2_TL1_CQ6_CAP2_COP1,BAU,电力配额,BAU,0.3,1978,2029,1.27,456.1,1
124,,RE1,CF2,TL1,CQ6,CAP2,COP1,RE1_CF2_TL1_CQ6_CAP2_COP1,BAU,电力配额,BAU,0.3,1979,2030,1.3,456.1,1
124,,RE1,CF2,TL1,CQ6,CAP2,COP1,RE1_CF2_TL1_CQ6_CAP2_COP1,BAU,电力配额,BAU,0.3,1980,2031,1.36,456.1,1
124,,RE1,CF2,TL1,CQ6,CAP2,COP1,RE1_CF2_TL1_CQ6_CAP2_COP1,BAU,电力配额,BAU,0.3,1981,2032,1.42,456.1,1
124,,RE1,CF2,TL1,CQ6,CAP2,COP1,RE1_CF2_TL1_CQ6_CAP2_COP1,BAU,电力配额,BAU,0.3,1982,2033,1.48,456.1,1
124,,RE1,CF2,TL1,CQ6,CAP2,COP1,RE1_CF2_TL1_CQ6_CAP2_COP1,BAU,电力配额,BAU,0.3,1983,2034,1.54,456.1,1
124,,RE1,CF2,TL1,CQ6,CAP2,COP1,RE1_CF2_TL1_CQ6_CAP2_COP1,BAU,电力配额,BAU,0.3,1984,2035,1.6,456.1,1
125,,RE1,CF2,TL1,CQ6,CAP2,COP2,RE1_CF2_TL1_CQ6_CAP2_COP2,BAU,电力配额,PD,0.3,1985,2020,1.0,42.85,1
125,,RE1,CF2,TL1,CQ6,CAP2,COP2,RE1_CF2_TL1_CQ6_CAP2_COP2,BAU,电力配额,PD,0.3,1986,2021,1.03,42.85,1
125,,RE1,CF2,TL1,CQ6,CAP2,COP2,RE1_CF2_TL1_CQ6_CAP2_COP2,BAU,电力配额,PD,0.3,1987,2022,1.06,45.61,1
125,,RE1,CF2,TL1,CQ6,CAP2,COP2,RE1_CF2_TL1_CQ6_CAP2_COP2,BAU,电力配额,PD,0.3,1988,2023,1.09,127.71,1
125,,RE1,CF2,TL1,CQ6,CAP2,COP2,RE1_CF2_TL1_CQ6_CAP2_COP2,BAU,电力配额,PD,0.3,1989,2024,1.12,209.81,1
125,,RE1,CF2,TL1,CQ6,CAP2,COP2,RE1_CF2_TL1_CQ6_CAP2_COP2,BAU,电力配额,PD,0.3,1990,2025,1.15,291.9,1
125,,RE1,CF2,TL1,CQ6,CAP2,COP2,RE1_CF2_TL1_CQ6_CAP2_COP2,BAU,电力配额,PD,0.3,1991,2026,1.18,374.0,1
125,,RE1,CF2,TL1,CQ6,CAP2,COP2,RE1_CF2_TL1_CQ6_CAP2_COP2,BAU,电力配额,PD,0.3,1992,2027,1.21,456.1,1
125,,RE1,CF2,TL1,CQ6,CAP2,COP2,RE1_CF2_TL1_CQ6_CAP2_COP2,BAU,电力配额,PD,0.3,1993,2028,1.24,456.1,1
125,,RE1,CF2,TL1,CQ6,CAP2,COP2,RE1_CF2_TL1_CQ6_CAP2_COP2,BAU,电力配额,PD,0.3,1994,2029,1.27,456.1,1
125,,RE1,CF2,TL1,CQ6,CAP2,COP2,RE1_CF2_TL1_CQ6_CAP2_COP2,BAU,电力配额,PD,0.3,1995,2030,1.3,456.1,1
125,,RE1,CF2,TL1,CQ6,CAP2,COP2,RE1_CF2_TL1_CQ6_CAP2_COP2,BAU,电力配额,PD,0.3,1996,2031,1.36,456.1,1
125,,RE1,CF2,TL1,CQ6,CAP2,COP2,RE1_CF2_TL1_CQ6_CAP2_COP2,BAU,电力配额,PD,0.3,1997,2032,1.42,456.1,1
125,,RE1,CF2,TL1,CQ6,CAP2,COP2,RE1_CF2_TL1_CQ6_CAP2_COP2,BAU,电力配额,PD,0.3,1998,2033,1.48,456.1,1
125,,RE1,CF2,TL1,CQ6,CAP2,COP2,RE1_CF2_TL1_CQ6_CAP2_COP2,BAU,电力配额,PD,0.3,1999,2034,1.54,456.1,1
125,,RE1,CF2,TL1,CQ6,CAP2,COP2,RE1_CF2_TL1_CQ6_CAP2_COP2,BAU,电力配额,PD,0.3,2000,2035,1.6,456.1,1
126,,RE1,CF2,TL2,CQ1,CAP1,COP1,RE1_CF2_TL2_CQ1_CAP1_COP1,BAU,无配额,BAU,0.3,2001,2020,1.0,0.0,0
126,,RE1,CF2,TL2,CQ1,CAP1,COP1,RE1_CF2_TL2_CQ1_CAP1_COP1,BAU,无配额,BAU,0.3,2002,2021,1.1,0.0,0
126,,RE1,CF2,TL2,CQ1,CAP1,COP1,RE1_CF2_TL2_CQ1_CAP1_COP1,BAU,无配额,BAU,0.3,2003,2022,1.2,0.0,0
126,,RE1,CF2,TL2,CQ1,CAP1,COP1,RE1_CF2_TL2_CQ1_CAP1_COP1,BAU,无配额,BAU,0.3,2004,2023,1.3,0.0,0
126,,RE1,CF2,TL2,CQ1,CAP1,COP1,RE1_CF2_TL2_CQ1_CAP1_COP1,BAU,无配额,BAU,0.3,2005,2024,1.4,0.0,0
126,,RE1,CF2,TL2,CQ1,CAP1,COP1,RE1_CF2_TL2_CQ1_CAP1_COP1,BAU,无配额,BAU,0.3,2006,2025,1.5,0.0,0
126,,RE1,CF2,TL2,CQ1,CAP1,COP1,RE1_CF2_TL2_CQ1_CAP1_COP1,BAU,无配额,BAU,0.3,2007,2026,1.6,0.0,0
126,,RE1,CF2,TL2,CQ1,CAP1,COP1,RE1_CF2_TL2_CQ1_CAP1_COP1,BAU,无配额,BAU,0.3,2008,2027,1.7,0.0,0
126,,RE1,CF2,TL2,CQ1,CAP1,COP1,RE1_CF2_TL2_CQ1_CAP1_COP1,BAU,无配额,BAU,0.3,2009,2028,1.8,0.0,0
126,,RE1,CF2,TL2,CQ1,CAP1,COP1,RE1_CF2_TL2_CQ1_CAP1_COP1,BAU,无配额,BAU,0.3,2010,2029,1.9,0.0,0
126,,RE1,CF2,TL2,CQ1,CAP1,COP1,RE1_CF2_TL2_CQ1_CAP1_COP1,BAU,无配额,BAU,0.3,2011,2030,2.0,0.0,0
126,,RE1,CF2,TL2,CQ1,CAP1,COP1,RE1_CF2_TL2_CQ1_CAP1_COP1,BAU,无配额,BAU,0.3,2012,2031,2.1,0.0,0
126,,RE1,CF2,TL2,CQ1,CAP1,COP1,RE1_CF2_TL2_CQ1_CAP1_COP1,BAU,无配额,BAU,0.3,2013,2032,2.2,0.0,0
126,,RE1,CF2,TL2,CQ1,CAP1,COP1,RE1_CF2_TL2_CQ1_CAP1_COP1,BAU,无配额,BAU,0.3,2014,2033,2.3,0.0,0
126,,RE1,CF2,TL2,CQ1,CAP1,COP1,RE1_CF2_TL2_CQ1_CAP1_COP1,BAU,无配额,BAU,0.3,2015,2034,2.4,0.0,0
126,,RE1,CF2,TL2,CQ1,CAP1,COP1,RE1_CF2_TL2_CQ1_CAP1_COP1,BAU,无配额,BAU,0.3,2016,2035,2.5,0.0,0
127,,RE1,CF2,TL2,CQ1,CAP1,COP2,RE1_CF2_TL2_CQ1_CAP1_COP2,BAU,无配额,PD,0.3,2017,2020,1.0,0.0,0
127,,RE1,CF2,TL2,CQ1,CAP1,COP2,RE1_CF2_TL2_CQ1_CAP1_COP2,BAU,无配额,PD,0.3,2018,2021,1.1,0.0,0
127,,RE1,CF2,TL2,CQ1,CAP1,COP2,RE1_CF2_TL2_CQ1_CAP1_COP2,BAU,无配额,PD,0.3,2019,2022,1.2,0.0,0
127,,RE1,CF2,TL2,CQ1,CAP1,COP2,RE1_CF2_TL2_CQ1_CAP1_COP2,BAU,无配额,PD,0.3,2020,2023,1.3,0.0,0
127,,RE1,CF2,TL2,CQ1,CAP1,COP2,RE1_CF2_TL2_CQ1_CAP1_COP2,BAU,无配额,PD,0.3,2021,2024,1.4,0.0,0
127,,RE1,CF2,TL2,CQ1,CAP1,COP2,RE1_CF2_TL2_CQ1_CAP1_COP2,BAU,无配额,PD,0.3,2022,2025,1.5,0.0,0
127,,RE1,CF2,TL2,CQ1,CAP1,COP2,RE1_CF2_TL2_CQ1_CAP1_COP2,BAU,无配额,PD,0.3,2023,2026,1.6,0.0,0
127,,RE1,CF2,TL2,CQ1,CAP1,COP2,RE1_CF2_TL2_CQ1_CAP1_COP2,BAU,无配额,PD,0.3,2024,2027,1.7,0.0,0
127,,RE1,CF2,TL2,CQ1,CAP1,COP2,RE1_CF2_TL2_CQ1_CAP1_COP2,BAU,无配额,PD,0.3,2025,2028,1.8,0.0,0
127,,RE1,CF2,TL2,CQ1,CAP1,COP2,RE1_CF2_TL2_CQ1_CAP1_COP2,BAU,无配额,PD,0.3,2026,2029,1.9,0.0,0
127,,RE1,CF2,TL2,CQ1,CAP1,COP2,RE1_CF2_TL2_CQ1_CAP1_COP2,BAU,无配额,PD,0.3,2027,2030,2.0,0.0,0
127,,RE1,CF2,TL2,CQ1,CAP1,COP2,RE1_CF2_TL2_CQ1_CAP1_COP2,BAU,无配额,PD,0.3,2028,2031,2.1,0.0,0
127,,RE1,CF2,TL2,CQ1,CAP1,COP2,RE1_CF2_TL2_CQ1_CAP1_COP2,BAU,无配额,PD,0.3,2029,2032,2.2,0.0,0
127,,RE1,CF2,TL2,CQ1,CAP1,COP2,RE1_CF2_TL2_CQ1_CAP1_COP2,BAU,无配额,PD,0.3,2030,2033,2.3,0.0,0
127,,RE1,CF2,TL2,CQ1,CAP1,COP2,RE1_CF2_TL2_CQ1_CAP1_COP2,BAU,无配额,PD,0.3,2031,2034,2.4,0.0,0
127,,RE1,CF2,TL2,CQ1,CAP1,COP2,RE1_CF2_TL2_CQ1_CAP1_COP2,BAU,无配额,PD,0.3,2032,2035,2.5,0.0,0
128,,RE1,CF2,TL2,CQ1,CAP2,COP1,RE1_CF2_TL2_CQ1_CAP2_COP1,BAU,无配额,BAU,0.3,2033,2020,1.0,0.0,0
128,,RE1,CF2,TL2,CQ1,CAP2,COP1,RE1_CF2_TL2_CQ1_CAP2_COP1,BAU,无配额,BAU,0.3,2034,2021,1.1,0.0,0
128,,RE1,CF2,TL2,CQ1,CAP2,COP1,RE1_CF2_TL2_CQ1_CAP2_COP1,BAU,无配额,BAU,0.3,2035,2022,1.2,0.0,0
128,,RE1,CF2,TL2,CQ1,CAP2,COP1,RE1_CF2_TL2_CQ1_CAP2_COP1,BAU,无配额,BAU,0.3,2036,2023,1.3,0.0,0
128,,RE1,CF2,TL2,CQ1,CAP2,COP1,RE1_CF2_TL2_CQ1_CAP2_COP1,BAU,无配额,BAU,0.3,2037,2024,1.4,0.0,0
128,,RE1,CF2,TL2,CQ1,CAP2,COP1,RE1_CF2_TL2_CQ1_CAP2_COP1,BAU,无配额,BAU,0.3,2038,2025,1.5,0.0,0
128,,RE1,CF2,TL2,CQ1,CAP2,COP1,RE1_CF2_TL2_CQ1_CAP2_COP1,BAU,无配额,BAU,0.3,2039,2026,1.6,0.0,0
128,,RE1,CF2,TL2,CQ1,CAP2,COP1,RE1_CF2_TL2_CQ1_CAP2_COP1,BAU,无配额,BAU,0.3,2040,2027,1.7,0.0,0
128,,RE1,CF2,TL2,CQ1,CAP2,COP1,RE1_CF2_TL2_CQ1_CAP2_COP1,BAU,无配额,BAU,0.3,2041,2028,1.8,0.0,0
128,,RE1,CF2,TL2,CQ1,CAP2,COP1,RE1_CF2_TL2_CQ1_CAP2_COP1,BAU,无配额,BAU,0.3,2042,2029,1.9,0.0,0
128,,RE1,CF2,TL2,CQ1,CAP2,COP1,RE1_CF2_TL2_CQ1_CAP2_COP1,BAU,无配额,BAU,0.3,2043,2030,2.0,0.0,0
128,,RE1,CF2,TL2,CQ1,CAP2,COP1,RE1_CF2_TL2_CQ1_CAP2_COP1,BAU,无配额,BAU,0.3,2044,2031,2.1,0.0,0
128,,RE1,CF2,TL2,CQ1,CAP2,COP1,RE1_CF2_TL2_CQ1_CAP2_COP1,BAU,无配额,BAU,0.3,2045,2032,2.2,0.0,0
128,,RE1,CF2,TL2,CQ1,CAP2,COP1,RE1_CF2_TL2_CQ1_CAP2_COP1,BAU,无配额,BAU,0.3,2046,2033,2.3,0.0,0
128,,RE1,CF2,TL2,CQ1,CAP2,COP1,RE1_CF2_TL2_CQ1_CAP2_COP1,BAU,无配额,BAU,0.3,2047,2034,2.4,0.0,0
128,,RE1,CF2,TL2,CQ1,CAP2,COP1,RE1_CF2_TL2_CQ1_CAP2_COP1,BAU,无配额,BAU,0.3,2048,2035,2.5,0.0,0
129,,RE1,CF2,TL2,CQ2,CAP1,COP1,RE1_CF2_TL2_CQ2_CAP1_COP1,BAU,基准不变,BAU,0.3,2049,2020,1.0,42.85,1
129,,RE1,CF2,TL2,CQ2,CAP1,COP1,RE1_CF2_TL2_CQ2_CAP1_COP1,BAU,基准不变,BAU,0.3,2050,2021,1.1,42.85,1
129,,RE1,CF2,TL2,CQ2,CAP1,COP1,RE1_CF2_TL2_CQ2_CAP1_COP1,BAU,基准不变,BAU,0.3,2051,2022,1.2,45.61,1
129,,RE1,CF2,TL2,CQ2,CAP1,COP1,RE1_CF2_TL2_CQ2_CAP1_COP1,BAU,基准不变,BAU,0.3,2052,2023,1.3,62.79,1
129,,RE1,CF2,TL2,CQ2,CAP1,COP1,RE1_CF2_TL2_CQ2_CAP1_COP1,BAU,基准不变,BAU,0.3,2053,2024,1.4,70.36,1
129,,RE1,CF2,TL2,CQ2,CAP1,COP1,RE1_CF2_TL2_CQ2_CAP1_COP1,BAU,基准不变,BAU,0.3,2054,2025,1.5,80.33,1
129,,RE1,CF2,TL2,CQ2,CAP1,COP1,RE1_CF2_TL2_CQ2_CAP1_COP1,BAU,基准不变,BAU,0.3,2055,2026,1.6,90.3,1
129,,RE1,CF2,TL2,CQ2,CAP1,COP1,RE1_CF2_TL2_CQ2_CAP1_COP1,BAU,基准不变,BAU,0.3,2056,2027,1.7,100.27,1
129,,RE1,CF2,TL2,CQ2,CAP1,COP1,RE1_CF2_TL2_CQ2_CAP1_COP1,BAU,基准不变,BAU,0.3,2057,2028,1.8,110.24,1
129,,RE1,CF2,TL2,CQ2,CAP1,COP1,RE1_CF2_TL2_CQ2_CAP1_COP1,BAU,基准不变,BAU,0.3,2058,2029,1.9,120.21,1
129,,RE1,CF2,TL2,CQ2,CAP1,COP1,RE1_CF2_TL2_CQ2_CAP1_COP1,BAU,基准不变,BAU,0.3,2059,2030,2.0,130.18,1
129,,RE1,CF2,TL2,CQ2,CAP1,COP1,RE1_CF2_TL2_CQ2_CAP1_COP1,BAU,基准不变,BAU,0.3,2060,2031,2.1,137.9,1
129,,RE1,CF2,TL2,CQ2,CAP1,COP1,RE1_CF2_TL2_CQ2_CAP1_COP1,BAU,基准不变,BAU,0.3,2061,2032,2.2,147.31,1
129,,RE1,CF2,TL2,CQ2,CAP1,COP1,RE1_CF2_TL2_CQ2_CAP1_COP1,BAU,基准不变,BAU,0.3,2062,2033,2.3,156.72,1
129,,RE1,CF2,TL2,CQ2,CAP1,COP1,RE1_CF2_TL2_CQ2_CAP1_COP1,BAU,基准不变,BAU,0.3,2063,2034,2.4,166.13,1
129,,RE1,CF2,TL2,CQ2,CAP1,COP1,RE1_CF2_TL2_CQ2_CAP1_COP1,BAU,基准不变,BAU,0.3,2064,2035,2.5,175.53,1
130,,RE1,CF2,TL2,CQ2,CAP2,COP1,RE1_CF2_TL2_CQ2_CAP2_COP1,BAU,基准不变,BAU,0.3,2065,2020,1.0,42.85,1
130,,RE1,CF2,TL2,CQ2,CAP2,COP1,RE1_CF2_TL2_CQ2_CAP2_COP1,BAU,基准不变,BAU,0.3,2066,2021,1.1,42.85,1
130,,RE1,CF2,TL2,CQ2,CAP2,COP1,RE1_CF2_TL2_CQ2_CAP2_COP1,BAU,基准不变,BAU,0.3,2067,2022,1.2,45.61,1
130,,RE1,CF2,TL2,CQ2,CAP2,COP1,RE1_CF2_TL2_CQ2_CAP2_COP1,BAU,基准不变,BAU,0.3,2068,2023,1.3,127.71,1
130,,RE1,CF2,TL2,CQ2,CAP2,COP1,RE1_CF2_TL2_CQ2_CAP2_COP1,BAU,基准不变,BAU,0.3,2069,2024,1.4,209.81,1
130,,RE1,CF2,TL2,CQ2,CAP2,COP1,RE1_CF2_TL2_CQ2_CAP2_COP1,BAU,基准不变,BAU,0.3,2070,2025,1.5,291.9,1
130,,RE1,CF2,TL2,CQ2,CAP2,COP1,RE1_CF2_TL2_CQ2_CAP2_COP1,BAU,基准不变,BAU,0.3,2071,2026,1.6,374.0,1
130,,RE1,CF2,TL2,CQ2,CAP2,COP1,RE1_CF2_TL2_CQ2_CAP2_COP1,BAU,基准不变,BAU,0.3,2072,2027,1.7,456.1,1
130,,RE1,CF2,TL2,CQ2,CAP2,COP1,RE1_CF2_TL2_CQ2_CAP2_COP1,BAU,基准不变,BAU,0.3,2073,2028,1.8,456.1,1
130,,RE1,CF2,TL2,CQ2,CAP2,COP1,RE1_CF2_TL2_CQ2_CAP2_COP1,BAU,基准不变,BAU,0.3,2074,2029,1.9,456.1,1
130,,RE1,CF2,TL2,CQ2,CAP2,COP1,RE1_CF2_TL2_CQ2_CAP2_COP1,BAU,基准不变,BAU,0.3,2075,2030,2.0,456.1,1
130,,RE1,CF2,TL2,CQ2,CAP2,COP1,RE1_CF2_TL2_CQ2_CAP2_COP1,BAU,基准不变,BAU,0.3,2076,2031,2.1,456.1,1
130,,RE1,CF2,TL2,CQ2,CAP2,COP1,RE1_CF2_TL2_CQ2_CAP2_COP1,BAU,基准不变,BAU,0.3,2077,2032,2.2,456.1,1
130,,RE1,CF2,TL2,CQ2,CAP2,COP1,RE1_CF2_TL2_CQ2_CAP2_COP1,BAU,基准不变,BAU,0.3,2078,2033,2.3,456.1,1
130,,RE1,CF2,TL2,CQ2,CAP2,COP1,RE1_CF2_TL2_CQ2_CAP2_COP1,BAU,基准不变,BAU,0.3,2079,2034,2.4,456.1,1
130,,RE1,CF2,TL2,CQ2,CAP2,COP1,RE1_CF2_TL2_CQ2_CAP2_COP1,BAU,基准不变,BAU,0.3,2080,2035,2.5,456.1,1
131,,RE1,CF2,TL2,CQ2,CAP2,COP2,RE1_CF2_TL2_CQ2_CAP2_COP2,BAU,基准不变,PD,0.3,2081,2020,1.0,42.85,1
131,,RE1,CF2,TL2,CQ2,CAP2,COP2,RE1_CF2_TL2_CQ2_CAP2_COP2,BAU,基准不变,PD,0.3,2082,2021,1.1,42.85,1
131,,RE1,CF2,TL2,CQ2,CAP2,COP2,RE1_CF2_TL2_CQ2_CAP2_COP2,BAU,基准不变,PD,0.3,2083,2022,1.2,45.61,1
131,,RE1,CF2,TL2,CQ2,CAP2,COP2,RE1_CF2_TL2_CQ2_CAP2_COP2,BAU,基准不变,PD,0.3,2084,2023,1.3,127.71,1
131,,RE1,CF2,TL2,CQ2,CAP2,COP2,RE1_CF2_TL2_CQ2_CAP2_COP2,BAU,基准不变,PD,0.3,2085,2024,1.4,209.81,1
131,,RE1,CF2,TL2,CQ2,CAP2,COP2,RE1_CF2_TL2_CQ2_CAP2_COP2,BAU,基准不变,PD,0.3,2086,2025,1.5,291.9,1
131,,RE1,CF2,TL2,CQ2,CAP2,COP2,RE1_CF2_TL2_CQ2_CAP2_COP2,BAU,基准不变,PD,0.3,2087,2026,1.6,374.0,1
131,,RE1,CF2,TL2,CQ2,CAP2,COP2,RE1_CF2_TL2_CQ2_CAP2_COP2,BAU,基准不变,PD,0.3,2088,2027,1.7,456.1,1
131,,RE1,CF2,TL2,CQ2,CAP2,COP2,RE1_CF2_TL2_CQ2_CAP2_COP2,BAU,基准不变,PD,0.3,2089,2028,1.8,456.1,1
131,,RE1,CF2,TL2,CQ2,CAP2,COP2,RE1_CF2_TL2_CQ2_CAP2_COP2,BAU,基准不变,PD,0.3,2090,2029,1.9,456.1,1
131,,RE1,CF2,TL2,CQ2,CAP2,COP2,RE1_CF2_TL2_CQ2_CAP2_COP2,BAU,基准不变,PD,0.3,2091,2030,2.0,456.1,1
131,,RE1,CF2,TL2,CQ2,CAP2,COP2,RE1_CF2_TL2_CQ2_CAP2_COP2,BAU,基准不变,PD,0.3,2092,2031,2.1,456.1,1
131,,RE1,CF2,TL2,CQ2,CAP2,COP2,RE1_CF2_TL2_CQ2_CAP2_COP2,BAU,基准不变,PD,0.3,2093,2032,2.2,456.1,1
131,,RE1,CF2,TL2,CQ2,CAP2,COP2,RE1_CF2_TL2_CQ2_CAP2_COP2,BAU,基准不变,PD,0.3,2094,2033,2.3,456.1,1
131,,RE1,CF2,TL2,CQ2,CAP2,COP2,RE1_CF2_TL2_CQ2_CAP2_COP2,BAU,基准不变,PD,0.3,2095,2034,2.4,456.1,1
131,,RE1,CF2,TL2,CQ2,CAP2,COP2,RE1_CF2_TL2_CQ2_CAP2_COP2,BAU,基准不变,PD,0.3,2096,2035,2.5,456.1,1
132,,RE1,CF2,TL2,CQ3,CAP1,COP1,RE1_CF2_TL2_CQ3_CAP1_COP1,BAU,REPO,BAU,0.3,2097,2020,1.0,42.85,1
132,,RE1,CF2,TL2,CQ3,CAP1,COP1,RE1_CF2_TL2_CQ3_CAP1_COP1,BAU,REPO,BAU,0.3,2098,2021,1.1,42.85,1
132,,RE1,CF2,TL2,CQ3,CAP1,COP1,RE1_CF2_TL2_CQ3_CAP1_COP1,BAU,REPO,BAU,0.3,2099,2022,1.2,45.61,1
132,,RE1,CF2,TL2,CQ3,CAP1,COP1,RE1_CF2_TL2_CQ3_CAP1_COP1,BAU,REPO,BAU,0.3,2100,2023,1.3,62.79,1
132,,RE1,CF2,TL2,CQ3,CAP1,COP1,RE1_CF2_TL2_CQ3_CAP1_COP1,BAU,REPO,BAU,0.3,2101,2024,1.4,70.36,1
132,,RE1,CF2,TL2,CQ3,CAP1,COP1,RE1_CF2_TL2_CQ3_CAP1_COP1,BAU,REPO,BAU,0.3,2102,2025,1.5,80.33,1
132,,RE1,CF2,TL2,CQ3,CAP1,COP1,RE1_CF2_TL2_CQ3_CAP1_COP1,BAU,REPO,BAU,0.3,2103,2026,1.6,90.3,1
132,,RE1,CF2,TL2,CQ3,CAP1,COP1,RE1_CF2_TL2_CQ3_CAP1_COP1,BAU,REPO,BAU,0.3,2104,2027,1.7,100.27,1
132,,RE1,CF2,TL2,CQ3,CAP1,COP1,RE1_CF2_TL2_CQ3_CAP1_COP1,BAU,REPO,BAU,0.3,2105,2028,1.8,110.24,1
132,,RE1,CF2,TL2,CQ3,CAP1,COP1,RE1_CF2_TL2_CQ3_CAP1_COP1,BAU,REPO,BAU,0.3,2106,2029,1.9,120.21,1
132,,RE1,CF2,TL2,CQ3,CAP1,COP1,RE1_CF2_TL2_CQ3_CAP1_COP1,BAU,REPO,BAU,0.3,2107,2030,2.0,130.18,1
132,,RE1,CF2,TL2,CQ3,CAP1,COP1,RE1_CF2_TL2_CQ3_CAP1_COP1,BAU,REPO,BAU,0.3,2108,2031,2.1,137.9,1
132,,RE1,CF2,TL2,CQ3,CAP1,COP1,RE1_CF2_TL2_CQ3_CAP1_COP1,BAU,REPO,BAU,0.3,2109,2032,2.2,147.31,1
132,,RE1,CF2,TL2,CQ3,CAP1,COP1,RE1_CF2_TL2_CQ3_CAP1_COP1,BAU,REPO,BAU,0.3,2110,2033,2.3,156.72,1
132,,RE1,CF2,TL2,CQ3,CAP1,COP1,RE1_CF2_TL2_CQ3_CAP1_COP1,BAU,REPO,BAU,0.3,2111,2034,2.4,166.13,1
132,,RE1,CF2,TL2,CQ3,CAP1,COP1,RE1_CF2_TL2_CQ3_CAP1_COP1,BAU,REPO,BAU,0.3,2112,2035,2.5,175.53,1
133,,RE1,CF2,TL2,CQ3,CAP2,COP1,RE1_CF2_TL2_CQ3_CAP2_COP1,BAU,REPO,BAU,0.3,2113,2020,1.0,42.85,1
133,,RE1,CF2,TL2,CQ3,CAP2,COP1,RE1_CF2_TL2_CQ3_CAP2_COP1,BAU,REPO,BAU,0.3,2114,2021,1.1,42.85,1
133,,RE1,CF2,TL2,CQ3,CAP2,COP1,RE1_CF2_TL2_CQ3_CAP2_COP1,BAU,REPO,BAU,0.3,2115,2022,1.2,45.61,1
133,,RE1,CF2,TL2,CQ3,CAP2,COP1,RE1_CF2_TL2_CQ3_CAP2_COP1,BAU,REPO,BAU,0.3,2116,2023,1.3,127.71,1
133,,RE1,CF2,TL2,CQ3,CAP2,COP1,RE1_CF2_TL2_CQ3_CAP2_COP1,BAU,REPO,BAU,0.3,2117,2024,1.4,209.81,1
133,,RE1,CF2,TL2,CQ3,CAP2,COP1,RE1_CF2_TL2_CQ3_CAP2_COP1,BAU,REPO,BAU,0.3,2118,2025,1.5,291.9,1
133,,RE1,CF2,TL2,CQ3,CAP2,COP1,RE1_CF2_TL2_CQ3_CAP2_COP1,BAU,REPO,BAU,0.3,2119,2026,1.6,374.0,1
133,,RE1,CF2,TL2,CQ3,CAP2,COP1,RE1_CF2_TL2_CQ3_CAP2_COP1,BAU,REPO,BAU,0.3,2120,2027,1.7,456.1,1
133,,RE1,CF2,TL2,CQ3,CAP2,COP1,RE1_CF2_TL2_CQ3_CAP2_COP1,BAU,REPO,BAU,0.3,2121,2028,1.8,456.1,1
133,,RE1,CF2,TL2,CQ3,CAP2,COP1,RE1_CF2_TL2_CQ3_CAP2_COP1,BAU,REPO,BAU,0.3,2122,2029,1.9,456.1,1
133,,RE1,CF2,TL2,CQ3,CAP2,COP1,RE1_CF2_TL2_CQ3_CAP2_COP1,BAU,REPO,BAU,0.3,2123,2030,2.0,456.1,1
133,,RE1,CF2,TL2,CQ3,CAP2,COP1,RE1_CF2_TL2_CQ3_CAP2_COP1,BAU,REPO,BAU,0.3,2124,2031,2.1,456.1,1
133,,RE1,CF2,TL2,CQ3,CAP2,COP1,RE1_CF2_TL2_CQ3_CAP2_COP1,BAU,REPO,BAU,0.3,2125,2032,2.2,456.1,1
133,,RE1,CF2,TL2,CQ3,CAP2,COP1,RE1_CF2_TL2_CQ3_CAP2_COP1,BAU,REPO,BAU,0.3,2126,2033,2.3,456.1,1
133,,RE1,CF2,TL2,CQ3,CAP2,COP1,RE1_CF2_TL2_CQ3_CAP2_COP1,BAU,REPO,BAU,0.3,2127,2034,2.4,456.1,1
133,,RE1,CF2,TL2,CQ3,CAP2,COP1,RE1_CF2_TL2_CQ3_CAP2_COP1,BAU,REPO,BAU,0.3,2128,2035,2.5,456.1,1
134,,RE1,CF2,TL2,CQ3,CAP2,COP2,RE1_CF2_TL2_CQ3_CAP2_COP2,BAU,REPO,PD,0.3,2129,2020,1.0,42.85,1
134,,RE1,CF2,TL2,CQ3,CAP2,COP2,RE1_CF2_TL2_CQ3_CAP2_COP2,BAU,REPO,PD,0.3,2130,2021,1.1,42.85,1
134,,RE1,CF2,TL2,CQ3,CAP2,COP2,RE1_CF2_TL2_CQ3_CAP2_COP2,BAU,REPO,PD,0.3,2131,2022,1.2,45.61,1
134,,RE1,CF2,TL2,CQ3,CAP2,COP2,RE1_CF2_TL2_CQ3_CAP2_COP2,BAU,REPO,PD,0.3,2132,2023,1.3,127.71,1
134,,RE1,CF2,TL2,CQ3,CAP2,COP2,RE1_CF2_TL2_CQ3_CAP2_COP2,BAU,REPO,PD,0.3,2133,2024,1.4,209.81,1
134,,RE1,CF2,TL2,CQ3,CAP2,COP2,RE1_CF2_TL2_CQ3_CAP2_COP2,BAU,REPO,PD,0.3,2134,2025,1.5,291.9,1
134,,RE1,CF2,TL2,CQ3,CAP2,COP2,RE1_CF2_TL2_CQ3_CAP2_COP2,BAU,REPO,PD,0.3,2135,2026,1.6,374.0,1
134,,RE1,CF2,TL2,CQ3,CAP2,COP2,RE1_CF2_TL2_CQ3_CAP2_COP2,BAU,REPO,PD,0.3,2136,2027,1.7,456.1,1
134,,RE1,CF2,TL2,CQ3,CAP2,COP2,RE1_CF2_TL2_CQ3_CAP2_COP2,BAU,REPO,PD,0.3,2137,2028,1.8,456.1,1
134,,RE1,CF2,TL2,CQ3,CAP2,COP2,RE1_CF2_TL2_CQ3_CAP2_COP2,BAU,REPO,PD,0.3,2138,2029,1.9,456.1,1
134,,RE1,CF2,TL2,CQ3,CAP2,COP2,RE1_CF2_TL2_CQ3_CAP2_COP2,BAU,REPO,PD,0.3,2139,2030,2.0,456.1,1
134,,RE1,CF2,TL2,CQ3,CAP2,COP2,RE1_CF2_TL2_CQ3_CAP2_COP2,BAU,REPO,PD,0.3,2140,2031,2.1,456.1,1
134,,RE1,CF2,TL2,CQ3,CAP2,COP2,RE1_CF2_TL2_CQ3_CAP2_COP2,BAU,REPO,PD,0.3,2141,2032,2.2,456.1,1
134,,RE1,CF2,TL2,CQ3,CAP2,COP2,RE1_CF2_TL2_CQ3_CAP2_COP2,BAU,REPO,PD,0.3,2142,2033,2.3,456.1,1
134,,RE1,CF2,TL2,CQ3,CAP2,COP2,RE1_CF2_TL2_CQ3_CAP2_COP2,BAU,REPO,PD,0.3,2143,2034,2.4,456.1,1
134,,RE1,CF2,TL2,CQ3,CAP2,COP2,RE1_CF2_TL2_CQ3_CAP2_COP2,BAU,REPO,PD,0.3,2144,2035,2.5,456.1,1
135,,RE1,CF2,TL2,CQ4,CAP1,COP2,RE1_CF2_TL2_CQ4_CAP1_COP2,BAU,REPO_plus,PD,0.3,2145,2020,1.0,42.85,1
135,,RE1,CF2,TL2,CQ4,CAP1,COP2,RE1_CF2_TL2_CQ4_CAP1_COP2,BAU,REPO_plus,PD,0.3,2146,2021,1.1,42.85,1
135,,RE1,CF2,TL2,CQ4,CAP1,COP2,RE1_CF2_TL2_CQ4_CAP1_COP2,BAU,REPO_plus,PD,0.3,2147,2022,1.2,45.61,1
135,,RE1,CF2,TL2,CQ4,CAP1,COP2,RE1_CF2_TL2_CQ4_CAP1_COP2,BAU,REPO_plus,PD,0.3,2148,2023,1.3,62.79,1
135,,RE1,CF2,TL2,CQ4,CAP1,COP2,RE1_CF2_TL2_CQ4_CAP1_COP2,BAU,REPO_plus,PD,0.3,2149,2024,1.4,70.36,1
135,,RE1,CF2,TL2,CQ4,CAP1,COP2,RE1_CF2_TL2_CQ4_CAP1_COP2,BAU,REPO_plus,PD,0.3,2150,2025,1.5,80.33,1
135,,RE1,CF2,TL2,CQ4,CAP1,COP2,RE1_CF2_TL2_CQ4_CAP1_COP2,BAU,REPO_plus,PD,0.3,2151,2026,1.6,90.3,1
135,,RE1,CF2,TL2,CQ4,CAP1,COP2,RE1_CF2_TL2_CQ4_CAP1_COP2,BAU,REPO_plus,PD,0.3,2152,2027,1.7,100.27,1
135,,RE1,CF2,TL2,CQ4,CAP1,COP2,RE1_CF2_TL2_CQ4_CAP1_COP2,BAU,REPO_plus,PD,0.3,2153,2028,1.8,110.24,1
135,,RE1,CF2,TL2,CQ4,CAP1,COP2,RE1_CF2_TL2_CQ4_CAP1_COP2,BAU,REPO_plus,PD,0.3,2154,2029,1.9,120.21,1
135,,RE1,CF2,TL2,CQ4,CAP1,COP2,RE1_CF2_TL2_CQ4_CAP1_COP2,BAU,REPO_plus,PD,0.3,2155,2030,2.0,130.18,1
135,,RE1,CF2,TL2,CQ4,CAP1,COP2,RE1_CF2_TL2_CQ4_CAP1_COP2,BAU,REPO_plus,PD,0.3,2156,2031,2.1,137.9,1
135,,RE1,CF2,TL2,CQ4,CAP1,COP2,RE1_CF2_TL2_CQ4_CAP1_COP2,BAU,REPO_plus,PD,0.3,2157,2032,2.2,147.31,1
135,,RE1,CF2,TL2,CQ4,CAP1,COP2,RE1_CF2_TL2_CQ4_CAP1_COP2,BAU,REPO_plus,PD,0.3,2158,2033,2.3,156.72,1
135,,RE1,CF2,TL2,CQ4,CAP1,COP2,RE1_CF2_TL2_CQ4_CAP1_COP2,BAU,REPO_plus,PD,0.3,2159,2034,2.4,166.13,1
135,,RE1,CF2,TL2,CQ4,CAP1,COP2,RE1_CF2_TL2_CQ4_CAP1_COP2,BAU,REPO_plus,PD,0.3,2160,2035,2.5,175.53,1
136,,RE1,CF2,TL2,CQ4,CAP2,COP1,RE1_CF2_TL2_CQ4_CAP2_COP1,BAU,REPO_plus,BAU,0.3,2161,2020,1.0,42.85,1
136,,RE1,CF2,TL2,CQ4,CAP2,COP1,RE1_CF2_TL2_CQ4_CAP2_COP1,BAU,REPO_plus,BAU,0.3,2162,2021,1.1,42.85,1
136,,RE1,CF2,TL2,CQ4,CAP2,COP1,RE1_CF2_TL2_CQ4_CAP2_COP1,BAU,REPO_plus,BAU,0.3,2163,2022,1.2,45.61,1
136,,RE1,CF2,TL2,CQ4,CAP2,COP1,RE1_CF2_TL2_CQ4_CAP2_COP1,BAU,REPO_plus,BAU,0.3,2164,2023,1.3,127.71,1
136,,RE1,CF2,TL2,CQ4,CAP2,COP1,RE1_CF2_TL2_CQ4_CAP2_COP1,BAU,REPO_plus,BAU,0.3,2165,2024,1.4,209.81,1
136,,RE1,CF2,TL2,CQ4,CAP2,COP1,RE1_CF2_TL2_CQ4_CAP2_COP1,BAU,REPO_plus,BAU,0.3,2166,2025,1.5,291.9,1
136,,RE1,CF2,TL2,CQ4,CAP2,COP1,RE1_CF2_TL2_CQ4_CAP2_COP1,BAU,REPO_plus,BAU,0.3,2167,2026,1.6,374.0,1
136,,RE1,CF2,TL2,CQ4,CAP2,COP1,RE1_CF2_TL2_CQ4_CAP2_COP1,BAU,REPO_plus,BAU,0.3,2168,2027,1.7,456.1,1
136,,RE1,CF2,TL2,CQ4,CAP2,COP1,RE1_CF2_TL2_CQ4_CAP2_COP1,BAU,REPO_plus,BAU,0.3,2169,2028,1.8,456.1,1
136,,RE1,CF2,TL2,CQ4,CAP2,COP1,RE1_CF2_TL2_CQ4_CAP2_COP1,BAU,REPO_plus,BAU,0.3,2170,2029,1.9,456.1,1
136,,RE1,CF2,TL2,CQ4,CAP2,COP1,RE1_CF2_TL2_CQ4_CAP2_COP1,BAU,REPO_plus,BAU,0.3,2171,2030,2.0,456.1,1
136,,RE1,CF2,TL2,CQ4,CAP2,COP1,RE1_CF2_TL2_CQ4_CAP2_COP1,BAU,REPO_plus,BAU,0.3,2172,2031,2.1,456.1,1
136,,RE1,CF2,TL2,CQ4,CAP2,COP1,RE1_CF2_TL2_CQ4_CAP2_COP1,BAU,REPO_plus,BAU,0.3,2173,2032,2.2,456.1,1
136,,RE1,CF2,TL2,CQ4,CAP2,COP1,RE1_CF2_TL2_CQ4_CAP2_COP1,BAU,REPO_plus,BAU,0.3,2174,2033,2.3,456.1,1
136,,RE1,CF2,TL2,CQ4,CAP2,COP1,RE1_CF2_TL2_CQ4_CAP2_COP1,BAU,REPO_plus,BAU,0.3,2175,2034,2.4,456.1,1
136,,RE1,CF2,TL2,CQ4,CAP2,COP1,RE1_CF2_TL2_CQ4_CAP2_COP1,BAU,REPO_plus,BAU,0.3,2176,2035,2.5,456.1,1
137,,RE1,CF2,TL2,CQ4,CAP2,COP2,RE1_CF2_TL2_CQ4_CAP2_COP2,BAU,REPO_plus,PD,0.3,2177,2020,1.0,42.85,1
137,,RE1,CF2,TL2,CQ4,CAP2,COP2,RE1_CF2_TL2_CQ4_CAP2_COP2,BAU,REPO_plus,PD,0.3,2178,2021,1.1,42.85,1
137,,RE1,CF2,TL2,CQ4,CAP2,COP2,RE1_CF2_TL2_CQ4_CAP2_COP2,BAU,REPO_plus,PD,0.3,2179,2022,1.2,45.61,1
137,,RE1,CF2,TL2,CQ4,CAP2,COP2,RE1_CF2_TL2_CQ4_CAP2_COP2,BAU,REPO_plus,PD,0.3,2180,2023,1.3,127.71,1
137,,RE1,CF2,TL2,CQ4,CAP2,COP2,RE1_CF2_TL2_CQ4_CAP2_COP2,BAU,REPO_plus,PD,0.3,2181,2024,1.4,209.81,1
137,,RE1,CF2,TL2,CQ4,CAP2,COP2,RE1_CF2_TL2_CQ4_CAP2_COP2,BAU,REPO_plus,PD,0.3,2182,2025,1.5,291.9,1
137,,RE1,CF2,TL2,CQ4,CAP2,COP2,RE1_CF2_TL2_CQ4_CAP2_COP2,BAU,REPO_plus,PD,0.3,2183,2026,1.6,374.0,1
137,,RE1,CF2,TL2,CQ4,CAP2,COP2,RE1_CF2_TL2_CQ4_CAP2_COP2,BAU,REPO_plus,PD,0.3,2184,2027,1.7,456.1,1
137,,RE1,CF2,TL2,CQ4,CAP2,COP2,RE1_CF2_TL2_CQ4_CAP2_COP2,BAU,REPO_plus,PD,0.3,2185,2028,1.8,456.1,1
137,,RE1,CF2,TL2,CQ4,CAP2,COP2,RE1_CF2_TL2_CQ4_CAP2_COP2,BAU,REPO_plus,PD,0.3,2186,2029,1.9,456.1,1
137,,RE1,CF2,TL2,CQ4,CAP2,COP2,RE1_CF2_TL2_CQ4_CAP2_COP2,BAU,REPO_plus,PD,0.3,2187,2030,2.0,456.1,1
137,,RE1,CF2,TL2,CQ4,CAP2,COP2,RE1_CF2_TL2_CQ4_CAP2_COP2,BAU,REPO_plus,PD,0.3,2188,2031,2.1,456.1,1
137,,RE1,CF2,TL2,CQ4,CAP2,COP2,RE1_CF2_TL2_CQ4_CAP2_COP2,BAU,REPO_plus,PD,0.3,2189,2032,2.2,456.1,1
137,,RE1,CF2,TL2,CQ4,CAP2,COP2,RE1_CF2_TL2_CQ4_CAP2_COP2,BAU,REPO_plus,PD,0.3,2190,2033,2.3,456.1,1
137,,RE1,CF2,TL2,CQ4,CAP2,COP2,RE1_CF2_TL2_CQ4_CAP2_COP2,BAU,REPO_plus,PD,0.3,2191,2034,2.4,456.1,1
137,,RE1,CF2,TL2,CQ4,CAP2,COP2,RE1_CF2_TL2_CQ4_CAP2_COP2,BAU,REPO_plus,PD,0.3,2192,2035,2.5,456.1,1
138,,RE1,CF2,TL2,CQ5,CAP1,COP1,RE1_CF2_TL2_CQ5_CAP1_COP1,BAU,全行业配额,BAU,0.3,2193,2020,1.0,42.85,1
138,,RE1,CF2,TL2,CQ5,CAP1,COP1,RE1_CF2_TL2_CQ5_CAP1_COP1,BAU,全行业配额,BAU,0.3,2194,2021,1.1,42.85,1
138,,RE1,CF2,TL2,CQ5,CAP1,COP1,RE1_CF2_TL2_CQ5_CAP1_COP1,BAU,全行业配额,BAU,0.3,2195,2022,1.2,45.61,1
138,,RE1,CF2,TL2,CQ5,CAP1,COP1,RE1_CF2_TL2_CQ5_CAP1_COP1,BAU,全行业配额,BAU,0.3,2196,2023,1.3,62.79,1
138,,RE1,CF2,TL2,CQ5,CAP1,COP1,RE1_CF2_TL2_CQ5_CAP1_COP1,BAU,全行业配额,BAU,0.3,2197,2024,1.4,70.36,1
138,,RE1,CF2,TL2,CQ5,CAP1,COP1,RE1_CF2_TL2_CQ5_CAP1_COP1,BAU,全行业配额,BAU,0.3,2198,2025,1.5,80.33,1
138,,RE1,CF2,TL2,CQ5,CAP1,COP1,RE1_CF2_TL2_CQ5_CAP1_COP1,BAU,全行业配额,BAU,0.3,2199,2026,1.6,90.3,1
138,,RE1,CF2,TL2,CQ5,CAP1,COP1,RE1_CF2_TL2_CQ5_CAP1_COP1,BAU,全行业配额,BAU,0.3,2200,2027,1.7,100.27,1
138,,RE1,CF2,TL2,CQ5,CAP1,COP1,RE1_CF2_TL2_CQ5_CAP1_COP1,BAU,全行业配额,BAU,0.3,2201,2028,1.8,110.24,1
138,,RE1,CF2,TL2,CQ5,CAP1,COP1,RE1_CF2_TL2_CQ5_CAP1_COP1,BAU,全行业配额,BAU,0.3,2202,2029,1.9,120.21,1
138,,RE1,CF2,TL2,CQ5,CAP1,COP1,RE1_CF2_TL2_CQ5_CAP1_COP1,BAU,全行业配额,BAU,0.3,2203,2030,2.0,130.18,1
138,,RE1,CF2,TL2,CQ5,CAP1,COP1,RE1_CF2_TL2_CQ5_CAP1_COP1,BAU,全行业配额,BAU,0.3,2204,2031,2.1,137.9,1
138,,RE1,CF2,TL2,CQ5,CAP1,COP1,RE1_CF2_TL2_CQ5_CAP1_COP1,BAU,全行业配额,BAU,0.3,2205,2032,2.2,147.31,1
138,,RE1,CF2,TL2,CQ5,CAP1,COP1,RE1_CF2_TL2_CQ5_CAP1_COP1,BAU,全行业配额,BAU,0.3,2206,2033,2.3,156.72,1
138,,RE1,CF2,TL2,CQ5,CAP1,COP1,RE1_CF2_TL2_CQ5_CAP1_COP1,BAU,全行业配额,BAU,0.3,2207,2034,2.4,166.13,1
138,,RE1,CF2,TL2,CQ5,CAP1,COP1,RE1_CF2_TL2_CQ5_CAP1_COP1,BAU,全行业配额,BAU,0.3,2208,2035,2.5,175.53,1
139,,RE1,CF2,TL2,CQ5,CAP1,COP2,RE1_CF2_TL2_CQ5_CAP1_COP2,BAU,全行业配额,PD,0.3,2209,2020,1.0,42.85,1
139,,RE1,CF2,TL2,CQ5,CAP1,COP2,RE1_CF2_TL2_CQ5_CAP1_COP2,BAU,全行业配额,PD,0.3,2210,2021,1.1,42.85,1
139,,RE1,CF2,TL2,CQ5,CAP1,COP2,RE1_CF2_TL2_CQ5_CAP1_COP2,BAU,全行业配额,PD,0.3,2211,2022,1.2,45.61,1
139,,RE1,CF2,TL2,CQ5,CAP1,COP2,RE1_CF2_TL2_CQ5_CAP1_COP2,BAU,全行业配额,PD,0.3,2212,2023,1.3,62.79,1
139,,RE1,CF2,TL2,CQ5,CAP1,COP2,RE1_CF2_TL2_CQ5_CAP1_COP2,BAU,全行业配额,PD,0.3,2213,2024,1.4,70.36,1
139,,RE1,CF2,TL2,CQ5,CAP1,COP2,RE1_CF2_TL2_CQ5_CAP1_COP2,BAU,全行业配额,PD,0.3,2214,2025,1.5,80.33,1
139,,RE1,CF2,TL2,CQ5,CAP1,COP2,RE1_CF2_TL2_CQ5_CAP1_COP2,BAU,全行业配额,PD,0.3,2215,2026,1.6,90.3,1
139,,RE1,CF2,TL2,CQ5,CAP1,COP2,RE1_CF2_TL2_CQ5_CAP1_COP2,BAU,全行业配额,PD,0.3,2216,2027,1.7,100.27,1
139,,RE1,CF2,TL2,CQ5,CAP1,COP2,RE1_CF2_TL2_CQ5_CAP1_COP2,BAU,全行业配额,PD,0.3,2217,2028,1.8,110.24,1
139,,RE1,CF2,TL2,CQ5,CAP1,COP2,RE1_CF2_TL2_CQ5_CAP1_COP2,BAU,全行业配额,PD,0.3,2218,2029,1.9,120.21,1
139,,RE1,CF2,TL2,CQ5,CAP1,COP2,RE1_CF2_TL2_CQ5_CAP1_COP2,BAU,全行业配额,PD,0.3,2219,2030,2.0,130.18,1
139,,RE1,CF2,TL2,CQ5,CAP1,COP2,RE1_CF2_TL2_CQ5_CAP1_COP2,BAU,全行业配额,PD,0.3,2220,2031,2.1,137.9,1
139,,RE1,CF2,TL2,CQ5,CAP1,COP2,RE1_CF2_TL2_CQ5_CAP1_COP2,BAU,全行业配额,PD,0.3,2221,2032,2.2,147.31,1
139,,RE1,CF2,TL2,CQ5,CAP1,COP2,RE1_CF2_TL2_CQ5_CAP1_COP2,BAU,全行业配额,PD,0.3,2222,2033,2.3,156.72,1
139,,RE1,CF2,TL2,CQ5,CAP1,COP2,RE1_CF2_TL2_CQ5_CAP1_COP2,BAU,全行业配额,PD,0.3,2223,2034,2.4,166.13,1
139,,RE1,CF2,TL2,CQ5,CAP1,COP2,RE1_CF2_TL2_CQ5_CAP1_COP2,BAU,全行业配额,PD,0.3,2224,2035,2.5,175.53,1
140,,RE1,CF2,TL2,CQ5,CAP2,COP1,RE1_CF2_TL2_CQ5_CAP2_COP1,BAU,全行业配额,BAU,0.3,2225,2020,1.0,42.85,1
140,,RE1,CF2,TL2,CQ5,CAP2,COP1,RE1_CF2_TL2_CQ5_CAP2_COP1,BAU,全行业配额,BAU,0.3,2226,2021,1.1,42.85,1
140,,RE1,CF2,TL2,CQ5,CAP2,COP1,RE1_CF2_TL2_CQ5_CAP2_COP1,BAU,全行业配额,BAU,0.3,2227,2022,1.2,45.61,1
140,,RE1,CF2,TL2,CQ5,CAP2,COP1,RE1_CF2_TL2_CQ5_CAP2_COP1,BAU,全行业配额,BAU,0.3,2228,2023,1.3,127.71,1
140,,RE1,CF2,TL2,CQ5,CAP2,COP1,RE1_CF2_TL2_CQ5_CAP2_COP1,BAU,全行业配额,BAU,0.3,2229,2024,1.4,209.81,1
140,,RE1,CF2,TL2,CQ5,CAP2,COP1,RE1_CF2_TL2_CQ5_CAP2_COP1,BAU,全行业配额,BAU,0.3,2230,2025,1.5,291.9,1
140,,RE1,CF2,TL2,CQ5,CAP2,COP1,RE1_CF2_TL2_CQ5_CAP2_COP1,BAU,全行业配额,BAU,0.3,2231,2026,1.6,374.0,1
140,,RE1,CF2,TL2,CQ5,CAP2,COP1,RE1_CF2_TL2_CQ5_CAP2_COP1,BAU,全行业配额,BAU,0.3,2232,2027,1.7,456.1,1
140,,RE1,CF2,TL2,CQ5,CAP2,COP1,RE1_CF2_TL2_CQ5_CAP2_COP1,BAU,全行业配额,BAU,0.3,2233,2028,1.8,456.1,1
140,,RE1,CF2,TL2,CQ5,CAP2,COP1,RE1_CF2_TL2_CQ5_CAP2_COP1,BAU,全行业配额,BAU,0.3,2234,2029,1.9,456.1,1
140,,RE1,CF2,TL2,CQ5,CAP2,COP1,RE1_CF2_TL2_CQ5_CAP2_COP1,BAU,全行业配额,BAU,0.3,2235,2030,2.0,456.1,1
140,,RE1,CF2,TL2,CQ5,CAP2,COP1,RE1_CF2_TL2_CQ5_CAP2_COP1,BAU,全行业配额,BAU,0.3,2236,2031,2.1,456.1,1
140,,RE1,CF2,TL2,CQ5,CAP2,COP1,RE1_CF2_TL2_CQ5_CAP2_COP1,BAU,全行业配额,BAU,0.3,2237,2032,2.2,456.1,1
140,,RE1,CF2,TL2,CQ5,CAP2,COP1,RE1_CF2_TL2_CQ5_CAP2_COP1,BAU,全行业配额,BAU,0.3,2238,2033,2.3,456.1,1
140,,RE1,CF2,TL2,CQ5,CAP2,COP1,RE1_CF2_TL2_CQ5_CAP2_COP1,BAU,全行业配额,BAU,0.3,2239,2034,2.4,456.1,1
140,,RE1,CF2,TL2,CQ5,CAP2,COP1,RE1_CF2_TL2_CQ5_CAP2_COP1,BAU,全行业配额,BAU,0.3,2240,2035,2.5,456.1,1
141,,RE1,CF2,TL2,CQ5,CAP2,COP2,RE1_CF2_TL2_CQ5_CAP2_COP2,BAU,全行业配额,PD,0.3,2241,2020,1.0,42.85,1
141,,RE1,CF2,TL2,CQ5,CAP2,COP2,RE1_CF2_TL2_CQ5_CAP2_COP2,BAU,全行业配额,PD,0.3,2242,2021,1.1,42.85,1
141,,RE1,CF2,TL2,CQ5,CAP2,COP2,RE1_CF2_TL2_CQ5_CAP2_COP2,BAU,全行业配额,PD,0.3,2243,2022,1.2,45.61,1
141,,RE1,CF2,TL2,CQ5,CAP2,COP2,RE1_CF2_TL2_CQ5_CAP2_COP2,BAU,全行业配额,PD,0.3,2244,2023,1.3,127.71,1
141,,RE1,CF2,TL2,CQ5,CAP2,COP2,RE1_CF2_TL2_CQ5_CAP2_COP2,BAU,全行业配额,PD,0.3,2245,2024,1.4,209.81,1
141,,RE1,CF2,TL2,CQ5,CAP2,COP2,RE1_CF2_TL2_CQ5_CAP2_COP2,BAU,全行业配额,PD,0.3,2246,2025,1.5,291.9,1
141,,RE1,CF2,TL2,CQ5,CAP2,COP2,RE1_CF2_TL2_CQ5_CAP2_COP2,BAU,全行业配额,PD,0.3,2247,2026,1.6,374.0,1
141,,RE1,CF2,TL2,CQ5,CAP2,COP2,RE1_CF2_TL2_CQ5_CAP2_COP2,BAU,全行业配额,PD,0.3,2248,2027,1.7,456.1,1
141,,RE1,CF2,TL2,CQ5,CAP2,COP2,RE1_CF2_TL2_CQ5_CAP2_COP2,BAU,全行业配额,PD,0.3,2249,2028,1.8,456.1,1
141,,RE1,CF2,TL2,CQ5,CAP2,COP2,RE1_CF2_TL2_CQ5_CAP2_COP2,BAU,全行业配额,PD,0.3,2250,2029,1.9,456.1,1
141,,RE1,CF2,TL2,CQ5,CAP2,COP2,RE1_CF2_TL2_CQ5_CAP2_COP2,BAU,全行业配额,PD,0.3,2251,2030,2.0,456.1,1
141,,RE1,CF2,TL2,CQ5,CAP2,COP2,RE1_CF2_TL2_CQ5_CAP2_COP2,BAU,全行业配额,PD,0.3,2252,2031,2.1,456.1,1
141,,RE1,CF2,TL2,CQ5,CAP2,COP2,RE1_CF2_TL2_CQ5_CAP2_COP2,BAU,全行业配额,PD,0.3,2253,2032,2.2,456.1,1
141,,RE1,CF2,TL2,CQ5,CAP2,COP2,RE1_CF2_TL2_CQ5_CAP2_COP2,BAU,全行业配额,PD,0.3,2254,2033,2.3,456.1,1
141,,RE1,CF2,TL2,CQ5,CAP2,COP2,RE1_CF2_TL2_CQ5_CAP2_COP2,BAU,全行业配额,PD,0.3,2255,2034,2.4,456.1,1
141,,RE1,CF2,TL2,CQ5,CAP2,COP2,RE1_CF2_TL2_CQ5_CAP2_COP2,BAU,全行业配额,PD,0.3,2256,2035,2.5,456.1,1
142,,RE1,CF2,TL2,CQ6,CAP1,COP1,RE1_CF2_TL2_CQ6_CAP1_COP1,BAU,电力配额,BAU,0.3,2257,2020,1.0,42.85,1
142,,RE1,CF2,TL2,CQ6,CAP1,COP1,RE1_CF2_TL2_CQ6_CAP1_COP1,BAU,电力配额,BAU,0.3,2258,2021,1.1,42.85,1
142,,RE1,CF2,TL2,CQ6,CAP1,COP1,RE1_CF2_TL2_CQ6_CAP1_COP1,BAU,电力配额,BAU,0.3,2259,2022,1.2,45.61,1
142,,RE1,CF2,TL2,CQ6,CAP1,COP1,RE1_CF2_TL2_CQ6_CAP1_COP1,BAU,电力配额,BAU,0.3,2260,2023,1.3,62.79,1
142,,RE1,CF2,TL2,CQ6,CAP1,COP1,RE1_CF2_TL2_CQ6_CAP1_COP1,BAU,电力配额,BAU,0.3,2261,2024,1.4,70.36,1
142,,RE1,CF2,TL2,CQ6,CAP1,COP1,RE1_CF2_TL2_CQ6_CAP1_COP1,BAU,电力配额,BAU,0.3,2262,2025,1.5,80.33,1
142,,RE1,CF2,TL2,CQ6,CAP1,COP1,RE1_CF2_TL2_CQ6_CAP1_COP1,BAU,电力配额,BAU,0.3,2263,2026,1.6,90.3,1
142,,RE1,CF2,TL2,CQ6,CAP1,COP1,RE1_CF2_TL2_CQ6_CAP1_COP1,BAU,电力配额,BAU,0.3,2264,2027,1.7,100.27,1
142,,RE1,CF2,TL2,CQ6,CAP1,COP1,RE1_CF2_TL2_CQ6_CAP1_COP1,BAU,电力配额,BAU,0.3,2265,2028,1.8,110.24,1
142,,RE1,CF2,TL2,CQ6,CAP1,COP1,RE1_CF2_TL2_CQ6_CAP1_COP1,BAU,电力配额,BAU,0.3,2266,2029,1.9,120.21,1
142,,RE1,CF2,TL2,CQ6,CAP1,COP1,RE1_CF2_TL2_CQ6_CAP1_COP1,BAU,电力配额,BAU,0.3,2267,2030,2.0,130.18,1
142,,RE1,CF2,TL2,CQ6,CAP1,COP1,RE1_CF2_TL2_CQ6_CAP1_COP1,BAU,电力配额,BAU,0.3,2268,2031,2.1,137.9,1
142,,RE1,CF2,TL2,CQ6,CAP1,COP1,RE1_CF2_TL2_CQ6_CAP1_COP1,BAU,电力配额,BAU,0.3,2269,2032,2.2,147.31,1
142,,RE1,CF2,TL2,CQ6,CAP1,COP1,RE1_CF2_TL2_CQ6_CAP1_COP1,BAU,电力配额,BAU,0.3,2270,2033,2.3,156.72,1
142,,RE1,CF2,TL2,CQ6,CAP1,COP1,RE1_CF2_TL2_CQ6_CAP1_COP1,BAU,电力配额,BAU,0.3,2271,2034,2.4,166.13,1
142,,RE1,CF2,TL2,CQ6,CAP1,COP1,RE1_CF2_TL2_CQ6_CAP1_COP1,BAU,电力配额,BAU,0.3,2272,2035,2.5,175.53,1
143,,RE1,CF2,TL2,CQ6,CAP1,COP2,RE1_CF2_TL2_CQ6_CAP1_COP2,BAU,电力配额,PD,0.3,2273,2020,1.0,42.85,1
143,,RE1,CF2,TL2,CQ6,CAP1,COP2,RE1_CF2_TL2_CQ6_CAP1_COP2,BAU,电力配额,PD,0.3,2274,2021,1.1,42.85,1
143,,RE1,CF2,TL2,CQ6,CAP1,COP2,RE1_CF2_TL2_CQ6_CAP1_COP2,BAU,电力配额,PD,0.3,2275,2022,1.2,45.61,1
143,,RE1,CF2,TL2,CQ6,CAP1,COP2,RE1_CF2_TL2_CQ6_CAP1_COP2,BAU,电力配额,PD,0.3,2276,2023,1.3,62.79,1
143,,RE1,CF2,TL2,CQ6,CAP1,COP2,RE1_CF2_TL2_CQ6_CAP1_COP2,BAU,电力配额,PD,0.3,2277,2024,1.4,70.36,1
143,,RE1,CF2,TL2,CQ6,CAP1,COP2,RE1_CF2_TL2_CQ6_CAP1_COP2,BAU,电力配额,PD,0.3,2278,2025,1.5,80.33,1
143,,RE1,CF2,TL2,CQ6,CAP1,COP2,RE1_CF2_TL2_CQ6_CAP1_COP2,BAU,电力配额,PD,0.3,2279,2026,1.6,90.3,1
143,,RE1,CF2,TL2,CQ6,CAP1,COP2,RE1_CF2_TL2_CQ6_CAP1_COP2,BAU,电力配额,PD,0.3,2280,2027,1.7,100.27,1
143,,RE1,CF2,TL2,CQ6,CAP1,COP2,RE1_CF2_TL2_CQ6_CAP1_COP2,BAU,电力配额,PD,0.3,2281,2028,1.8,110.24,1
143,,RE1,CF2,TL2,CQ6,CAP1,COP2,RE1_CF2_TL2_CQ6_CAP1_COP2,BAU,电力配额,PD,0.3,2282,2029,1.9,120.21,1
143,,RE1,CF2,TL2,CQ6,CAP1,COP2,RE1_CF2_TL2_CQ6_CAP1_COP2,BAU,电力配额,PD,0.3,2283,2030,2.0,130.18,1
143,,RE1,CF2,TL2,CQ6,CAP1,COP2,RE1_CF2_TL2_CQ6_CAP1_COP2,BAU,电力配额,PD,0.3,2284,2031,2.1,137.9,1
143,,RE1,CF2,TL2,CQ6,CAP1,COP2,RE1_CF2_TL2_CQ6_CAP1_COP2,BAU,电力配额,PD,0.3,2285,2032,2.2,147.31,1
143,,RE1,CF2,TL2,CQ6,CAP1,COP2,RE1_CF2_TL2_CQ6_CAP1_COP2,BAU,电力配额,PD,0.3,2286,2033,2.3,156.72,1
143,,RE1,CF2,TL2,CQ6,CAP1,COP2,RE1_CF2_TL2_CQ6_CAP1_COP2,BAU,电力配额,PD,0.3,2287,2034,2.4,166.13,1
143,,RE1,CF2,TL2,CQ6,CAP1,COP2,RE1_CF2_TL2_CQ6_CAP1_COP2,BAU,电力配额,PD,0.3,2288,2035,2.5,175.53,1
144,,RE1,CF2,TL2,CQ6,CAP2,COP2,RE1_CF2_TL2_CQ6_CAP2_COP2,BAU,电力配额,PD,0.3,2289,2020,1.0,42.85,1
144,,RE1,CF2,TL2,CQ6,CAP2,COP2,RE1_CF2_TL2_CQ6_CAP2_COP2,BAU,电力配额,PD,0.3,2290,2021,1.1,42.85,1
144,,RE1,CF2,TL2,CQ6,CAP2,COP2,RE1_CF2_TL2_CQ6_CAP2_COP2,BAU,电力配额,PD,0.3,2291,2022,1.2,45.61,1
144,,RE1,CF2,TL2,CQ6,CAP2,COP2,RE1_CF2_TL2_CQ6_CAP2_COP2,BAU,电力配额,PD,0.3,2292,2023,1.3,127.71,1
144,,RE1,CF2,TL2,CQ6,CAP2,COP2,RE1_CF2_TL2_CQ6_CAP2_COP2,BAU,电力配额,PD,0.3,2293,2024,1.4,209.81,1
144,,RE1,CF2,TL2,CQ6,CAP2,COP2,RE1_CF2_TL2_CQ6_CAP2_COP2,BAU,电力配额,PD,0.3,2294,2025,1.5,291.9,1
144,,RE1,CF2,TL2,CQ6,CAP2,COP2,RE1_CF2_TL2_CQ6_CAP2_COP2,BAU,电力配额,PD,0.3,2295,2026,1.6,374.0,1
144,,RE1,CF2,TL2,CQ6,CAP2,COP2,RE1_CF2_TL2_CQ6_CAP2_COP2,BAU,电力配额,PD,0.3,2296,2027,1.7,456.1,1
144,,RE1,CF2,TL2,CQ6,CAP2,COP2,RE1_CF2_TL2_CQ6_CAP2_COP2,BAU,电力配额,PD,0.3,2297,2028,1.8,456.1,1
144,,RE1,CF2,TL2,CQ6,CAP2,COP2,RE1_CF2_TL2_CQ6_CAP2_COP2,BAU,电力配额,PD,0.3,2298,2029,1.9,456.1,1
144,,RE1,CF2,TL2,CQ6,CAP2,COP2,RE1_CF2_TL2_CQ6_CAP2_COP2,BAU,电力配额,PD,0.3,2299,2030,2.0,456.1,1
144,,RE1,CF2,TL2,CQ6,CAP2,COP2,RE1_CF2_TL2_CQ6_CAP2_COP2,BAU,电力配额,PD,0.3,2300,2031,2.1,456.1,1
144,,RE1,CF2,TL2,CQ6,CAP2,COP2,RE1_CF2_TL2_CQ6_CAP2_COP2,BAU,电力配额,PD,0.3,2301,2032,2.2,456.1,1
144,,RE1,CF2,TL2,CQ6,CAP2,COP2,RE1_CF2_TL2_CQ6_CAP2_COP2,BAU,电力配额,PD,0.3,2302,2033,2.3,456.1,1
144,,RE1,CF2,TL2,CQ6,CAP2,COP2,RE1_CF2_TL2_CQ6_CAP2_COP2,BAU,电力配额,PD,0.3,2303,2034,2.4,456.1,1
144,,RE1,CF2,TL2,CQ6,CAP2,COP2,RE1_CF2_TL2_CQ6_CAP2_COP2,BAU,电力配额,PD,0.3,2304,2035,2.5,456.1,1
145,,RE1,CF3,TL1,CQ1,CAP1,COP1,RE1_CF3_TL1_CQ1_CAP1_COP1,BAU,无配额,BAU,0.0,2305,2020,1.0,0.0,0
145,,RE1,CF3,TL1,CQ1,CAP1,COP1,RE1_CF3_TL1_CQ1_CAP1_COP1,BAU,无配额,BAU,0.0,2306,2021,1.03,0.0,0
145,,RE1,CF3,TL1,CQ1,CAP1,COP1,RE1_CF3_TL1_CQ1_CAP1_COP1,BAU,无配额,BAU,0.0,2307,2022,1.06,0.0,0
145,,RE1,CF3,TL1,CQ1,CAP1,COP1,RE1_CF3_TL1_CQ1_CAP1_COP1,BAU,无配额,BAU,0.0,2308,2023,1.09,0.0,0
145,,RE1,CF3,TL1,CQ1,CAP1,COP1,RE1_CF3_TL1_CQ1_CAP1_COP1,BAU,无配额,BAU,0.0,2309,2024,1.12,0.0,0
145,,RE1,CF3,TL1,CQ1,CAP1,COP1,RE1_CF3_TL1_CQ1_CAP1_COP1,BAU,无配额,BAU,0.0,2310,2025,1.15,0.0,0
145,,RE1,CF3,TL1,CQ1,CAP1,COP1,RE1_CF3_TL1_CQ1_CAP1_COP1,BAU,无配额,BAU,0.0,2311,2026,1.18,0.0,0
145,,RE1,CF3,TL1,CQ1,CAP1,COP1,RE1_CF3_TL1_CQ1_CAP1_COP1,BAU,无配额,BAU,0.0,2312,2027,1.21,0.0,0
145,,RE1,CF3,TL1,CQ1,CAP1,COP1,RE1_CF3_TL1_CQ1_CAP1_COP1,BAU,无配额,BAU,0.0,2313,2028,1.24,0.0,0
145,,RE1,CF3,TL1,CQ1,CAP1,COP1,RE1_CF3_TL1_CQ1_CAP1_COP1,BAU,无配额,BAU,0.0,2314,2029,1.27,0.0,0
145,,RE1,CF3,TL1,CQ1,CAP1,COP1,RE1_CF3_TL1_CQ1_CAP1_COP1,BAU,无配额,BAU,0.0,2315,2030,1.3,0.0,0
145,,RE1,CF3,TL1,CQ1,CAP1,COP1,RE1_CF3_TL1_CQ1_CAP1_COP1,BAU,无配额,BAU,0.0,2316,2031,1.36,0.0,0
145,,RE1,CF3,TL1,CQ1,CAP1,COP1,RE1_CF3_TL1_CQ1_CAP1_COP1,BAU,无配额,BAU,0.0,2317,2032,1.42,0.0,0
145,,RE1,CF3,TL1,CQ1,CAP1,COP1,RE1_CF3_TL1_CQ1_CAP1_COP1,BAU,无配额,BAU,0.0,2318,2033,1.48,0.0,0
145,,RE1,CF3,TL1,CQ1,CAP1,COP1,RE1_CF3_TL1_CQ1_CAP1_COP1,BAU,无配额,BAU,0.0,2319,2034,1.54,0.0,0
145,,RE1,CF3,TL1,CQ1,CAP1,COP1,RE1_CF3_TL1_CQ1_CAP1_COP1,BAU,无配额,BAU,0.0,2320,2035,1.6,0.0,0
146,,RE1,CF3,TL1,CQ1,CAP1,COP2,RE1_CF3_TL1_CQ1_CAP1_COP2,BAU,无配额,PD,0.0,2321,2020,1.0,0.0,0
146,,RE1,CF3,TL1,CQ1,CAP1,COP2,RE1_CF3_TL1_CQ1_CAP1_COP2,BAU,无配额,PD,0.0,2322,2021,1.03,0.0,0
146,,RE1,CF3,TL1,CQ1,CAP1,COP2,RE1_CF3_TL1_CQ1_CAP1_COP2,BAU,无配额,PD,0.0,2323,2022,1.06,0.0,0
146,,RE1,CF3,TL1,CQ1,CAP1,COP2,RE1_CF3_TL1_CQ1_CAP1_COP2,BAU,无配额,PD,0.0,2324,2023,1.09,0.0,0
146,,RE1,CF3,TL1,CQ1,CAP1,COP2,RE1_CF3_TL1_CQ1_CAP1_COP2,BAU,无配额,PD,0.0,2325,2024,1.12,0.0,0
146,,RE1,CF3,TL1,CQ1,CAP1,COP2,RE1_CF3_TL1_CQ1_CAP1_COP2,BAU,无配额,PD,0.0,2326,2025,1.15,0.0,0
146,,RE1,CF3,TL1,CQ1,CAP1,COP2,RE1_CF3_TL1_CQ1_CAP1_COP2,BAU,无配额,PD,0.0,2327,2026,1.18,0.0,0
146,,RE1,CF3,TL1,CQ1,CAP1,COP2,RE1_CF3_TL1_CQ1_CAP1_COP2,BAU,无配额,PD,0.0,2328,2027,1.21,0.0,0
146,,RE1,CF3,TL1,CQ1,CAP1,COP2,RE1_CF3_TL1_CQ1_CAP1_COP2,BAU,无配额,PD,0.0,2329,2028,1.24,0.0,0
146,,RE1,CF3,TL1,CQ1,CAP1,COP2,RE1_CF3_TL1_CQ1_CAP1_COP2,BAU,无配额,PD,0.0,2330,2029,1.27,0.0,0
146,,RE1,CF3,TL1,CQ1,CAP1,COP2,RE1_CF3_TL1_CQ1_CAP1_COP2,BAU,无配额,PD,0.0,2331,2030,1.3,0.0,0
146,,RE1,CF3,TL1,CQ1,CAP1,COP2,RE1_CF3_TL1_CQ1_CAP1_COP2,BAU,无配额,PD,0.0,2332,2031,1.36,0.0,0
146,,RE1,CF3,TL1,CQ1,CAP1,COP2,RE1_CF3_TL1_CQ1_CAP1_COP2,BAU,无配额,PD,0.0,2333,2032,1.42,0.0,0
146,,RE1,CF3,TL1,CQ1,CAP1,COP2,RE1_CF3_TL1_CQ1_CAP1_COP2,BAU,无配额,PD,0.0,2334,2033,1.48,0.0,0
146,,RE1,CF3,TL1,CQ1,CAP1,COP2,RE1_CF3_TL1_CQ1_CAP1_COP2,BAU,无配额,PD,0.0,2335,2034,1.54,0.0,0
146,,RE1,CF3,TL1,CQ1,CAP1,COP2,RE1_CF3_TL1_CQ1_CAP1_COP2,BAU,无配额,PD,0.0,2336,2035,1.6,0.0,0
147,,RE1,CF3,TL1,CQ1,CAP2,COP1,RE1_CF3_TL1_CQ1_CAP2_COP1,BAU,无配额,BAU,0.0,2337,2020,1.0,0.0,0
147,,RE1,CF3,TL1,CQ1,CAP2,COP1,RE1_CF3_TL1_CQ1_CAP2_COP1,BAU,无配额,BAU,0.0,2338,2021,1.03,0.0,0
147,,RE1,CF3,TL1,CQ1,CAP2,COP1,RE1_CF3_TL1_CQ1_CAP2_COP1,BAU,无配额,BAU,0.0,2339,2022,1.06,0.0,0
147,,RE1,CF3,TL1,CQ1,CAP2,COP1,RE1_CF3_TL1_CQ1_CAP2_COP1,BAU,无配额,BAU,0.0,2340,2023,1.09,0.0,0
147,,RE1,CF3,TL1,CQ1,CAP2,COP1,RE1_CF3_TL1_CQ1_CAP2_COP1,BAU,无配额,BAU,0.0,2341,2024,1.12,0.0,0
147,,RE1,CF3,TL1,CQ1,CAP2,COP1,RE1_CF3_TL1_CQ1_CAP2_COP1,BAU,无配额,BAU,0.0,2342,2025,1.15,0.0,0
147,,RE1,CF3,TL1,CQ1,CAP2,COP1,RE1_CF3_TL1_CQ1_CAP2_COP1,BAU,无配额,BAU,0.0,2343,2026,1.18,0.0,0
147,,RE1,CF3,TL1,CQ1,CAP2,COP1,RE1_CF3_TL1_CQ1_CAP2_COP1,BAU,无配额,BAU,0.0,2344,2027,1.21,0.0,0
147,,RE1,CF3,TL1,CQ1,CAP2,COP1,RE1_CF3_TL1_CQ1_CAP2_COP1,BAU,无配额,BAU,0.0,2345,2028,1.24,0.0,0
147,,RE1,CF3,TL1,CQ1,CAP2,COP1,RE1_CF3_TL1_CQ1_CAP2_COP1,BAU,无配额,BAU,0.0,2346,2029,1.27,0.0,0
147,,RE1,CF3,TL1,CQ1,CAP2,COP1,RE1_CF3_TL1_CQ1_CAP2_COP1,BAU,无配额,BAU,0.0,2347,2030,1.3,0.0,0
147,,RE1,CF3,TL1,CQ1,CAP2,COP1,RE1_CF3_TL1_CQ1_CAP2_COP1,BAU,无配额,BAU,0.0,2348,2031,1.36,0.0,0
147,,RE1,CF3,TL1,CQ1,CAP2,COP1,RE1_CF3_TL1_CQ1_CAP2_COP1,BAU,无配额,BAU,0.0,2349,2032,1.42,0.0,0
147,,RE1,CF3,TL1,CQ1,CAP2,COP1,RE1_CF3_TL1_CQ1_CAP2_COP1,BAU,无配额,BAU,0.0,2350,2033,1.48,0.0,0
147,,RE1,CF3,TL1,CQ1,CAP2,COP1,RE1_CF3_TL1_CQ1_CAP2_COP1,BAU,无配额,BAU,0.0,2351,2034,1.54,0.0,0
147,,RE1,CF3,TL1,CQ1,CAP2,COP1,RE1_CF3_TL1_CQ1_CAP2_COP1,BAU,无配额,BAU,0.0,2352,2035,1.6,0.0,0
148,,RE1,CF3,TL1,CQ1,CAP2,COP2,RE1_CF3_TL1_CQ1_CAP2_COP2,BAU,无配额,PD,0.0,2353,2020,1.0,0.0,0
148,,RE1,CF3,TL1,CQ1,CAP2,COP2,RE1_CF3_TL1_CQ1_CAP2_COP2,BAU,无配额,PD,0.0,2354,2021,1.03,0.0,0
148,,RE1,CF3,TL1,CQ1,CAP2,COP2,RE1_CF3_TL1_CQ1_CAP2_COP2,BAU,无配额,PD,0.0,2355,2022,1.06,0.0,0
148,,RE1,CF3,TL1,CQ1,CAP2,COP2,RE1_CF3_TL1_CQ1_CAP2_COP2,BAU,无配额,PD,0.0,2356,2023,1.09,0.0,0
148,,RE1,CF3,TL1,CQ1,CAP2,COP2,RE1_CF3_TL1_CQ1_CAP2_COP2,BAU,无配额,PD,0.0,2357,2024,1.12,0.0,0
148,,RE1,CF3,TL1,CQ1,CAP2,COP2,RE1_CF3_TL1_CQ1_CAP2_COP2,BAU,无配额,PD,0.0,2358,2025,1.15,0.0,0
148,,RE1,CF3,TL1,CQ1,CAP2,COP2,RE1_CF3_TL1_CQ1_CAP2_COP2,BAU,无配额,PD,0.0,2359,2026,1.18,0.0,0
148,,RE1,CF3,TL1,CQ1,CAP2,COP2,RE1_CF3_TL1_CQ1_CAP2_COP2,BAU,无配额,PD,0.0,2360,2027,1.21,0.0,0
148,,RE1,CF3,TL1,CQ1,CAP2,COP2,RE1_CF3_TL1_CQ1_CAP2_COP2,BAU,无配额,PD,0.0,2361,2028,1.24,0.0,0
148,,RE1,CF3,TL1,CQ1,CAP2,COP2,RE1_CF3_TL1_CQ1_CAP2_COP2,BAU,无配额,PD,0.0,2362,2029,1.27,0.0,0
148,,RE1,CF3,TL1,CQ1,CAP2,COP2,RE1_CF3_TL1_CQ1_CAP2_COP2,BAU,无配额,PD,0.0,2363,2030,1.3,0.0,0
148,,RE1,CF3,TL1,CQ1,CAP2,COP2,RE1_CF3_TL1_CQ1_CAP2_COP2,BAU,无配额,PD,0.0,2364,2031,1.36,0.0,0
148,,RE1,CF3,TL1,CQ1,CAP2,COP2,RE1_CF3_TL1_CQ1_CAP2_COP2,BAU,无配额,PD,0.0,2365,2032,1.42,0.0,0
148,,RE1,CF3,TL1,CQ1,CAP2,COP2,RE1_CF3_TL1_CQ1_CAP2_COP2,BAU,无配额,PD,0.0,2366,2033,1.48,0.0,0
148,,RE1,CF3,TL1,CQ1,CAP2,COP2,RE1_CF3_TL1_CQ1_CAP2_COP2,BAU,无配额,PD,0.0,2367,2034,1.54,0.0,0
148,,RE1,CF3,TL1,CQ1,CAP2,COP2,RE1_CF3_TL1_CQ1_CAP2_COP2,BAU,无配额,PD,0.0,2368,2035,1.6,0.0,0
149,,RE1,CF3,TL1,CQ2,CAP1,COP2,RE1_CF3_TL1_CQ2_CAP1_COP2,BAU,基准不变,PD,0.0,2369,2020,1.0,42.85,1
149,,RE1,CF3,TL1,CQ2,CAP1,COP2,RE1_CF3_TL1_CQ2_CAP1_COP2,BAU,基准不变,PD,0.0,2370,2021,1.03,42.85,1
149,,RE1,CF3,TL1,CQ2,CAP1,COP2,RE1_CF3_TL1_CQ2_CAP1_COP2,BAU,基准不变,PD,0.0,2371,2022,1.06,45.61,1
149,,RE1,CF3,TL1,CQ2,CAP1,COP2,RE1_CF3_TL1_CQ2_CAP1_COP2,BAU,基准不变,PD,0.0,2372,2023,1.09,62.79,1
149,,RE1,CF3,TL1,CQ2,CAP1,COP2,RE1_CF3_TL1_CQ2_CAP1_COP2,BAU,基准不变,PD,0.0,2373,2024,1.12,70.36,1
149,,RE1,CF3,TL1,CQ2,CAP1,COP2,RE1_CF3_TL1_CQ2_CAP1_COP2,BAU,基准不变,PD,0.0,2374,2025,1.15,80.33,1
149,,RE1,CF3,TL1,CQ2,CAP1,COP2,RE1_CF3_TL1_CQ2_CAP1_COP2,BAU,基准不变,PD,0.0,2375,2026,1.18,90.3,1
149,,RE1,CF3,TL1,CQ2,CAP1,COP2,RE1_CF3_TL1_CQ2_CAP1_COP2,BAU,基准不变,PD,0.0,2376,2027,1.21,100.27,1
149,,RE1,CF3,TL1,CQ2,CAP1,COP2,RE1_CF3_TL1_CQ2_CAP1_COP2,BAU,基准不变,PD,0.0,2377,2028,1.24,110.24,1
149,,RE1,CF3,TL1,CQ2,CAP1,COP2,RE1_CF3_TL1_CQ2_CAP1_COP2,BAU,基准不变,PD,0.0,2378,2029,1.27,120.21,1
149,,RE1,CF3,TL1,CQ2,CAP1,COP2,RE1_CF3_TL1_CQ2_CAP1_COP2,BAU,基准不变,PD,0.0,2379,2030,1.3,130.18,1
149,,RE1,CF3,TL1,CQ2,CAP1,COP2,RE1_CF3_TL1_CQ2_CAP1_COP2,BAU,基准不变,PD,0.0,2380,2031,1.36,137.9,1
149,,RE1,CF3,TL1,CQ2,CAP1,COP2,RE1_CF3_TL1_CQ2_CAP1_COP2,BAU,基准不变,PD,0.0,2381,2032,1.42,147.31,1
149,,RE1,CF3,TL1,CQ2,CAP1,COP2,RE1_CF3_TL1_CQ2_CAP1_COP2,BAU,基准不变,PD,0.0,2382,2033,1.48,156.72,1
149,,RE1,CF3,TL1,CQ2,CAP1,COP2,RE1_CF3_TL1_CQ2_CAP1_COP2,BAU,基准不变,PD,0.0,2383,2034,1.54,166.13,1
149,,RE1,CF3,TL1,CQ2,CAP1,COP2,RE1_CF3_TL1_CQ2_CAP1_COP2,BAU,基准不变,PD,0.0,2384,2035,1.6,175.53,1
150,,RE1,CF3,TL1,CQ2,CAP2,COP1,RE1_CF3_TL1_CQ2_CAP2_COP1,BAU,基准不变,BAU,0.0,2385,2020,1.0,42.85,1
150,,RE1,CF3,TL1,CQ2,CAP2,COP1,RE1_CF3_TL1_CQ2_CAP2_COP1,BAU,基准不变,BAU,0.0,2386,2021,1.03,42.85,1
150,,RE1,CF3,TL1,CQ2,CAP2,COP1,RE1_CF3_TL1_CQ2_CAP2_COP1,BAU,基准不变,BAU,0.0,2387,2022,1.06,45.61,1
150,,RE1,CF3,TL1,CQ2,CAP2,COP1,RE1_CF3_TL1_CQ2_CAP2_COP1,BAU,基准不变,BAU,0.0,2388,2023,1.09,127.71,1
150,,RE1,CF3,TL1,CQ2,CAP2,COP1,RE1_CF3_TL1_CQ2_CAP2_COP1,BAU,基准不变,BAU,0.0,2389,2024,1.12,209.81,1
150,,RE1,CF3,TL1,CQ2,CAP2,COP1,RE1_CF3_TL1_CQ2_CAP2_COP1,BAU,基准不变,BAU,0.0,2390,2025,1.15,291.9,1
150,,RE1,CF3,TL1,CQ2,CAP2,COP1,RE1_CF3_TL1_CQ2_CAP2_COP1,BAU,基准不变,BAU,0.0,2391,2026,1.18,374.0,1
150,,RE1,CF3,TL1,CQ2,CAP2,COP1,RE1_CF3_TL1_CQ2_CAP2_COP1,BAU,基准不变,BAU,0.0,2392,2027,1.21,456.1,1
150,,RE1,CF3,TL1,CQ2,CAP2,COP1,RE1_CF3_TL1_CQ2_CAP2_COP1,BAU,基准不变,BAU,0.0,2393,2028,1.24,456.1,1
150,,RE1,CF3,TL1,CQ2,CAP2,COP1,RE1_CF3_TL1_CQ2_CAP2_COP1,BAU,基准不变,BAU,0.0,2394,2029,1.27,456.1,1
150,,RE1,CF3,TL1,CQ2,CAP2,COP1,RE1_CF3_TL1_CQ2_CAP2_COP1,BAU,基准不变,BAU,0.0,2395,2030,1.3,456.1,1
150,,RE1,CF3,TL1,CQ2,CAP2,COP1,RE1_CF3_TL1_CQ2_CAP2_COP1,BAU,基准不变,BAU,0.0,2396,2031,1.36,456.1,1
150,,RE1,CF3,TL1,CQ2,CAP2,COP1,RE1_CF3_TL1_CQ2_CAP2_COP1,BAU,基准不变,BAU,0.0,2397,2032,1.42,456.1,1
150,,RE1,CF3,TL1,CQ2,CAP2,COP1,RE1_CF3_TL1_CQ2_CAP2_COP1,BAU,基准不变,BAU,0.0,2398,2033,1.48,456.1,1
150,,RE1,CF3,TL1,CQ2,CAP2,COP1,RE1_CF3_TL1_CQ2_CAP2_COP1,BAU,基准不变,BAU,0.0,2399,2034,1.54,456.1,1
150,,RE1,CF3,TL1,CQ2,CAP2,COP1,RE1_CF3_TL1_CQ2_CAP2_COP1,BAU,基准不变,BAU,0.0,2400,2035,1.6,456.1,1
151,,RE1,CF3,TL1,CQ2,CAP2,COP2,RE1_CF3_TL1_CQ2_CAP2_COP2,BAU,基准不变,PD,0.0,2401,2020,1.0,42.85,1
151,,RE1,CF3,TL1,CQ2,CAP2,COP2,RE1_CF3_TL1_CQ2_CAP2_COP2,BAU,基准不变,PD,0.0,2402,2021,1.03,42.85,1
151,,RE1,CF3,TL1,CQ2,CAP2,COP2,RE1_CF3_TL1_CQ2_CAP2_COP2,BAU,基准不变,PD,0.0,2403,2022,1.06,45.61,1
151,,RE1,CF3,TL1,CQ2,CAP2,COP2,RE1_CF3_TL1_CQ2_CAP2_COP2,BAU,基准不变,PD,0.0,2404,2023,1.09,127.71,1
151,,RE1,CF3,TL1,CQ2,CAP2,COP2,RE1_CF3_TL1_CQ2_CAP2_COP2,BAU,基准不变,PD,0.0,2405,2024,1.12,209.81,1
151,,RE1,CF3,TL1,CQ2,CAP2,COP2,RE1_CF3_TL1_CQ2_CAP2_COP2,BAU,基准不变,PD,0.0,2406,2025,1.15,291.9,1
151,,RE1,CF3,TL1,CQ2,CAP2,COP2,RE1_CF3_TL1_CQ2_CAP2_COP2,BAU,基准不变,PD,0.0,2407,2026,1.18,374.0,1
151,,RE1,CF3,TL1,CQ2,CAP2,COP2,RE1_CF3_TL1_CQ2_CAP2_COP2,BAU,基准不变,PD,0.0,2408,2027,1.21,456.1,1
151,,RE1,CF3,TL1,CQ2,CAP2,COP2,RE1_CF3_TL1_CQ2_CAP2_COP2,BAU,基准不变,PD,0.0,2409,2028,1.24,456.1,1
151,,RE1,CF3,TL1,CQ2,CAP2,COP2,RE1_CF3_TL1_CQ2_CAP2_COP2,BAU,基准不变,PD,0.0,2410,2029,1.27,456.1,1
151,,RE1,CF3,TL1,CQ2,CAP2,COP2,RE1_CF3_TL1_CQ2_CAP2_COP2,BAU,基准不变,PD,0.0,2411,2030,1.3,456.1,1
151,,RE1,CF3,TL1,CQ2,CAP2,COP2,RE1_CF3_TL1_CQ2_CAP2_COP2,BAU,基准不变,PD,0.0,2412,2031,1.36,456.1,1
151,,RE1,CF3,TL1,CQ2,CAP2,COP2,RE1_CF3_TL1_CQ2_CAP2_COP2,BAU,基准不变,PD,0.0,2413,2032,1.42,456.1,1
151,,RE1,CF3,TL1,CQ2,CAP2,COP2,RE1_CF3_TL1_CQ2_CAP2_COP2,BAU,基准不变,PD,0.0,2414,2033,1.48,456.1,1
151,,RE1,CF3,TL1,CQ2,CAP2,COP2,RE1_CF3_TL1_CQ2_CAP2_COP2,BAU,基准不变,PD,0.0,2415,2034,1.54,456.1,1
151,,RE1,CF3,TL1,CQ2,CAP2,COP2,RE1_CF3_TL1_CQ2_CAP2_COP2,BAU,基准不变,PD,0.0,2416,2035,1.6,456.1,1
152,,RE1,CF3,TL1,CQ3,CAP1,COP2,RE1_CF3_TL1_CQ3_CAP1_COP2,BAU,REPO,PD,0.0,2417,2020,1.0,42.85,1
152,,RE1,CF3,TL1,CQ3,CAP1,COP2,RE1_CF3_TL1_CQ3_CAP1_COP2,BAU,REPO,PD,0.0,2418,2021,1.03,42.85,1
152,,RE1,CF3,TL1,CQ3,CAP1,COP2,RE1_CF3_TL1_CQ3_CAP1_COP2,BAU,REPO,PD,0.0,2419,2022,1.06,45.61,1
152,,RE1,CF3,TL1,CQ3,CAP1,COP2,RE1_CF3_TL1_CQ3_CAP1_COP2,BAU,REPO,PD,0.0,2420,2023,1.09,62.79,1
152,,RE1,CF3,TL1,CQ3,CAP1,COP2,RE1_CF3_TL1_CQ3_CAP1_COP2,BAU,REPO,PD,0.0,2421,2024,1.12,70.36,1
152,,RE1,CF3,TL1,CQ3,CAP1,COP2,RE1_CF3_TL1_CQ3_CAP1_COP2,BAU,REPO,PD,0.0,2422,2025,1.15,80.33,1
152,,RE1,CF3,TL1,CQ3,CAP1,COP2,RE1_CF3_TL1_CQ3_CAP1_COP2,BAU,REPO,PD,0.0,2423,2026,1.18,90.3,1
152,,RE1,CF3,TL1,CQ3,CAP1,COP2,RE1_CF3_TL1_CQ3_CAP1_COP2,BAU,REPO,PD,0.0,2424,2027,1.21,100.27,1
152,,RE1,CF3,TL1,CQ3,CAP1,COP2,RE1_CF3_TL1_CQ3_CAP1_COP2,BAU,REPO,PD,0.0,2425,2028,1.24,110.24,1
152,,RE1,CF3,TL1,CQ3,CAP1,COP2,RE1_CF3_TL1_CQ3_CAP1_COP2,BAU,REPO,PD,0.0,2426,2029,1.27,120.21,1
152,,RE1,CF3,TL1,CQ3,CAP1,COP2,RE1_CF3_TL1_CQ3_CAP1_COP2,BAU,REPO,PD,0.0,2427,2030,1.3,130.18,1
152,,RE1,CF3,TL1,CQ3,CAP1,COP2,RE1_CF3_TL1_CQ3_CAP1_COP2,BAU,REPO,PD,0.0,2428,2031,1.36,137.9,1
152,,RE1,CF3,TL1,CQ3,CAP1,COP2,RE1_CF3_TL1_CQ3_CAP1_COP2,BAU,REPO,PD,0.0,2429,2032,1.42,147.31,1
152,,RE1,CF3,TL1,CQ3,CAP1,COP2,RE1_CF3_TL1_CQ3_CAP1_COP2,BAU,REPO,PD,0.0,2430,2033,1.48,156.72,1
152,,RE1,CF3,TL1,CQ3,CAP1,COP2,RE1_CF3_TL1_CQ3_CAP1_COP2,BAU,REPO,PD,0.0,2431,2034,1.54,166.13,1
152,,RE1,CF3,TL1,CQ3,CAP1,COP2,RE1_CF3_TL1_CQ3_CAP1_COP2,BAU,REPO,PD,0.0,2432,2035,1.6,175.53,1
153,,RE1,CF3,TL1,CQ3,CAP2,COP1,RE1_CF3_TL1_CQ3_CAP2_COP1,BAU,REPO,BAU,0.0,2433,2020,1.0,42.85,1
153,,RE1,CF3,TL1,CQ3,CAP2,COP1,RE1_CF3_TL1_CQ3_CAP2_COP1,BAU,REPO,BAU,0.0,2434,2021,1.03,42.85,1
153,,RE1,CF3,TL1,CQ3,CAP2,COP1,RE1_CF3_TL1_CQ3_CAP2_COP1,BAU,REPO,BAU,0.0,2435,2022,1.06,45.61,1
153,,RE1,CF3,TL1,CQ3,CAP2,COP1,RE1_CF3_TL1_CQ3_CAP2_COP1,BAU,REPO,BAU,0.0,2436,2023,1.09,127.71,1
153,,RE1,CF3,TL1,CQ3,CAP2,COP1,RE1_CF3_TL1_CQ3_CAP2_COP1,BAU,REPO,BAU,0.0,2437,2024,1.12,209.81,1
153,,RE1,CF3,TL1,CQ3,CAP2,COP1,RE1_CF3_TL1_CQ3_CAP2_COP1,BAU,REPO,BAU,0.0,2438,2025,1.15,291.9,1
153,,RE1,CF3,TL1,CQ3,CAP2,COP1,RE1_CF3_TL1_CQ3_CAP2_COP1,BAU,REPO,BAU,0.0,2439,2026,1.18,374.0,1
153,,RE1,CF3,TL1,CQ3,CAP2,COP1,RE1_CF3_TL1_CQ3_CAP2_COP1,BAU,REPO,BAU,0.0,2440,2027,1.21,456.1,1
153,,RE1,CF3,TL1,CQ3,CAP2,COP1,RE1_CF3_TL1_CQ3_CAP2_COP1,BAU,REPO,BAU,0.0,2441,2028,1.24,456.1,1
153,,RE1,CF3,TL1,CQ3,CAP2,COP1,RE1_CF3_TL1_CQ3_CAP2_COP1,BAU,REPO,BAU,0.0,2442,2029,1.27,456.1,1
153,,RE1,CF3,TL1,CQ3,CAP2,COP1,RE1_CF3_TL1_CQ3_CAP2_COP1,BAU,REPO,BAU,0.0,2443,2030,1.3,456.1,1
153,,RE1,CF3,TL1,CQ3,CAP2,COP1,RE1_CF3_TL1_CQ3_CAP2_COP1,BAU,REPO,BAU,0.0,2444,2031,1.36,456.1,1
153,,RE1,CF3,TL1,CQ3,CAP2,COP1,RE1_CF3_TL1_CQ3_CAP2_COP1,BAU,REPO,BAU,0.0,2445,2032,1.42,456.1,1
153,,RE1,CF3,TL1,CQ3,CAP2,COP1,RE1_CF3_TL1_CQ3_CAP2_COP1,BAU,REPO,BAU,0.0,2446,2033,1.48,456.1,1
153,,RE1,CF3,TL1,CQ3,CAP2,COP1,RE1_CF3_TL1_CQ3_CAP2_COP1,BAU,REPO,BAU,0.0,2447,2034,1.54,456.1,1
153,,RE1,CF3,TL1,CQ3,CAP2,COP1,RE1_CF3_TL1_CQ3_CAP2_COP1,BAU,REPO,BAU,0.0,2448,2035,1.6,456.1,1
154,,RE1,CF3,TL1,CQ3,CAP2,COP2,RE1_CF3_TL1_CQ3_CAP2_COP2,BAU,REPO,PD,0.0,2449,2020,1.0,42.85,1
154,,RE1,CF3,TL1,CQ3,CAP2,COP2,RE1_CF3_TL1_CQ3_CAP2_COP2,BAU,REPO,PD,0.0,2450,2021,1.03,42.85,1
154,,RE1,CF3,TL1,CQ3,CAP2,COP2,RE1_CF3_TL1_CQ3_CAP2_COP2,BAU,REPO,PD,0.0,2451,2022,1.06,45.61,1
154,,RE1,CF3,TL1,CQ3,CAP2,COP2,RE1_CF3_TL1_CQ3_CAP2_COP2,BAU,REPO,PD,0.0,2452,2023,1.09,127.71,1
154,,RE1,CF3,TL1,CQ3,CAP2,COP2,RE1_CF3_TL1_CQ3_CAP2_COP2,BAU,REPO,PD,0.0,2453,2024,1.12,209.81,1
154,,RE1,CF3,TL1,CQ3,CAP2,COP2,RE1_CF3_TL1_CQ3_CAP2_COP2,BAU,REPO,PD,0.0,2454,2025,1.15,291.9,1
154,,RE1,CF3,TL1,CQ3,CAP2,COP2,RE1_CF3_TL1_CQ3_CAP2_COP2,BAU,REPO,PD,0.0,2455,2026,1.18,374.0,1
154,,RE1,CF3,TL1,CQ3,CAP2,COP2,RE1_CF3_TL1_CQ3_CAP2_COP2,BAU,REPO,PD,0.0,2456,2027,1.21,456.1,1
154,,RE1,CF3,TL1,CQ3,CAP2,COP2,RE1_CF3_TL1_CQ3_CAP2_COP2,BAU,REPO,PD,0.0,2457,2028,1.24,456.1,1
154,,RE1,CF3,TL1,CQ3,CAP2,COP2,RE1_CF3_TL1_CQ3_CAP2_COP2,BAU,REPO,PD,0.0,2458,2029,1.27,456.1,1
154,,RE1,CF3,TL1,CQ3,CAP2,COP2,RE1_CF3_TL1_CQ3_CAP2_COP2,BAU,REPO,PD,0.0,2459,2030,1.3,456.1,1
154,,RE1,CF3,TL1,CQ3,CAP2,COP2,RE1_CF3_TL1_CQ3_CAP2_COP2,BAU,REPO,PD,0.0,2460,2031,1.36,456.1,1
154,,RE1,CF3,TL1,CQ3,CAP2,COP2,RE1_CF3_TL1_CQ3_CAP2_COP2,BAU,REPO,PD,0.0,2461,2032,1.42,456.1,1
154,,RE1,CF3,TL1,CQ3,CAP2,COP2,RE1_CF3_TL1_CQ3_CAP2_COP2,BAU,REPO,PD,0.0,2462,2033,1.48,456.1,1
154,,RE1,CF3,TL1,CQ3,CAP2,COP2,RE1_CF3_TL1_CQ3_CAP2_COP2,BAU,REPO,PD,0.0,2463,2034,1.54,456.1,1
154,,RE1,CF3,TL1,CQ3,CAP2,COP2,RE1_CF3_TL1_CQ3_CAP2_COP2,BAU,REPO,PD,0.0,2464,2035,1.6,456.1,1
155,,RE1,CF3,TL1,CQ4,CAP1,COP1,RE1_CF3_TL1_CQ4_CAP1_COP1,BAU,REPO_plus,BAU,0.0,2465,2020,1.0,42.85,1
155,,RE1,CF3,TL1,CQ4,CAP1,COP1,RE1_CF3_TL1_CQ4_CAP1_COP1,BAU,REPO_plus,BAU,0.0,2466,2021,1.03,42.85,1
155,,RE1,CF3,TL1,CQ4,CAP1,COP1,RE1_CF3_TL1_CQ4_CAP1_COP1,BAU,REPO_plus,BAU,0.0,2467,2022,1.06,45.61,1
155,,RE1,CF3,TL1,CQ4,CAP1,COP1,RE1_CF3_TL1_CQ4_CAP1_COP1,BAU,REPO_plus,BAU,0.0,2468,2023,1.09,62.79,1
155,,RE1,CF3,TL1,CQ4,CAP1,COP1,RE1_CF3_TL1_CQ4_CAP1_COP1,BAU,REPO_plus,BAU,0.0,2469,2024,1.12,70.36,1
155,,RE1,CF3,TL1,CQ4,CAP1,COP1,RE1_CF3_TL1_CQ4_CAP1_COP1,BAU,REPO_plus,BAU,0.0,2470,2025,1.15,80.33,1
155,,RE1,CF3,TL1,CQ4,CAP1,COP1,RE1_CF3_TL1_CQ4_CAP1_COP1,BAU,REPO_plus,BAU,0.0,2471,2026,1.18,90.3,1
155,,RE1,CF3,TL1,CQ4,CAP1,COP1,RE1_CF3_TL1_CQ4_CAP1_COP1,BAU,REPO_plus,BAU,0.0,2472,2027,1.21,100.27,1
155,,RE1,CF3,TL1,CQ4,CAP1,COP1,RE1_CF3_TL1_CQ4_CAP1_COP1,BAU,REPO_plus,BAU,0.0,2473,2028,1.24,110.24,1
155,,RE1,CF3,TL1,CQ4,CAP1,COP1,RE1_CF3_TL1_CQ4_CAP1_COP1,BAU,REPO_plus,BAU,0.0,2474,2029,1.27,120.21,1
155,,RE1,CF3,TL1,CQ4,CAP1,COP1,RE1_CF3_TL1_CQ4_CAP1_COP1,BAU,REPO_plus,BAU,0.0,2475,2030,1.3,130.18,1
155,,RE1,CF3,TL1,CQ4,CAP1,COP1,RE1_CF3_TL1_CQ4_CAP1_COP1,BAU,REPO_plus,BAU,0.0,2476,2031,1.36,137.9,1
155,,RE1,CF3,TL1,CQ4,CAP1,COP1,RE1_CF3_TL1_CQ4_CAP1_COP1,BAU,REPO_plus,BAU,0.0,2477,2032,1.42,147.31,1
155,,RE1,CF3,TL1,CQ4,CAP1,COP1,RE1_CF3_TL1_CQ4_CAP1_COP1,BAU,REPO_plus,BAU,0.0,2478,2033,1.48,156.72,1
155,,RE1,CF3,TL1,CQ4,CAP1,COP1,RE1_CF3_TL1_CQ4_CAP1_COP1,BAU,REPO_plus,BAU,0.0,2479,2034,1.54,166.13,1
155,,RE1,CF3,TL1,CQ4,CAP1,COP1,RE1_CF3_TL1_CQ4_CAP1_COP1,BAU,REPO_plus,BAU,0.0,2480,2035,1.6,175.53,1
156,,RE1,CF3,TL1,CQ4,CAP2,COP1,RE1_CF3_TL1_CQ4_CAP2_COP1,BAU,REPO_plus,BAU,0.0,2481,2020,1.0,42.85,1
156,,RE1,CF3,TL1,CQ4,CAP2,COP1,RE1_CF3_TL1_CQ4_CAP2_COP1,BAU,REPO_plus,BAU,0.0,2482,2021,1.03,42.85,1
156,,RE1,CF3,TL1,CQ4,CAP2,COP1,RE1_CF3_TL1_CQ4_CAP2_COP1,BAU,REPO_plus,BAU,0.0,2483,2022,1.06,45.61,1
156,,RE1,CF3,TL1,CQ4,CAP2,COP1,RE1_CF3_TL1_CQ4_CAP2_COP1,BAU,REPO_plus,BAU,0.0,2484,2023,1.09,127.71,1
156,,RE1,CF3,TL1,CQ4,CAP2,COP1,RE1_CF3_TL1_CQ4_CAP2_COP1,BAU,REPO_plus,BAU,0.0,2485,2024,1.12,209.81,1
156,,RE1,CF3,TL1,CQ4,CAP2,COP1,RE1_CF3_TL1_CQ4_CAP2_COP1,BAU,REPO_plus,BAU,0.0,2486,2025,1.15,291.9,1
156,,RE1,CF3,TL1,CQ4,CAP2,COP1,RE1_CF3_TL1_CQ4_CAP2_COP1,BAU,REPO_plus,BAU,0.0,2487,2026,1.18,374.0,1
156,,RE1,CF3,TL1,CQ4,CAP2,COP1,RE1_CF3_TL1_CQ4_CAP2_COP1,BAU,REPO_plus,BAU,0.0,2488,2027,1.21,456.1,1
156,,RE1,CF3,TL1,CQ4,CAP2,COP1,RE1_CF3_TL1_CQ4_CAP2_COP1,BAU,REPO_plus,BAU,0.0,2489,2028,1.24,456.1,1
156,,RE1,CF3,TL1,CQ4,CAP2,COP1,RE1_CF3_TL1_CQ4_CAP2_COP1,BAU,REPO_plus,BAU,0.0,2490,2029,1.27,456.1,1
156,,RE1,CF3,TL1,CQ4,CAP2,COP1,RE1_CF3_TL1_CQ4_CAP2_COP1,BAU,REPO_plus,BAU,0.0,2491,2030,1.3,456.1,1
156,,RE1,CF3,TL1,CQ4,CAP2,COP1,RE1_CF3_TL1_CQ4_CAP2_COP1,BAU,REPO_plus,BAU,0.0,2492,2031,1.36,456.1,1
156,,RE1,CF3,TL1,CQ4,CAP2,COP1,RE1_CF3_TL1_CQ4_CAP2_COP1,BAU,REPO_plus,BAU,0.0,2493,2032,1.42,456.1,1
156,,RE1,CF3,TL1,CQ4,CAP2,COP1,RE1_CF3_TL1_CQ4_CAP2_COP1,BAU,REPO_plus,BAU,0.0,2494,2033,1.48,456.1,1
156,,RE1,CF3,TL1,CQ4,CAP2,COP1,RE1_CF3_TL1_CQ4_CAP2_COP1,BAU,REPO_plus,BAU,0.0,2495,2034,1.54,456.1,1
156,,RE1,CF3,TL1,CQ4,CAP2,COP1,RE1_CF3_TL1_CQ4_CAP2_COP1,BAU,REPO_plus,BAU,0.0,2496,2035,1.6,456.1,1
157,,RE1,CF3,TL1,CQ4,CAP2,COP2,RE1_CF3_TL1_CQ4_CAP2_COP2,BAU,REPO_plus,PD,0.0,2497,2020,1.0,42.85,1
157,,RE1,CF3,TL1,CQ4,CAP2,COP2,RE1_CF3_TL1_CQ4_CAP2_COP2,BAU,REPO_plus,PD,0.0,2498,2021,1.03,42.85,1
157,,RE1,CF3,TL1,CQ4,CAP2,COP2,RE1_CF3_TL1_CQ4_CAP2_COP2,BAU,REPO_plus,PD,0.0,2499,2022,1.06,45.61,1
157,,RE1,CF3,TL1,CQ4,CAP2,COP2,RE1_CF3_TL1_CQ4_CAP2_COP2,BAU,REPO_plus,PD,0.0,2500,2023,1.09,127.71,1
157,,RE1,CF3,TL1,CQ4,CAP2,COP2,RE1_CF3_TL1_CQ4_CAP2_COP2,BAU,REPO_plus,PD,0.0,2501,2024,1.12,209.81,1
157,,RE1,CF3,TL1,CQ4,CAP2,COP2,RE1_CF3_TL1_CQ4_CAP2_COP2,BAU,REPO_plus,PD,0.0,2502,2025,1.15,291.9,1
157,,RE1,CF3,TL1,CQ4,CAP2,COP2,RE1_CF3_TL1_CQ4_CAP2_COP2,BAU,REPO_plus,PD,0.0,2503,2026,1.18,374.0,1
157,,RE1,CF3,TL1,CQ4,CAP2,COP2,RE1_CF3_TL1_CQ4_CAP2_COP2,BAU,REPO_plus,PD,0.0,2504,2027,1.21,456.1,1
157,,RE1,CF3,TL1,CQ4,CAP2,COP2,RE1_CF3_TL1_CQ4_CAP2_COP2,BAU,REPO_plus,PD,0.0,2505,2028,1.24,456.1,1
157,,RE1,CF3,TL1,CQ4,CAP2,COP2,RE1_CF3_TL1_CQ4_CAP2_COP2,BAU,REPO_plus,PD,0.0,2506,2029,1.27,456.1,1
157,,RE1,CF3,TL1,CQ4,CAP2,COP2,RE1_CF3_TL1_CQ4_CAP2_COP2,BAU,REPO_plus,PD,0.0,2507,2030,1.3,456.1,1
157,,RE1,CF3,TL1,CQ4,CAP2,COP2,RE1_CF3_TL1_CQ4_CAP2_COP2,BAU,REPO_plus,PD,0.0,2508,2031,1.36,456.1,1
157,,RE1,CF3,TL1,CQ4,CAP2,COP2,RE1_CF3_TL1_CQ4_CAP2_COP2,BAU,REPO_plus,PD,0.0,2509,2032,1.42,456.1,1
157,,RE1,CF3,TL1,CQ4,CAP2,COP2,RE1_CF3_TL1_CQ4_CAP2_COP2,BAU,REPO_plus,PD,0.0,2510,2033,1.48,456.1,1
157,,RE1,CF3,TL1,CQ4,CAP2,COP2,RE1_CF3_TL1_CQ4_CAP2_COP2,BAU,REPO_plus,PD,0.0,2511,2034,1.54,456.1,1
157,,RE1,CF3,TL1,CQ4,CAP2,COP2,RE1_CF3_TL1_CQ4_CAP2_COP2,BAU,REPO_plus,PD,0.0,2512,2035,1.6,456.1,1
158,,RE1,CF3,TL1,CQ5,CAP1,COP1,RE1_CF3_TL1_CQ5_CAP1_COP1,BAU,全行业配额,BAU,0.0,2513,2020,1.0,42.85,1
158,,RE1,CF3,TL1,CQ5,CAP1,COP1,RE1_CF3_TL1_CQ5_CAP1_COP1,BAU,全行业配额,BAU,0.0,2514,2021,1.03,42.85,1
158,,RE1,CF3,TL1,CQ5,CAP1,COP1,RE1_CF3_TL1_CQ5_CAP1_COP1,BAU,全行业配额,BAU,0.0,2515,2022,1.06,45.61,1
158,,RE1,CF3,TL1,CQ5,CAP1,COP1,RE1_CF3_TL1_CQ5_CAP1_COP1,BAU,全行业配额,BAU,0.0,2516,2023,1.09,62.79,1
158,,RE1,CF3,TL1,CQ5,CAP1,COP1,RE1_CF3_TL1_CQ5_CAP1_COP1,BAU,全行业配额,BAU,0.0,2517,2024,1.12,70.36,1
158,,RE1,CF3,TL1,CQ5,CAP1,COP1,RE1_CF3_TL1_CQ5_CAP1_COP1,BAU,全行业配额,BAU,0.0,2518,2025,1.15,80.33,1
158,,RE1,CF3,TL1,CQ5,CAP1,COP1,RE1_CF3_TL1_CQ5_CAP1_COP1,BAU,全行业配额,BAU,0.0,2519,2026,1.18,90.3,1
158,,RE1,CF3,TL1,CQ5,CAP1,COP1,RE1_CF3_TL1_CQ5_CAP1_COP1,BAU,全行业配额,BAU,0.0,2520,2027,1.21,100.27,1
158,,RE1,CF3,TL1,CQ5,CAP1,COP1,RE1_CF3_TL1_CQ5_CAP1_COP1,BAU,全行业配额,BAU,0.0,2521,2028,1.24,110.24,1
158,,RE1,CF3,TL1,CQ5,CAP1,COP1,RE1_CF3_TL1_CQ5_CAP1_COP1,BAU,全行业配额,BAU,0.0,2522,2029,1.27,120.21,1
158,,RE1,CF3,TL1,CQ5,CAP1,COP1,RE1_CF3_TL1_CQ5_CAP1_COP1,BAU,全行业配额,BAU,0.0,2523,2030,1.3,130.18,1
158,,RE1,CF3,TL1,CQ5,CAP1,COP1,RE1_CF3_TL1_CQ5_CAP1_COP1,BAU,全行业配额,BAU,0.0,2524,2031,1.36,137.9,1
158,,RE1,CF3,TL1,CQ5,CAP1,COP1,RE1_CF3_TL1_CQ5_CAP1_COP1,BAU,全行业配额,BAU,0.0,2525,2032,1.42,147.31,1
158,,RE1,CF3,TL1,CQ5,CAP1,COP1,RE1_CF3_TL1_CQ5_CAP1_COP1,BAU,全行业配额,BAU,0.0,2526,2033,1.48,156.72,1
158,,RE1,CF3,TL1,CQ5,CAP1,COP1,RE1_CF3_TL1_CQ5_CAP1_COP1,BAU,全行业配额,BAU,0.0,2527,2034,1.54,166.13,1
158,,RE1,CF3,TL1,CQ5,CAP1,COP1,RE1_CF3_TL1_CQ5_CAP1_COP1,BAU,全行业配额,BAU,0.0,2528,2035,1.6,175.53,1
159,,RE1,CF3,TL1,CQ5,CAP2,COP1,RE1_CF3_TL1_CQ5_CAP2_COP1,BAU,全行业配额,BAU,0.0,2529,2020,1.0,42.85,1
159,,RE1,CF3,TL1,CQ5,CAP2,COP1,RE1_CF3_TL1_CQ5_CAP2_COP1,BAU,全行业配额,BAU,0.0,2530,2021,1.03,42.85,1
159,,RE1,CF3,TL1,CQ5,CAP2,COP1,RE1_CF3_TL1_CQ5_CAP2_COP1,BAU,全行业配额,BAU,0.0,2531,2022,1.06,45.61,1
159,,RE1,CF3,TL1,CQ5,CAP2,COP1,RE1_CF3_TL1_CQ5_CAP2_COP1,BAU,全行业配额,BAU,0.0,2532,2023,1.09,127.71,1
159,,RE1,CF3,TL1,CQ5,CAP2,COP1,RE1_CF3_TL1_CQ5_CAP2_COP1,BAU,全行业配额,BAU,0.0,2533,2024,1.12,209.81,1
159,,RE1,CF3,TL1,CQ5,CAP2,COP1,RE1_CF3_TL1_CQ5_CAP2_COP1,BAU,全行业配额,BAU,0.0,2534,2025,1.15,291.9,1
159,,RE1,CF3,TL1,CQ5,CAP2,COP1,RE1_CF3_TL1_CQ5_CAP2_COP1,BAU,全行业配额,BAU,0.0,2535,2026,1.18,374.0,1
159,,RE1,CF3,TL1,CQ5,CAP2,COP1,RE1_CF3_TL1_CQ5_CAP2_COP1,BAU,全行业配额,BAU,0.0,2536,2027,1.21,456.1,1
159,,RE1,CF3,TL1,CQ5,CAP2,COP1,RE1_CF3_TL1_CQ5_CAP2_COP1,BAU,全行业配额,BAU,0.0,2537,2028,1.24,456.1,1
159,,RE1,CF3,TL1,CQ5,CAP2,COP1,RE1_CF3_TL1_CQ5_CAP2_COP1,BAU,全行业配额,BAU,0.0,2538,2029,1.27,456.1,1
159,,RE1,CF3,TL1,CQ5,CAP2,COP1,RE1_CF3_TL1_CQ5_CAP2_COP1,BAU,全行业配额,BAU,0.0,2539,2030,1.3,456.1,1
159,,RE1,CF3,TL1,CQ5,CAP2,COP1,RE1_CF3_TL1_CQ5_CAP2_COP1,BAU,全行业配额,BAU,0.0,2540,2031,1.36,456.1,1
159,,RE1,CF3,TL1,CQ5,CAP2,COP1,RE1_CF3_TL1_CQ5_CAP2_COP1,BAU,全行业配额,BAU,0.0,2541,2032,1.42,456.1,1
159,,RE1,CF3,TL1,CQ5,CAP2,COP1,RE1_CF3_TL1_CQ5_CAP2_COP1,BAU,全行业配额,BAU,0.0,2542,2033,1.48,456.1,1
159,,RE1,CF3,TL1,CQ5,CAP2,COP1,RE1_CF3_TL1_CQ5_CAP2_COP1,BAU,全行业配额,BAU,0.0,2543,2034,1.54,456.1,1
159,,RE1,CF3,TL1,CQ5,CAP2,COP1,RE1_CF3_TL1_CQ5_CAP2_COP1,BAU,全行业配额,BAU,0.0,2544,2035,1.6,456.1,1
160,,RE1,CF3,TL1,CQ5,CAP2,COP2,RE1_CF3_TL1_CQ5_CAP2_COP2,BAU,全行业配额,PD,0.0,2545,2020,1.0,42.85,1
160,,RE1,CF3,TL1,CQ5,CAP2,COP2,RE1_CF3_TL1_CQ5_CAP2_COP2,BAU,全行业配额,PD,0.0,2546,2021,1.03,42.85,1
160,,RE1,CF3,TL1,CQ5,CAP2,COP2,RE1_CF3_TL1_CQ5_CAP2_COP2,BAU,全行业配额,PD,0.0,2547,2022,1.06,45.61,1
160,,RE1,CF3,TL1,CQ5,CAP2,COP2,RE1_CF3_TL1_CQ5_CAP2_COP2,BAU,全行业配额,PD,0.0,2548,2023,1.09,127.71,1
160,,RE1,CF3,TL1,CQ5,CAP2,COP2,RE1_CF3_TL1_CQ5_CAP2_COP2,BAU,全行业配额,PD,0.0,2549,2024,1.12,209.81,1
160,,RE1,CF3,TL1,CQ5,CAP2,COP2,RE1_CF3_TL1_CQ5_CAP2_COP2,BAU,全行业配额,PD,0.0,2550,2025,1.15,291.9,1
160,,RE1,CF3,TL1,CQ5,CAP2,COP2,RE1_CF3_TL1_CQ5_CAP2_COP2,BAU,全行业配额,PD,0.0,2551,2026,1.18,374.0,1
160,,RE1,CF3,TL1,CQ5,CAP2,COP2,RE1_CF3_TL1_CQ5_CAP2_COP2,BAU,全行业配额,PD,0.0,2552,2027,1.21,456.1,1
160,,RE1,CF3,TL1,CQ5,CAP2,COP2,RE1_CF3_TL1_CQ5_CAP2_COP2,BAU,全行业配额,PD,0.0,2553,2028,1.24,456.1,1
160,,RE1,CF3,TL1,CQ5,CAP2,COP2,RE1_CF3_TL1_CQ5_CAP2_COP2,BAU,全行业配额,PD,0.0,2554,2029,1.27,456.1,1
160,,RE1,CF3,TL1,CQ5,CAP2,COP2,RE1_CF3_TL1_CQ5_CAP2_COP2,BAU,全行业配额,PD,0.0,2555,2030,1.3,456.1,1
160,,RE1,CF3,TL1,CQ5,CAP2,COP2,RE1_CF3_TL1_CQ5_CAP2_COP2,BAU,全行业配额,PD,0.0,2556,2031,1.36,456.1,1
160,,RE1,CF3,TL1,CQ5,CAP2,COP2,RE1_CF3_TL1_CQ5_CAP2_COP2,BAU,全行业配额,PD,0.0,2557,2032,1.42,456.1,1
160,,RE1,CF3,TL1,CQ5,CAP2,COP2,RE1_CF3_TL1_CQ5_CAP2_COP2,BAU,全行业配额,PD,0.0,2558,2033,1.48,456.1,1
160,,RE1,CF3,TL1,CQ5,CAP2,COP2,RE1_CF3_TL1_CQ5_CAP2_COP2,BAU,全行业配额,PD,0.0,2559,2034,1.54,456.1,1
160,,RE1,CF3,TL1,CQ5,CAP2,COP2,RE1_CF3_TL1_CQ5_CAP2_COP2,BAU,全行业配额,PD,0.0,2560,2035,1.6,456.1,1
161,,RE1,CF3,TL1,CQ6,CAP1,COP1,RE1_CF3_TL1_CQ6_CAP1_COP1,BAU,电力配额,BAU,0.0,2561,2020,1.0,42.85,1
161,,RE1,CF3,TL1,CQ6,CAP1,COP1,RE1_CF3_TL1_CQ6_CAP1_COP1,BAU,电力配额,BAU,0.0,2562,2021,1.03,42.85,1
161,,RE1,CF3,TL1,CQ6,CAP1,COP1,RE1_CF3_TL1_CQ6_CAP1_COP1,BAU,电力配额,BAU,0.0,2563,2022,1.06,45.61,1
161,,RE1,CF3,TL1,CQ6,CAP1,COP1,RE1_CF3_TL1_CQ6_CAP1_COP1,BAU,电力配额,BAU,0.0,2564,2023,1.09,62.79,1
161,,RE1,CF3,TL1,CQ6,CAP1,COP1,RE1_CF3_TL1_CQ6_CAP1_COP1,BAU,电力配额,BAU,0.0,2565,2024,1.12,70.36,1
161,,RE1,CF3,TL1,CQ6,CAP1,COP1,RE1_CF3_TL1_CQ6_CAP1_COP1,BAU,电力配额,BAU,0.0,2566,2025,1.15,80.33,1
161,,RE1,CF3,TL1,CQ6,CAP1,COP1,RE1_CF3_TL1_CQ6_CAP1_COP1,BAU,电力配额,BAU,0.0,2567,2026,1.18,90.3,1
161,,RE1,CF3,TL1,CQ6,CAP1,COP1,RE1_CF3_TL1_CQ6_CAP1_COP1,BAU,电力配额,BAU,0.0,2568,2027,1.21,100.27,1
161,,RE1,CF3,TL1,CQ6,CAP1,COP1,RE1_CF3_TL1_CQ6_CAP1_COP1,BAU,电力配额,BAU,0.0,2569,2028,1.24,110.24,1
161,,RE1,CF3,TL1,CQ6,CAP1,COP1,RE1_CF3_TL1_CQ6_CAP1_COP1,BAU,电力配额,BAU,0.0,2570,2029,1.27,120.21,1
161,,RE1,CF3,TL1,CQ6,CAP1,COP1,RE1_CF3_TL1_CQ6_CAP1_COP1,BAU,电力配额,BAU,0.0,2571,2030,1.3,130.18,1
161,,RE1,CF3,TL1,CQ6,CAP1,COP1,RE1_CF3_TL1_CQ6_CAP1_COP1,BAU,电力配额,BAU,0.0,2572,2031,1.36,137.9,1
161,,RE1,CF3,TL1,CQ6,CAP1,COP1,RE1_CF3_TL1_CQ6_CAP1_COP1,BAU,电力配额,BAU,0.0,2573,2032,1.42,147.31,1
161,,RE1,CF3,TL1,CQ6,CAP1,COP1,RE1_CF3_TL1_CQ6_CAP1_COP1,BAU,电力配额,BAU,0.0,2574,2033,1.48,156.72,1
161,,RE1,CF3,TL1,CQ6,CAP1,COP1,RE1_CF3_TL1_CQ6_CAP1_COP1,BAU,电力配额,BAU,0.0,2575,2034,1.54,166.13,1
161,,RE1,CF3,TL1,CQ6,CAP1,COP1,RE1_CF3_TL1_CQ6_CAP1_COP1,BAU,电力配额,BAU,0.0,2576,2035,1.6,175.53,1
162,,RE1,CF3,TL1,CQ6,CAP1,COP2,RE1_CF3_TL1_CQ6_CAP1_COP2,BAU,电力配额,PD,0.0,2577,2020,1.0,42.85,1
162,,RE1,CF3,TL1,CQ6,CAP1,COP2,RE1_CF3_TL1_CQ6_CAP1_COP2,BAU,电力配额,PD,0.0,2578,2021,1.03,42.85,1
162,,RE1,CF3,TL1,CQ6,CAP1,COP2,RE1_CF3_TL1_CQ6_CAP1_COP2,BAU,电力配额,PD,0.0,2579,2022,1.06,45.61,1
162,,RE1,CF3,TL1,CQ6,CAP1,COP2,RE1_CF3_TL1_CQ6_CAP1_COP2,BAU,电力配额,PD,0.0,2580,2023,1.09,62.79,1
162,,RE1,CF3,TL1,CQ6,CAP1,COP2,RE1_CF3_TL1_CQ6_CAP1_COP2,BAU,电力配额,PD,0.0,2581,2024,1.12,70.36,1
162,,RE1,CF3,TL1,CQ6,CAP1,COP2,RE1_CF3_TL1_CQ6_CAP1_COP2,BAU,电力配额,PD,0.0,2582,2025,1.15,80.33,1
162,,RE1,CF3,TL1,CQ6,CAP1,COP2,RE1_CF3_TL1_CQ6_CAP1_COP2,BAU,电力配额,PD,0.0,2583,2026,1.18,90.3,1
162,,RE1,CF3,TL1,CQ6,CAP1,COP2,RE1_CF3_TL1_CQ6_CAP1_COP2,BAU,电力配额,PD,0.0,2584,2027,1.21,100.27,1
162,,RE1,CF3,TL1,CQ6,CAP1,COP2,RE1_CF3_TL1_CQ6_CAP1_COP2,BAU,电力配额,PD,0.0,2585,2028,1.24,110.24,1
162,,RE1,CF3,TL1,CQ6,CAP1,COP2,RE1_CF3_TL1_CQ6_CAP1_COP2,BAU,电力配额,PD,0.0,2586,2029,1.27,120.21,1
162,,RE1,CF3,TL1,CQ6,CAP1,COP2,RE1_CF3_TL1_CQ6_CAP1_COP2,BAU,电力配额,PD,0.0,2587,2030,1.3,130.18,1
162,,RE1,CF3,TL1,CQ6,CAP1,COP2,RE1_CF3_TL1_CQ6_CAP1_COP2,BAU,电力配额,PD,0.0,2588,2031,1.36,137.9,1
162,,RE1,CF3,TL1,CQ6,CAP1,COP2,RE1_CF3_TL1_CQ6_CAP1_COP2,BAU,电力配额,PD,0.0,2589,2032,1.42,147.31,1
162,,RE1,CF3,TL1,CQ6,CAP1,COP2,RE1_CF3_TL1_CQ6_CAP1_COP2,BAU,电力配额,PD,0.0,2590,2033,1.48,156.72,1
162,,RE1,CF3,TL1,CQ6,CAP1,COP2,RE1_CF3_TL1_CQ6_CAP1_COP2,BAU,电力配额,PD,0.0,2591,2034,1.54,166.13,1
162,,RE1,CF3,TL1,CQ6,CAP1,COP2,RE1_CF3_TL1_CQ6_CAP1_COP2,BAU,电力配额,PD,0.0,2592,2035,1.6,175.53,1
163,,RE1,CF3,TL1,CQ6,CAP2,COP1,RE1_CF3_TL1_CQ6_CAP2_COP1,BAU,电力配额,BAU,0.0,2593,2020,1.0,42.85,1
163,,RE1,CF3,TL1,CQ6,CAP2,COP1,RE1_CF3_TL1_CQ6_CAP2_COP1,BAU,电力配额,BAU,0.0,2594,2021,1.03,42.85,1
163,,RE1,CF3,TL1,CQ6,CAP2,COP1,RE1_CF3_TL1_CQ6_CAP2_COP1,BAU,电力配额,BAU,0.0,2595,2022,1.06,45.61,1
163,,RE1,CF3,TL1,CQ6,CAP2,COP1,RE1_CF3_TL1_CQ6_CAP2_COP1,BAU,电力配额,BAU,0.0,2596,2023,1.09,127.71,1
163,,RE1,CF3,TL1,CQ6,CAP2,COP1,RE1_CF3_TL1_CQ6_CAP2_COP1,BAU,电力配额,BAU,0.0,2597,2024,1.12,209.81,1
163,,RE1,CF3,TL1,CQ6,CAP2,COP1,RE1_CF3_TL1_CQ6_CAP2_COP1,BAU,电力配额,BAU,0.0,2598,2025,1.15,291.9,1
163,,RE1,CF3,TL1,CQ6,CAP2,COP1,RE1_CF3_TL1_CQ6_CAP2_COP1,BAU,电力配额,BAU,0.0,2599,2026,1.18,374.0,1
163,,RE1,CF3,TL1,CQ6,CAP2,COP1,RE1_CF3_TL1_CQ6_CAP2_COP1,BAU,电力配额,BAU,0.0,2600,2027,1.21,456.1,1
163,,RE1,CF3,TL1,CQ6,CAP2,COP1,RE1_CF3_TL1_CQ6_CAP2_COP1,BAU,电力配额,BAU,0.0,2601,2028,1.24,456.1,1
163,,RE1,CF3,TL1,CQ6,CAP2,COP1,RE1_CF3_TL1_CQ6_CAP2_COP1,BAU,电力配额,BAU,0.0,2602,2029,1.27,456.1,1
163,,RE1,CF3,TL1,CQ6,CAP2,COP1,RE1_CF3_TL1_CQ6_CAP2_COP1,BAU,电力配额,BAU,0.0,2603,2030,1.3,456.1,1
163,,RE1,CF3,TL1,CQ6,CAP2,COP1,RE1_CF3_TL1_CQ6_CAP2_COP1,BAU,电力配额,BAU,0.0,2604,2031,1.36,456.1,1
163,,RE1,CF3,TL1,CQ6,CAP2,COP1,RE1_CF3_TL1_CQ6_CAP2_COP1,BAU,电力配额,BAU,0.0,2605,2032,1.42,456.1,1
163,,RE1,CF3,TL1,CQ6,CAP2,COP1,RE1_CF3_TL1_CQ6_CAP2_COP1,BAU,电力配额,BAU,0.0,2606,2033,1.48,456.1,1
163,,RE1,CF3,TL1,CQ6,CAP2,COP1,RE1_CF3_TL1_CQ6_CAP2_COP1,BAU,电力配额,BAU,0.0,2607,2034,1.54,456.1,1
163,,RE1,CF3,TL1,CQ6,CAP2,COP1,RE1_CF3_TL1_CQ6_CAP2_COP1,BAU,电力配额,BAU,0.0,2608,2035,1.6,456.1,1
164,,RE1,CF3,TL2,CQ1,CAP1,COP1,RE1_CF3_TL2_CQ1_CAP1_COP1,BAU,无配额,BAU,0.0,2609,2020,1.0,0.0,0
164,,RE1,CF3,TL2,CQ1,CAP1,COP1,RE1_CF3_TL2_CQ1_CAP1_COP1,BAU,无配额,BAU,0.0,2610,2021,1.1,0.0,0
164,,RE1,CF3,TL2,CQ1,CAP1,COP1,RE1_CF3_TL2_CQ1_CAP1_COP1,BAU,无配额,BAU,0.0,2611,2022,1.2,0.0,0
164,,RE1,CF3,TL2,CQ1,CAP1,COP1,RE1_CF3_TL2_CQ1_CAP1_COP1,BAU,无配额,BAU,0.0,2612,2023,1.3,0.0,0
164,,RE1,CF3,TL2,CQ1,CAP1,COP1,RE1_CF3_TL2_CQ1_CAP1_COP1,BAU,无配额,BAU,0.0,2613,2024,1.4,0.0,0
164,,RE1,CF3,TL2,CQ1,CAP1,COP1,RE1_CF3_TL2_CQ1_CAP1_COP1,BAU,无配额,BAU,0.0,2614,2025,1.5,0.0,0
164,,RE1,CF3,TL2,CQ1,CAP1,COP1,RE1_CF3_TL2_CQ1_CAP1_COP1,BAU,无配额,BAU,0.0,2615,2026,1.6,0.0,0
164,,RE1,CF3,TL2,CQ1,CAP1,COP1,RE1_CF3_TL2_CQ1_CAP1_COP1,BAU,无配额,BAU,0.0,2616,2027,1.7,0.0,0
164,,RE1,CF3,TL2,CQ1,CAP1,COP1,RE1_CF3_TL2_CQ1_CAP1_COP1,BAU,无配额,BAU,0.0,2617,2028,1.8,0.0,0
164,,RE1,CF3,TL2,CQ1,CAP1,COP1,RE1_CF3_TL2_CQ1_CAP1_COP1,BAU,无配额,BAU,0.0,2618,2029,1.9,0.0,0
164,,RE1,CF3,TL2,CQ1,CAP1,COP1,RE1_CF3_TL2_CQ1_CAP1_COP1,BAU,无配额,BAU,0.0,2619,2030,2.0,0.0,0
164,,RE1,CF3,TL2,CQ1,CAP1,COP1,RE1_CF3_TL2_CQ1_CAP1_COP1,BAU,无配额,BAU,0.0,2620,2031,2.1,0.0,0
164,,RE1,CF3,TL2,CQ1,CAP1,COP1,RE1_CF3_TL2_CQ1_CAP1_COP1,BAU,无配额,BAU,0.0,2621,2032,2.2,0.0,0
164,,RE1,CF3,TL2,CQ1,CAP1,COP1,RE1_CF3_TL2_CQ1_CAP1_COP1,BAU,无配额,BAU,0.0,2622,2033,2.3,0.0,0
164,,RE1,CF3,TL2,CQ1,CAP1,COP1,RE1_CF3_TL2_CQ1_CAP1_COP1,BAU,无配额,BAU,0.0,2623,2034,2.4,0.0,0
164,,RE1,CF3,TL2,CQ1,CAP1,COP1,RE1_CF3_TL2_CQ1_CAP1_COP1,BAU,无配额,BAU,0.0,2624,2035,2.5,0.0,0
165,,RE1,CF3,TL2,CQ1,CAP2,COP2,RE1_CF3_TL2_CQ1_CAP2_COP2,BAU,无配额,PD,0.0,2625,2020,1.0,0.0,0
165,,RE1,CF3,TL2,CQ1,CAP2,COP2,RE1_CF3_TL2_CQ1_CAP2_COP2,BAU,无配额,PD,0.0,2626,2021,1.1,0.0,0
165,,RE1,CF3,TL2,CQ1,CAP2,COP2,RE1_CF3_TL2_CQ1_CAP2_COP2,BAU,无配额,PD,0.0,2627,2022,1.2,0.0,0
165,,RE1,CF3,TL2,CQ1,CAP2,COP2,RE1_CF3_TL2_CQ1_CAP2_COP2,BAU,无配额,PD,0.0,2628,2023,1.3,0.0,0
165,,RE1,CF3,TL2,CQ1,CAP2,COP2,RE1_CF3_TL2_CQ1_CAP2_COP2,BAU,无配额,PD,0.0,2629,2024,1.4,0.0,0
165,,RE1,CF3,TL2,CQ1,CAP2,COP2,RE1_CF3_TL2_CQ1_CAP2_COP2,BAU,无配额,PD,0.0,2630,2025,1.5,0.0,0
165,,RE1,CF3,TL2,CQ1,CAP2,COP2,RE1_CF3_TL2_CQ1_CAP2_COP2,BAU,无配额,PD,0.0,2631,2026,1.6,0.0,0
165,,RE1,CF3,TL2,CQ1,CAP2,COP2,RE1_CF3_TL2_CQ1_CAP2_COP2,BAU,无配额,PD,0.0,2632,2027,1.7,0.0,0
165,,RE1,CF3,TL2,CQ1,CAP2,COP2,RE1_CF3_TL2_CQ1_CAP2_COP2,BAU,无配额,PD,0.0,2633,2028,1.8,0.0,0
165,,RE1,CF3,TL2,CQ1,CAP2,COP2,RE1_CF3_TL2_CQ1_CAP2_COP2,BAU,无配额,PD,0.0,2634,2029,1.9,0.0,0
165,,RE1,CF3,TL2,CQ1,CAP2,COP2,RE1_CF3_TL2_CQ1_CAP2_COP2,BAU,无配额,PD,0.0,2635,2030,2.0,0.0,0
165,,RE1,CF3,TL2,CQ1,CAP2,COP2,RE1_CF3_TL2_CQ1_CAP2_COP2,BAU,无配额,PD,0.0,2636,2031,2.1,0.0,0
165,,RE1,CF3,TL2,CQ1,CAP2,COP2,RE1_CF3_TL2_CQ1_CAP2_COP2,BAU,无配额,PD,0.0,2637,2032,2.2,0.0,0
165,,RE1,CF3,TL2,CQ1,CAP2,COP2,RE1_CF3_TL2_CQ1_CAP2_COP2,BAU,无配额,PD,0.0,2638,2033,2.3,0.0,0
165,,RE1,CF3,TL2,CQ1,CAP2,COP2,RE1_CF3_TL2_CQ1_CAP2_COP2,BAU,无配额,PD,0.0,2639,2034,2.4,0.0,0
165,,RE1,CF3,TL2,CQ1,CAP2,COP2,RE1_CF3_TL2_CQ1_CAP2_COP2,BAU,无配额,PD,0.0,2640,2035,2.5,0.0,0
166,,RE1,CF3,TL2,CQ2,CAP1,COP1,RE1_CF3_TL2_CQ2_CAP1_COP1,BAU,基准不变,BAU,0.0,2641,2020,1.0,42.85,1
166,,RE1,CF3,TL2,CQ2,CAP1,COP1,RE1_CF3_TL2_CQ2_CAP1_COP1,BAU,基准不变,BAU,0.0,2642,2021,1.1,42.85,1
166,,RE1,CF3,TL2,CQ2,CAP1,COP1,RE1_CF3_TL2_CQ2_CAP1_COP1,BAU,基准不变,BAU,0.0,2643,2022,1.2,45.61,1
166,,RE1,CF3,TL2,CQ2,CAP1,COP1,RE1_CF3_TL2_CQ2_CAP1_COP1,BAU,基准不变,BAU,0.0,2644,2023,1.3,62.79,1
166,,RE1,CF3,TL2,CQ2,CAP1,COP1,RE1_CF3_TL2_CQ2_CAP1_COP1,BAU,基准不变,BAU,0.0,2645,2024,1.4,70.36,1
166,,RE1,CF3,TL2,CQ2,CAP1,COP1,RE1_CF3_TL2_CQ2_CAP1_COP1,BAU,基准不变,BAU,0.0,2646,2025,1.5,80.33,1
166,,RE1,CF3,TL2,CQ2,CAP1,COP1,RE1_CF3_TL2_CQ2_CAP1_COP1,BAU,基准不变,BAU,0.0,2647,2026,1.6,90.3,1
166,,RE1,CF3,TL2,CQ2,CAP1,COP1,RE1_CF3_TL2_CQ2_CAP1_COP1,BAU,基准不变,BAU,0.0,2648,2027,1.7,100.27,1
166,,RE1,CF3,TL2,CQ2,CAP1,COP1,RE1_CF3_TL2_CQ2_CAP1_COP1,BAU,基准不变,BAU,0.0,2649,2028,1.8,110.24,1
166,,RE1,CF3,TL2,CQ2,CAP1,COP1,RE1_CF3_TL2_CQ2_CAP1_COP1,BAU,基准不变,BAU,0.0,2650,2029,1.9,120.21,1
166,,RE1,CF3,TL2,CQ2,CAP1,COP1,RE1_CF3_TL2_CQ2_CAP1_COP1,BAU,基准不变,BAU,0.0,2651,2030,2.0,130.18,1
166,,RE1,CF3,TL2,CQ2,CAP1,COP1,RE1_CF3_TL2_CQ2_CAP1_COP1,BAU,基准不变,BAU,0.0,2652,2031,2.1,137.9,1
166,,RE1,CF3,TL2,CQ2,CAP1,COP1,RE1_CF3_TL2_CQ2_CAP1_COP1,BAU,基准不变,BAU,0.0,2653,2032,2.2,147.31,1
166,,RE1,CF3,TL2,CQ2,CAP1,COP1,RE1_CF3_TL2_CQ2_CAP1_COP1,BAU,基准不变,BAU,0.0,2654,2033,2.3,156.72,1
166,,RE1,CF3,TL2,CQ2,CAP1,COP1,RE1_CF3_TL2_CQ2_CAP1_COP1,BAU,基准不变,BAU,0.0,2655,2034,2.4,166.13,1
166,,RE1,CF3,TL2,CQ2,CAP1,COP1,RE1_CF3_TL2_CQ2_CAP1_COP1,BAU,基准不变,BAU,0.0,2656,2035,2.5,175.53,1
167,,RE1,CF3,TL2,CQ2,CAP1,COP2,RE1_CF3_TL2_CQ2_CAP1_COP2,BAU,基准不变,PD,0.0,2657,2020,1.0,42.85,1
167,,RE1,CF3,TL2,CQ2,CAP1,COP2,RE1_CF3_TL2_CQ2_CAP1_COP2,BAU,基准不变,PD,0.0,2658,2021,1.1,42.85,1
167,,RE1,CF3,TL2,CQ2,CAP1,COP2,RE1_CF3_TL2_CQ2_CAP1_COP2,BAU,基准不变,PD,0.0,2659,2022,1.2,45.61,1
167,,RE1,CF3,TL2,CQ2,CAP1,COP2,RE1_CF3_TL2_CQ2_CAP1_COP2,BAU,基准不变,PD,0.0,2660,2023,1.3,62.79,1
167,,RE1,CF3,TL2,CQ2,CAP1,COP2,RE1_CF3_TL2_CQ2_CAP1_COP2,BAU,基准不变,PD,0.0,2661,2024,1.4,70.36,1
167,,RE1,CF3,TL2,CQ2,CAP1,COP2,RE1_CF3_TL2_CQ2_CAP1_COP2,BAU,基准不变,PD,0.0,2662,2025,1.5,80.33,1
167,,RE1,CF3,TL2,CQ2,CAP1,COP2,RE1_CF3_TL2_CQ2_CAP1_COP2,BAU,基准不变,PD,0.0,2663,2026,1.6,90.3,1
167,,RE1,CF3,TL2,CQ2,CAP1,COP2,RE1_CF3_TL2_CQ2_CAP1_COP2,BAU,基准不变,PD,0.0,2664,2027,1.7,100.27,1
167,,RE1,CF3,TL2,CQ2,CAP1,COP2,RE1_CF3_TL2_CQ2_CAP1_COP2,BAU,基准不变,PD,0.0,2665,2028,1.8,110.24,1
167,,RE1,CF3,TL2,CQ2,CAP1,COP2,RE1_CF3_TL2_CQ2_CAP1_COP2,BAU,基准不变,PD,0.0,2666,2029,1.9,120.21,1
167,,RE1,CF3,TL2,CQ2,CAP1,COP2,RE1_CF3_TL2_CQ2_CAP1_COP2,BAU,基准不变,PD,0.0,2667,2030,2.0,130.18,1
167,,RE1,CF3,TL2,CQ2,CAP1,COP2,RE1_CF3_TL2_CQ2_CAP1_COP2,BAU,基准不变,PD,0.0,2668,2031,2.1,137.9,1
167,,RE1,CF3,TL2,CQ2,CAP1,COP2,RE1_CF3_TL2_CQ2_CAP1_COP2,BAU,基准不变,PD,0.0,2669,2032,2.2,147.31,1
167,,RE1,CF3,TL2,CQ2,CAP1,COP2,RE1_CF3_TL2_CQ2_CAP1_COP2,BAU,基准不变,PD,0.0,2670,2033,2.3,156.72,1
167,,RE1,CF3,TL2,CQ2,CAP1,COP2,RE1_CF3_TL2_CQ2_CAP1_COP2,BAU,基准不变,PD,0.0,2671,2034,2.4,166.13,1
167,,RE1,CF3,TL2,CQ2,CAP1,COP2,RE1_CF3_TL2_CQ2_CAP1_COP2,BAU,基准不变,PD,0.0,2672,2035,2.5,175.53,1
168,,RE1,CF3,TL2,CQ2,CAP2,COP1,RE1_CF3_TL2_CQ2_CAP2_COP1,BAU,基准不变,BAU,0.0,2673,2020,1.0,42.85,1
168,,RE1,CF3,TL2,CQ2,CAP2,COP1,RE1_CF3_TL2_CQ2_CAP2_COP1,BAU,基准不变,BAU,0.0,2674,2021,1.1,42.85,1
168,,RE1,CF3,TL2,CQ2,CAP2,COP1,RE1_CF3_TL2_CQ2_CAP2_COP1,BAU,基准不变,BAU,0.0,2675,2022,1.2,45.61,1
168,,RE1,CF3,TL2,CQ2,CAP2,COP1,RE1_CF3_TL2_CQ2_CAP2_COP1,BAU,基准不变,BAU,0.0,2676,2023,1.3,127.71,1
168,,RE1,CF3,TL2,CQ2,CAP2,COP1,RE1_CF3_TL2_CQ2_CAP2_COP1,BAU,基准不变,BAU,0.0,2677,2024,1.4,209.81,1
168,,RE1,CF3,TL2,CQ2,CAP2,COP1,RE1_CF3_TL2_CQ2_CAP2_COP1,BAU,基准不变,BAU,0.0,2678,2025,1.5,291.9,1
168,,RE1,CF3,TL2,CQ2,CAP2,COP1,RE1_CF3_TL2_CQ2_CAP2_COP1,BAU,基准不变,BAU,0.0,2679,2026,1.6,374.0,1
168,,RE1,CF3,TL2,CQ2,CAP2,COP1,RE1_CF3_TL2_CQ2_CAP2_COP1,BAU,基准不变,BAU,0.0,2680,2027,1.7,456.1,1
168,,RE1,CF3,TL2,CQ2,CAP2,COP1,RE1_CF3_TL2_CQ2_CAP2_COP1,BAU,基准不变,BAU,0.0,2681,2028,1.8,456.1,1
168,,RE1,CF3,TL2,CQ2,CAP2,COP1,RE1_CF3_TL2_CQ2_CAP2_COP1,BAU,基准不变,BAU,0.0,2682,2029,1.9,456.1,1
168,,RE1,CF3,TL2,CQ2,CAP2,COP1,RE1_CF3_TL2_CQ2_CAP2_COP1,BAU,基准不变,BAU,0.0,2683,2030,2.0,456.1,1
168,,RE1,CF3,TL2,CQ2,CAP2,COP1,RE1_CF3_TL2_CQ2_CAP2_COP1,BAU,基准不变,BAU,0.0,2684,2031,2.1,456.1,1
168,,RE1,CF3,TL2,CQ2,CAP2,COP1,RE1_CF3_TL2_CQ2_CAP2_COP1,BAU,基准不变,BAU,0.0,2685,2032,2.2,456.1,1
168,,RE1,CF3,TL2,CQ2,CAP2,COP1,RE1_CF3_TL2_CQ2_CAP2_COP1,BAU,基准不变,BAU,0.0,2686,2033,2.3,456.1,1
168,,RE1,CF3,TL2,CQ2,CAP2,COP1,RE1_CF3_TL2_CQ2_CAP2_COP1,BAU,基准不变,BAU,0.0,2687,2034,2.4,456.1,1
168,,RE1,CF3,TL2,CQ2,CAP2,COP1,RE1_CF3_TL2_CQ2_CAP2_COP1,BAU,基准不变,BAU,0.0,2688,2035,2.5,456.1,1
169,,RE1,CF3,TL2,CQ3,CAP1,COP1,RE1_CF3_TL2_CQ3_CAP1_COP1,BAU,REPO,BAU,0.0,2689,2020,1.0,42.85,1
169,,RE1,CF3,TL2,CQ3,CAP1,COP1,RE1_CF3_TL2_CQ3_CAP1_COP1,BAU,REPO,BAU,0.0,2690,2021,1.1,42.85,1
169,,RE1,CF3,TL2,CQ3,CAP1,COP1,RE1_CF3_TL2_CQ3_CAP1_COP1,BAU,REPO,BAU,0.0,2691,2022,1.2,45.61,1
169,,RE1,CF3,TL2,CQ3,CAP1,COP1,RE1_CF3_TL2_CQ3_CAP1_COP1,BAU,REPO,BAU,0.0,2692,2023,1.3,62.79,1
169,,RE1,CF3,TL2,CQ3,CAP1,COP1,RE1_CF3_TL2_CQ3_CAP1_COP1,BAU,REPO,BAU,0.0,2693,2024,1.4,70.36,1
169,,RE1,CF3,TL2,CQ3,CAP1,COP1,RE1_CF3_TL2_CQ3_CAP1_COP1,BAU,REPO,BAU,0.0,2694,2025,1.5,80.33,1
169,,RE1,CF3,TL2,CQ3,CAP1,COP1,RE1_CF3_TL2_CQ3_CAP1_COP1,BAU,REPO,BAU,0.0,2695,2026,1.6,90.3,1
169,,RE1,CF3,TL2,CQ3,CAP1,COP1,RE1_CF3_TL2_CQ3_CAP1_COP1,BAU,REPO,BAU,0.0,2696,2027,1.7,100.27,1
169,,RE1,CF3,TL2,CQ3,CAP1,COP1,RE1_CF3_TL2_CQ3_CAP1_COP1,BAU,REPO,BAU,0.0,2697,2028,1.8,110.24,1
169,,RE1,CF3,TL2,CQ3,CAP1,COP1,RE1_CF3_TL2_CQ3_CAP1_COP1,BAU,REPO,BAU,0.0,2698,2029,1.9,120.21,1
169,,RE1,CF3,TL2,CQ3,CAP1,COP1,RE1_CF3_TL2_CQ3_CAP1_COP1,BAU,REPO,BAU,0.0,2699,2030,2.0,130.18,1
169,,RE1,CF3,TL2,CQ3,CAP1,COP1,RE1_CF3_TL2_CQ3_CAP1_COP1,BAU,REPO,BAU,0.0,2700,2031,2.1,137.9,1
169,,RE1,CF3,TL2,CQ3,CAP1,COP1,RE1_CF3_TL2_CQ3_CAP1_COP1,BAU,REPO,BAU,0.0,2701,2032,2.2,147.31,1
169,,RE1,CF3,TL2,CQ3,CAP1,COP1,RE1_CF3_TL2_CQ3_CAP1_COP1,BAU,REPO,BAU,0.0,2702,2033,2.3,156.72,1
169,,RE1,CF3,TL2,CQ3,CAP1,COP1,RE1_CF3_TL2_CQ3_CAP1_COP1,BAU,REPO,BAU,0.0,2703,2034,2.4,166.13,1
169,,RE1,CF3,TL2,CQ3,CAP1,COP1,RE1_CF3_TL2_CQ3_CAP1_COP1,BAU,REPO,BAU,0.0,2704,2035,2.5,175.53,1
170,,RE1,CF3,TL2,CQ3,CAP1,COP2,RE1_CF3_TL2_CQ3_CAP1_COP2,BAU,REPO,PD,0.0,2705,2020,1.0,42.85,1
170,,RE1,CF3,TL2,CQ3,CAP1,COP2,RE1_CF3_TL2_CQ3_CAP1_COP2,BAU,REPO,PD,0.0,2706,2021,1.1,42.85,1
170,,RE1,CF3,TL2,CQ3,CAP1,COP2,RE1_CF3_TL2_CQ3_CAP1_COP2,BAU,REPO,PD,0.0,2707,2022,1.2,45.61,1
170,,RE1,CF3,TL2,CQ3,CAP1,COP2,RE1_CF3_TL2_CQ3_CAP1_COP2,BAU,REPO,PD,0.0,2708,2023,1.3,62.79,1
170,,RE1,CF3,TL2,CQ3,CAP1,COP2,RE1_CF3_TL2_CQ3_CAP1_COP2,BAU,REPO,PD,0.0,2709,2024,1.4,70.36,1
170,,RE1,CF3,TL2,CQ3,CAP1,COP2,RE1_CF3_TL2_CQ3_CAP1_COP2,BAU,REPO,PD,0.0,2710,2025,1.5,80.33,1
170,,RE1,CF3,TL2,CQ3,CAP1,COP2,RE1_CF3_TL2_CQ3_CAP1_COP2,BAU,REPO,PD,0.0,2711,2026,1.6,90.3,1
170,,RE1,CF3,TL2,CQ3,CAP1,COP2,RE1_CF3_TL2_CQ3_CAP1_COP2,BAU,REPO,PD,0.0,2712,2027,1.7,100.27,1
170,,RE1,CF3,TL2,CQ3,CAP1,COP2,RE1_CF3_TL2_CQ3_CAP1_COP2,BAU,REPO,PD,0.0,2713,2028,1.8,110.24,1
170,,RE1,CF3,TL2,CQ3,CAP1,COP2,RE1_CF3_TL2_CQ3_CAP1_COP2,BAU,REPO,PD,0.0,2714,2029,1.9,120.21,1
170,,RE1,CF3,TL2,CQ3,CAP1,COP2,RE1_CF3_TL2_CQ3_CAP1_COP2,BAU,REPO,PD,0.0,2715,2030,2.0,130.18,1
170,,RE1,CF3,TL2,CQ3,CAP1,COP2,RE1_CF3_TL2_CQ3_CAP1_COP2,BAU,REPO,PD,0.0,2716,2031,2.1,137.9,1
170,,RE1,CF3,TL2,CQ3,CAP1,COP2,RE1_CF3_TL2_CQ3_CAP1_COP2,BAU,REPO,PD,0.0,2717,2032,2.2,147.31,1
170,,RE1,CF3,TL2,CQ3,CAP1,COP2,RE1_CF3_TL2_CQ3_CAP1_COP2,BAU,REPO,PD,0.0,2718,2033,2.3,156.72,1
170,,RE1,CF3,TL2,CQ3,CAP1,COP2,RE1_CF3_TL2_CQ3_CAP1_COP2,BAU,REPO,PD,0.0,2719,2034,2.4,166.13,1
170,,RE1,CF3,TL2,CQ3,CAP1,COP2,RE1_CF3_TL2_CQ3_CAP1_COP2,BAU,REPO,PD,0.0,2720,2035,2.5,175.53,1
171,,RE1,CF3,TL2,CQ3,CAP2,COP2,RE1_CF3_TL2_CQ3_CAP2_COP2,BAU,REPO,PD,0.0,2721,2020,1.0,42.85,1
171,,RE1,CF3,TL2,CQ3,CAP2,COP2,RE1_CF3_TL2_CQ3_CAP2_COP2,BAU,REPO,PD,0.0,2722,2021,1.1,42.85,1
171,,RE1,CF3,TL2,CQ3,CAP2,COP2,RE1_CF3_TL2_CQ3_CAP2_COP2,BAU,REPO,PD,0.0,2723,2022,1.2,45.61,1
171,,RE1,CF3,TL2,CQ3,CAP2,COP2,RE1_CF3_TL2_CQ3_CAP2_COP2,BAU,REPO,PD,0.0,2724,2023,1.3,127.71,1
171,,RE1,CF3,TL2,CQ3,CAP2,COP2,RE1_CF3_TL2_CQ3_CAP2_COP2,BAU,REPO,PD,0.0,2725,2024,1.4,209.81,1
171,,RE1,CF3,TL2,CQ3,CAP2,COP2,RE1_CF3_TL2_CQ3_CAP2_COP2,BAU,REPO,PD,0.0,2726,2025,1.5,291.9,1
171,,RE1,CF3,TL2,CQ3,CAP2,COP2,RE1_CF3_TL2_CQ3_CAP2_COP2,BAU,REPO,PD,0.0,2727,2026,1.6,374.0,1
171,,RE1,CF3,TL2,CQ3,CAP2,COP2,RE1_CF3_TL2_CQ3_CAP2_COP2,BAU,REPO,PD,0.0,2728,2027,1.7,456.1,1
171,,RE1,CF3,TL2,CQ3,CAP2,COP2,RE1_CF3_TL2_CQ3_CAP2_COP2,BAU,REPO,PD,0.0,2729,2028,1.8,456.1,1
171,,RE1,CF3,TL2,CQ3,CAP2,COP2,RE1_CF3_TL2_CQ3_CAP2_COP2,BAU,REPO,PD,0.0,2730,2029,1.9,456.1,1
171,,RE1,CF3,TL2,CQ3,CAP2,COP2,RE1_CF3_TL2_CQ3_CAP2_COP2,BAU,REPO,PD,0.0,2731,2030,2.0,456.1,1
171,,RE1,CF3,TL2,CQ3,CAP2,COP2,RE1_CF3_TL2_CQ3_CAP2_COP2,BAU,REPO,PD,0.0,2732,2031,2.1,456.1,1
171,,RE1,CF3,TL2,CQ3,CAP2,COP2,RE1_CF3_TL2_CQ3_CAP2_COP2,BAU,REPO,PD,0.0,2733,2032,2.2,456.1,1
171,,RE1,CF3,TL2,CQ3,CAP2,COP2,RE1_CF3_TL2_CQ3_CAP2_COP2,BAU,REPO,PD,0.0,2734,2033,2.3,456.1,1
171,,RE1,CF3,TL2,CQ3,CAP2,COP2,RE1_CF3_TL2_CQ3_CAP2_COP2,BAU,REPO,PD,0.0,2735,2034,2.4,456.1,1
171,,RE1,CF3,TL2,CQ3,CAP2,COP2,RE1_CF3_TL2_CQ3_CAP2_COP2,BAU,REPO,PD,0.0,2736,2035,2.5,456.1,1
172,,RE1,CF3,TL2,CQ4,CAP1,COP1,RE1_CF3_TL2_CQ4_CAP1_COP1,BAU,REPO_plus,BAU,0.0,2737,2020,1.0,42.85,1
172,,RE1,CF3,TL2,CQ4,CAP1,COP1,RE1_CF3_TL2_CQ4_CAP1_COP1,BAU,REPO_plus,BAU,0.0,2738,2021,1.1,42.85,1
172,,RE1,CF3,TL2,CQ4,CAP1,COP1,RE1_CF3_TL2_CQ4_CAP1_COP1,BAU,REPO_plus,BAU,0.0,2739,2022,1.2,45.61,1
172,,RE1,CF3,TL2,CQ4,CAP1,COP1,RE1_CF3_TL2_CQ4_CAP1_COP1,BAU,REPO_plus,BAU,0.0,2740,2023,1.3,62.79,1
172,,RE1,CF3,TL2,CQ4,CAP1,COP1,RE1_CF3_TL2_CQ4_CAP1_COP1,BAU,REPO_plus,BAU,0.0,2741,2024,1.4,70.36,1
172,,RE1,CF3,TL2,CQ4,CAP1,COP1,RE1_CF3_TL2_CQ4_CAP1_COP1,BAU,REPO_plus,BAU,0.0,2742,2025,1.5,80.33,1
172,,RE1,CF3,TL2,CQ4,CAP1,COP1,RE1_CF3_TL2_CQ4_CAP1_COP1,BAU,REPO_plus,BAU,0.0,2743,2026,1.6,90.3,1
172,,RE1,CF3,TL2,CQ4,CAP1,COP1,RE1_CF3_TL2_CQ4_CAP1_COP1,BAU,REPO_plus,BAU,0.0,2744,2027,1.7,100.27,1
172,,RE1,CF3,TL2,CQ4,CAP1,COP1,RE1_CF3_TL2_CQ4_CAP1_COP1,BAU,REPO_plus,BAU,0.0,2745,2028,1.8,110.24,1
172,,RE1,CF3,TL2,CQ4,CAP1,COP1,RE1_CF3_TL2_CQ4_CAP1_COP1,BAU,REPO_plus,BAU,0.0,2746,2029,1.9,120.21,1
172,,RE1,CF3,TL2,CQ4,CAP1,COP1,RE1_CF3_TL2_CQ4_CAP1_COP1,BAU,REPO_plus,BAU,0.0,2747,2030,2.0,130.18,1
172,,RE1,CF3,TL2,CQ4,CAP1,COP1,RE1_CF3_TL2_CQ4_CAP1_COP1,BAU,REPO_plus,BAU,0.0,2748,2031,2.1,137.9,1
172,,RE1,CF3,TL2,CQ4,CAP1,COP1,RE1_CF3_TL2_CQ4_CAP1_COP1,BAU,REPO_plus,BAU,0.0,2749,2032,2.2,147.31,1
172,,RE1,CF3,TL2,CQ4,CAP1,COP1,RE1_CF3_TL2_CQ4_CAP1_COP1,BAU,REPO_plus,BAU,0.0,2750,2033,2.3,156.72,1
172,,RE1,CF3,TL2,CQ4,CAP1,COP1,RE1_CF3_TL2_CQ4_CAP1_COP1,BAU,REPO_plus,BAU,0.0,2751,2034,2.4,166.13,1
172,,RE1,CF3,TL2,CQ4,CAP1,COP1,RE1_CF3_TL2_CQ4_CAP1_COP1,BAU,REPO_plus,BAU,0.0,2752,2035,2.5,175.53,1
173,,RE1,CF3,TL2,CQ4,CAP1,COP2,RE1_CF3_TL2_CQ4_CAP1_COP2,BAU,REPO_plus,PD,0.0,2753,2020,1.0,42.85,1
173,,RE1,CF3,TL2,CQ4,CAP1,COP2,RE1_CF3_TL2_CQ4_CAP1_COP2,BAU,REPO_plus,PD,0.0,2754,2021,1.1,42.85,1
173,,RE1,CF3,TL2,CQ4,CAP1,COP2,RE1_CF3_TL2_CQ4_CAP1_COP2,BAU,REPO_plus,PD,0.0,2755,2022,1.2,45.61,1
173,,RE1,CF3,TL2,CQ4,CAP1,COP2,RE1_CF3_TL2_CQ4_CAP1_COP2,BAU,REPO_plus,PD,0.0,2756,2023,1.3,62.79,1
173,,RE1,CF3,TL2,CQ4,CAP1,COP2,RE1_CF3_TL2_CQ4_CAP1_COP2,BAU,REPO_plus,PD,0.0,2757,2024,1.4,70.36,1
173,,RE1,CF3,TL2,CQ4,CAP1,COP2,RE1_CF3_TL2_CQ4_CAP1_COP2,BAU,REPO_plus,PD,0.0,2758,2025,1.5,80.33,1
173,,RE1,CF3,TL2,CQ4,CAP1,COP2,RE1_CF3_TL2_CQ4_CAP1_COP2,BAU,REPO_plus,PD,0.0,2759,2026,1.6,90.3,1
173,,RE1,CF3,TL2,CQ4,CAP1,COP2,RE1_CF3_TL2_CQ4_CAP1_COP2,BAU,REPO_plus,PD,0.0,2760,2027,1.7,100.27,1
173,,RE1,CF3,TL2,CQ4,CAP1,COP2,RE1_CF3_TL2_CQ4_CAP1_COP2,BAU,REPO_plus,PD,0.0,2761,2028,1.8,110.24,1
173,,RE1,CF3,TL2,CQ4,CAP1,COP2,RE1_CF3_TL2_CQ4_CAP1_COP2,BAU,REPO_plus,PD,0.0,2762,2029,1.9,120.21,1
173,,RE1,CF3,TL2,CQ4,CAP1,COP2,RE1_CF3_TL2_CQ4_CAP1_COP2,BAU,REPO_plus,PD,0.0,2763,2030,2.0,130.18,1
173,,RE1,CF3,TL2,CQ4,CAP1,COP2,RE1_CF3_TL2_CQ4_CAP1_COP2,BAU,REPO_plus,PD,0.0,2764,2031,2.1,137.9,1
173,,RE1,CF3,TL2,CQ4,CAP1,COP2,RE1_CF3_TL2_CQ4_CAP1_COP2,BAU,REPO_plus,PD,0.0,2765,2032,2.2,147.31,1
173,,RE1,CF3,TL2,CQ4,CAP1,COP2,RE1_CF3_TL2_CQ4_CAP1_COP2,BAU,REPO_plus,PD,0.0,2766,2033,2.3,156.72,1
173,,RE1,CF3,TL2,CQ4,CAP1,COP2,RE1_CF3_TL2_CQ4_CAP1_COP2,BAU,REPO_plus,PD,0.0,2767,2034,2.4,166.13,1
173,,RE1,CF3,TL2,CQ4,CAP1,COP2,RE1_CF3_TL2_CQ4_CAP1_COP2,BAU,REPO_plus,PD,0.0,2768,2035,2.5,175.53,1
174,,RE1,CF3,TL2,CQ4,CAP2,COP1,RE1_CF3_TL2_CQ4_CAP2_COP1,BAU,REPO_plus,BAU,0.0,2769,2020,1.0,42.85,1
174,,RE1,CF3,TL2,CQ4,CAP2,COP1,RE1_CF3_TL2_CQ4_CAP2_COP1,BAU,REPO_plus,BAU,0.0,2770,2021,1.1,42.85,1
174,,RE1,CF3,TL2,CQ4,CAP2,COP1,RE1_CF3_TL2_CQ4_CAP2_COP1,BAU,REPO_plus,BAU,0.0,2771,2022,1.2,45.61,1
174,,RE1,CF3,TL2,CQ4,CAP2,COP1,RE1_CF3_TL2_CQ4_CAP2_COP1,BAU,REPO_plus,BAU,0.0,2772,2023,1.3,127.71,1
174,,RE1,CF3,TL2,CQ4,CAP2,COP1,RE1_CF3_TL2_CQ4_CAP2_COP1,BAU,REPO_plus,BAU,0.0,2773,2024,1.4,209.81,1
174,,RE1,CF3,TL2,CQ4,CAP2,COP1,RE1_CF3_TL2_CQ4_CAP2_COP1,BAU,REPO_plus,BAU,0.0,2774,2025,1.5,291.9,1
174,,RE1,CF3,TL2,CQ4,CAP2,COP1,RE1_CF3_TL2_CQ4_CAP2_COP1,BAU,REPO_plus,BAU,0.0,2775,2026,1.6,374.0,1
174,,RE1,CF3,TL2,CQ4,CAP2,COP1,RE1_CF3_TL2_CQ4_CAP2_COP1,BAU,REPO_plus,BAU,0.0,2776,2027,1.7,456.1,1
174,,RE1,CF3,TL2,CQ4,CAP2,COP1,RE1_CF3_TL2_CQ4_CAP2_COP1,BAU,REPO_plus,BAU,0.0,2777,2028,1.8,456.1,1
174,,RE1,CF3,TL2,CQ4,CAP2,COP1,RE1_CF3_TL2_CQ4_CAP2_COP1,BAU,REPO_plus,BAU,0.0,2778,2029,1.9,456.1,1
174,,RE1,CF3,TL2,CQ4,CAP2,COP1,RE1_CF3_TL2_CQ4_CAP2_COP1,BAU,REPO_plus,BAU,0.0,2779,2030,2.0,456.1,1
174,,RE1,CF3,TL2,CQ4,CAP2,COP1,RE1_CF3_TL2_CQ4_CAP2_COP1,BAU,REPO_plus,BAU,0.0,2780,2031,2.1,456.1,1
174,,RE1,CF3,TL2,CQ4,CAP2,COP1,RE1_CF3_TL2_CQ4_CAP2_COP1,BAU,REPO_plus,BAU,0.0,2781,2032,2.2,456.1,1
174,,RE1,CF3,TL2,CQ4,CAP2,COP1,RE1_CF3_TL2_CQ4_CAP2_COP1,BAU,REPO_plus,BAU,0.0,2782,2033,2.3,456.1,1
174,,RE1,CF3,TL2,CQ4,CAP2,COP1,RE1_CF3_TL2_CQ4_CAP2_COP1,BAU,REPO_plus,BAU,0.0,2783,2034,2.4,456.1,1
174,,RE1,CF3,TL2,CQ4,CAP2,COP1,RE1_CF3_TL2_CQ4_CAP2_COP1,BAU,REPO_plus,BAU,0.0,2784,2035,2.5,456.1,1
175,,RE1,CF3,TL2,CQ5,CAP1,COP2,RE1_CF3_TL2_CQ5_CAP1_COP2,BAU,全行业配额,PD,0.0,2785,2020,1.0,42.85,1
175,,RE1,CF3,TL2,CQ5,CAP1,COP2,RE1_CF3_TL2_CQ5_CAP1_COP2,BAU,全行业配额,PD,0.0,2786,2021,1.1,42.85,1
175,,RE1,CF3,TL2,CQ5,CAP1,COP2,RE1_CF3_TL2_CQ5_CAP1_COP2,BAU,全行业配额,PD,0.0,2787,2022,1.2,45.61,1
175,,RE1,CF3,TL2,CQ5,CAP1,COP2,RE1_CF3_TL2_CQ5_CAP1_COP2,BAU,全行业配额,PD,0.0,2788,2023,1.3,62.79,1
175,,RE1,CF3,TL2,CQ5,CAP1,COP2,RE1_CF3_TL2_CQ5_CAP1_COP2,BAU,全行业配额,PD,0.0,2789,2024,1.4,70.36,1
175,,RE1,CF3,TL2,CQ5,CAP1,COP2,RE1_CF3_TL2_CQ5_CAP1_COP2,BAU,全行业配额,PD,0.0,2790,2025,1.5,80.33,1
175,,RE1,CF3,TL2,CQ5,CAP1,COP2,RE1_CF3_TL2_CQ5_CAP1_COP2,BAU,全行业配额,PD,0.0,2791,2026,1.6,90.3,1
175,,RE1,CF3,TL2,CQ5,CAP1,COP2,RE1_CF3_TL2_CQ5_CAP1_COP2,BAU,全行业配额,PD,0.0,2792,2027,1.7,100.27,1
175,,RE1,CF3,TL2,CQ5,CAP1,COP2,RE1_CF3_TL2_CQ5_CAP1_COP2,BAU,全行业配额,PD,0.0,2793,2028,1.8,110.24,1
175,,RE1,CF3,TL2,CQ5,CAP1,COP2,RE1_CF3_TL2_CQ5_CAP1_COP2,BAU,全行业配额,PD,0.0,2794,2029,1.9,120.21,1
175,,RE1,CF3,TL2,CQ5,CAP1,COP2,RE1_CF3_TL2_CQ5_CAP1_COP2,BAU,全行业配额,PD,0.0,2795,2030,2.0,130.18,1
175,,RE1,CF3,TL2,CQ5,CAP1,COP2,RE1_CF3_TL2_CQ5_CAP1_COP2,BAU,全行业配额,PD,0.0,2796,2031,2.1,137.9,1
175,,RE1,CF3,TL2,CQ5,CAP1,COP2,RE1_CF3_TL2_CQ5_CAP1_COP2,BAU,全行业配额,PD,0.0,2797,2032,2.2,147.31,1
175,,RE1,CF3,TL2,CQ5,CAP1,COP2,RE1_CF3_TL2_CQ5_CAP1_COP2,BAU,全行业配额,PD,0.0,2798,2033,2.3,156.72,1
175,,RE1,CF3,TL2,CQ5,CAP1,COP2,RE1_CF3_TL2_CQ5_CAP1_COP2,BAU,全行业配额,PD,0.0,2799,2034,2.4,166.13,1
175,,RE1,CF3,TL2,CQ5,CAP1,COP2,RE1_CF3_TL2_CQ5_CAP1_COP2,BAU,全行业配额,PD,0.0,2800,2035,2.5,175.53,1
176,,RE1,CF3,TL2,CQ5,CAP2,COP1,RE1_CF3_TL2_CQ5_CAP2_COP1,BAU,全行业配额,BAU,0.0,2801,2020,1.0,42.85,1
176,,RE1,CF3,TL2,CQ5,CAP2,COP1,RE1_CF3_TL2_CQ5_CAP2_COP1,BAU,全行业配额,BAU,0.0,2802,2021,1.1,42.85,1
176,,RE1,CF3,TL2,CQ5,CAP2,COP1,RE1_CF3_TL2_CQ5_CAP2_COP1,BAU,全行业配额,BAU,0.0,2803,2022,1.2,45.61,1
176,,RE1,CF3,TL2,CQ5,CAP2,COP1,RE1_CF3_TL2_CQ5_CAP2_COP1,BAU,全行业配额,BAU,0.0,2804,2023,1.3,127.71,1
176,,RE1,CF3,TL2,CQ5,CAP2,COP1,RE1_CF3_TL2_CQ5_CAP2_COP1,BAU,全行业配额,BAU,0.0,2805,2024,1.4,209.81,1
176,,RE1,CF3,TL2,CQ5,CAP2,COP1,RE1_CF3_TL2_CQ5_CAP2_COP1,BAU,全行业配额,BAU,0.0,2806,2025,1.5,291.9,1
176,,RE1,CF3,TL2,CQ5,CAP2,COP1,RE1_CF3_TL2_CQ5_CAP2_COP1,BAU,全行业配额,BAU,0.0,2807,2026,1.6,374.0,1
176,,RE1,CF3,TL2,CQ5,CAP2,COP1,RE1_CF3_TL2_CQ5_CAP2_COP1,BAU,全行业配额,BAU,0.0,2808,2027,1.7,456.1,1
176,,RE1,CF3,TL2,CQ5,CAP2,COP1,RE1_CF3_TL2_CQ5_CAP2_COP1,BAU,全行业配额,BAU,0.0,2809,2028,1.8,456.1,1
176,,RE1,CF3,TL2,CQ5,CAP2,COP1,RE1_CF3_TL2_CQ5_CAP2_COP1,BAU,全行业配额,BAU,0.0,2810,2029,1.9,456.1,1
176,,RE1,CF3,TL2,CQ5,CAP2,COP1,RE1_CF3_TL2_CQ5_CAP2_COP1,BAU,全行业配额,BAU,0.0,2811,2030,2.0,456.1,1
176,,RE1,CF3,TL2,CQ5,CAP2,COP1,RE1_CF3_TL2_CQ5_CAP2_COP1,BAU,全行业配额,BAU,0.0,2812,2031,2.1,456.1,1
176,,RE1,CF3,TL2,CQ5,CAP2,COP1,RE1_CF3_TL2_CQ5_CAP2_COP1,BAU,全行业配额,BAU,0.0,2813,2032,2.2,456.1,1
176,,RE1,CF3,TL2,CQ5,CAP2,COP1,RE1_CF3_TL2_CQ5_CAP2_COP1,BAU,全行业配额,BAU,0.0,2814,2033,2.3,456.1,1
176,,RE1,CF3,TL2,CQ5,CAP2,COP1,RE1_CF3_TL2_CQ5_CAP2_COP1,BAU,全行业配额,BAU,0.0,2815,2034,2.4,456.1,1
176,,RE1,CF3,TL2,CQ5,CAP2,COP1,RE1_CF3_TL2_CQ5_CAP2_COP1,BAU,全行业配额,BAU,0.0,2816,2035,2.5,456.1,1
177,,RE1,CF3,TL2,CQ5,CAP2,COP2,RE1_CF3_TL2_CQ5_CAP2_COP2,BAU,全行业配额,PD,0.0,2817,2020,1.0,42.85,1
177,,RE1,CF3,TL2,CQ5,CAP2,COP2,RE1_CF3_TL2_CQ5_CAP2_COP2,BAU,全行业配额,PD,0.0,2818,2021,1.1,42.85,1
177,,RE1,CF3,TL2,CQ5,CAP2,COP2,RE1_CF3_TL2_CQ5_CAP2_COP2,BAU,全行业配额,PD,0.0,2819,2022,1.2,45.61,1
177,,RE1,CF3,TL2,CQ5,CAP2,COP2,RE1_CF3_TL2_CQ5_CAP2_COP2,BAU,全行业配额,PD,0.0,2820,2023,1.3,127.71,1
177,,RE1,CF3,TL2,CQ5,CAP2,COP2,RE1_CF3_TL2_CQ5_CAP2_COP2,BAU,全行业配额,PD,0.0,2821,2024,1.4,209.81,1
177,,RE1,CF3,TL2,CQ5,CAP2,COP2,RE1_CF3_TL2_CQ5_CAP2_COP2,BAU,全行业配额,PD,0.0,2822,2025,1.5,291.9,1
177,,RE1,CF3,TL2,CQ5,CAP2,COP2,RE1_CF3_TL2_CQ5_CAP2_COP2,BAU,全行业配额,PD,0.0,2823,2026,1.6,374.0,1
177,,RE1,CF3,TL2,CQ5,CAP2,COP2,RE1_CF3_TL2_CQ5_CAP2_COP2,BAU,全行业配额,PD,0.0,2824,2027,1.7,456.1,1
177,,RE1,CF3,TL2,CQ5,CAP2,COP2,RE1_CF3_TL2_CQ5_CAP2_COP2,BAU,全行业配额,PD,0.0,2825,2028,1.8,456.1,1
177,,RE1,CF3,TL2,CQ5,CAP2,COP2,RE1_CF3_TL2_CQ5_CAP2_COP2,BAU,全行业配额,PD,0.0,2826,2029,1.9,456.1,1
177,,RE1,CF3,TL2,CQ5,CAP2,COP2,RE1_CF3_TL2_CQ5_CAP2_COP2,BAU,全行业配额,PD,0.0,2827,2030,2.0,456.1,1
177,,RE1,CF3,TL2,CQ5,CAP2,COP2,RE1_CF3_TL2_CQ5_CAP2_COP2,BAU,全行业配额,PD,0.0,2828,2031,2.1,456.1,1
177,,RE1,CF3,TL2,CQ5,CAP2,COP2,RE1_CF3_TL2_CQ5_CAP2_COP2,BAU,全行业配额,PD,0.0,2829,2032,2.2,456.1,1
177,,RE1,CF3,TL2,CQ5,CAP2,COP2,RE1_CF3_TL2_CQ5_CAP2_COP2,BAU,全行业配额,PD,0.0,2830,2033,2.3,456.1,1
177,,RE1,CF3,TL2,CQ5,CAP2,COP2,RE1_CF3_TL2_CQ5_CAP2_COP2,BAU,全行业配额,PD,0.0,2831,2034,2.4,456.1,1
177,,RE1,CF3,TL2,CQ5,CAP2,COP2,RE1_CF3_TL2_CQ5_CAP2_COP2,BAU,全行业配额,PD,0.0,2832,2035,2.5,456.1,1
178,,RE1,CF3,TL2,CQ6,CAP1,COP2,RE1_CF3_TL2_CQ6_CAP1_COP2,BAU,电力配额,PD,0.0,2833,2020,1.0,42.85,1
178,,RE1,CF3,TL2,CQ6,CAP1,COP2,RE1_CF3_TL2_CQ6_CAP1_COP2,BAU,电力配额,PD,0.0,2834,2021,1.1,42.85,1
178,,RE1,CF3,TL2,CQ6,CAP1,COP2,RE1_CF3_TL2_CQ6_CAP1_COP2,BAU,电力配额,PD,0.0,2835,2022,1.2,45.61,1
178,,RE1,CF3,TL2,CQ6,CAP1,COP2,RE1_CF3_TL2_CQ6_CAP1_COP2,BAU,电力配额,PD,0.0,2836,2023,1.3,62.79,1
178,,RE1,CF3,TL2,CQ6,CAP1,COP2,RE1_CF3_TL2_CQ6_CAP1_COP2,BAU,电力配额,PD,0.0,2837,2024,1.4,70.36,1
178,,RE1,CF3,TL2,CQ6,CAP1,COP2,RE1_CF3_TL2_CQ6_CAP1_COP2,BAU,电力配额,PD,0.0,2838,2025,1.5,80.33,1
178,,RE1,CF3,TL2,CQ6,CAP1,COP2,RE1_CF3_TL2_CQ6_CAP1_COP2,BAU,电力配额,PD,0.0,2839,2026,1.6,90.3,1
178,,RE1,CF3,TL2,CQ6,CAP1,COP2,RE1_CF3_TL2_CQ6_CAP1_COP2,BAU,电力配额,PD,0.0,2840,2027,1.7,100.27,1
178,,RE1,CF3,TL2,CQ6,CAP1,COP2,RE1_CF3_TL2_CQ6_CAP1_COP2,BAU,电力配额,PD,0.0,2841,2028,1.8,110.24,1
178,,RE1,CF3,TL2,CQ6,CAP1,COP2,RE1_CF3_TL2_CQ6_CAP1_COP2,BAU,电力配额,PD,0.0,2842,2029,1.9,120.21,1
178,,RE1,CF3,TL2,CQ6,CAP1,COP2,RE1_CF3_TL2_CQ6_CAP1_COP2,BAU,电力配额,PD,0.0,2843,2030,2.0,130.18,1
178,,RE1,CF3,TL2,CQ6,CAP1,COP2,RE1_CF3_TL2_CQ6_CAP1_COP2,BAU,电力配额,PD,0.0,2844,2031,2.1,137.9,1
178,,RE1,CF3,TL2,CQ6,CAP1,COP2,RE1_CF3_TL2_CQ6_CAP1_COP2,BAU,电力配额,PD,0.0,2845,2032,2.2,147.31,1
178,,RE1,CF3,TL2,CQ6,CAP1,COP2,RE1_CF3_TL2_CQ6_CAP1_COP2,BAU,电力配额,PD,0.0,2846,2033,2.3,156.72,1
178,,RE1,CF3,TL2,CQ6,CAP1,COP2,RE1_CF3_TL2_CQ6_CAP1_COP2,BAU,电力配额,PD,0.0,2847,2034,2.4,166.13,1
178,,RE1,CF3,TL2,CQ6,CAP1,COP2,RE1_CF3_TL2_CQ6_CAP1_COP2,BAU,电力配额,PD,0.0,2848,2035,2.5,175.53,1
179,,RE1,CF3,TL2,CQ6,CAP2,COP1,RE1_CF3_TL2_CQ6_CAP2_COP1,BAU,电力配额,BAU,0.0,2849,2020,1.0,42.85,1
179,,RE1,CF3,TL2,CQ6,CAP2,COP1,RE1_CF3_TL2_CQ6_CAP2_COP1,BAU,电力配额,BAU,0.0,2850,2021,1.1,42.85,1
179,,RE1,CF3,TL2,CQ6,CAP2,COP1,RE1_CF3_TL2_CQ6_CAP2_COP1,BAU,电力配额,BAU,0.0,2851,2022,1.2,45.61,1
179,,RE1,CF3,TL2,CQ6,CAP2,COP1,RE1_CF3_TL2_CQ6_CAP2_COP1,BAU,电力配额,BAU,0.0,2852,2023,1.3,127.71,1
179,,RE1,CF3,TL2,CQ6,CAP2,COP1,RE1_CF3_TL2_CQ6_CAP2_COP1,BAU,电力配额,BAU,0.0,2853,2024,1.4,209.81,1
179,,RE1,CF3,TL2,CQ6,CAP2,COP1,RE1_CF3_TL2_CQ6_CAP2_COP1,BAU,电力配额,BAU,0.0,2854,2025,1.5,291.9,1
179,,RE1,CF3,TL2,CQ6,CAP2,COP1,RE1_CF3_TL2_CQ6_CAP2_COP1,BAU,电力配额,BAU,0.0,2855,2026,1.6,374.0,1
179,,RE1,CF3,TL2,CQ6,CAP2,COP1,RE1_CF3_TL2_CQ6_CAP2_COP1,BAU,电力配额,BAU,0.0,2856,2027,1.7,456.1,1
179,,RE1,CF3,TL2,CQ6,CAP2,COP1,RE1_CF3_TL2_CQ6_CAP2_COP1,BAU,电力配额,BAU,0.0,2857,2028,1.8,456.1,1
179,,RE1,CF3,TL2,CQ6,CAP2,COP1,RE1_CF3_TL2_CQ6_CAP2_COP1,BAU,电力配额,BAU,0.0,2858,2029,1.9,456.1,1
179,,RE1,CF3,TL2,CQ6,CAP2,COP1,RE1_CF3_TL2_CQ6_CAP2_COP1,BAU,电力配额,BAU,0.0,2859,2030,2.0,456.1,1
179,,RE1,CF3,TL2,CQ6,CAP2,COP1,RE1_CF3_TL2_CQ6_CAP2_COP1,BAU,电力配额,BAU,0.0,2860,2031,2.1,456.1,1
179,,RE1,CF3,TL2,CQ6,CAP2,COP1,RE1_CF3_TL2_CQ6_CAP2_COP1,BAU,电力配额,BAU,0.0,2861,2032,2.2,456.1,1
179,,RE1,CF3,TL2,CQ6,CAP2,COP1,RE1_CF3_TL2_CQ6_CAP2_COP1,BAU,电力配额,BAU,0.0,2862,2033,2.3,456.1,1
179,,RE1,CF3,TL2,CQ6,CAP2,COP1,RE1_CF3_TL2_CQ6_CAP2_COP1,BAU,电力配额,BAU,0.0,2863,2034,2.4,456.1,1
179,,RE1,CF3,TL2,CQ6,CAP2,COP1,RE1_CF3_TL2_CQ6_CAP2_COP1,BAU,电力配额,BAU,0.0,2864,2035,2.5,456.1,1
180,,RE1,CF3,TL2,CQ6,CAP2,COP2,RE1_CF3_TL2_CQ6_CAP2_COP2,BAU,电力配额,PD,0.0,2865,2020,1.0,42.85,1
180,,RE1,CF3,TL2,CQ6,CAP2,COP2,RE1_CF3_TL2_CQ6_CAP2_COP2,BAU,电力配额,PD,0.0,2866,2021,1.1,42.85,1
180,,RE1,CF3,TL2,CQ6,CAP2,COP2,RE1_CF3_TL2_CQ6_CAP2_COP2,BAU,电力配额,PD,0.0,2867,2022,1.2,45.61,1
180,,RE1,CF3,TL2,CQ6,CAP2,COP2,RE1_CF3_TL2_CQ6_CAP2_COP2,BAU,电力配额,PD,0.0,2868,2023,1.3,127.71,1
180,,RE1,CF3,TL2,CQ6,CAP2,COP2,RE1_CF3_TL2_CQ6_CAP2_COP2,BAU,电力配额,PD,0.0,2869,2024,1.4,209.81,1
180,,RE1,CF3,TL2,CQ6,CAP2,COP2,RE1_CF3_TL2_CQ6_CAP2_COP2,BAU,电力配额,PD,0.0,2870,2025,1.5,291.9,1
180,,RE1,CF3,TL2,CQ6,CAP2,COP2,RE1_CF3_TL2_CQ6_CAP2_COP2,BAU,电力配额,PD,0.0,2871,2026,1.6,374.0,1
180,,RE1,CF3,TL2,CQ6,CAP2,COP2,RE1_CF3_TL2_CQ6_CAP2_COP2,BAU,电力配额,PD,0.0,2872,2027,1.7,456.1,1
180,,RE1,CF3,TL2,CQ6,CAP2,COP2,RE1_CF3_TL2_CQ6_CAP2_COP2,BAU,电力配额,PD,0.0,2873,2028,1.8,456.1,1
180,,RE1,CF3,TL2,CQ6,CAP2,COP2,RE1_CF3_TL2_CQ6_CAP2_COP2,BAU,电力配额,PD,0.0,2874,2029,1.9,456.1,1
180,,RE1,CF3,TL2,CQ6,CAP2,COP2,RE1_CF3_TL2_CQ6_CAP2_COP2,BAU,电力配额,PD,0.0,2875,2030,2.0,456.1,1
180,,RE1,CF3,TL2,CQ6,CAP2,COP2,RE1_CF3_TL2_CQ6_CAP2_COP2,BAU,电力配额,PD,0.0,2876,2031,2.1,456.1,1
180,,RE1,CF3,TL2,CQ6,CAP2,COP2,RE1_CF3_TL2_CQ6_CAP2_COP2,BAU,电力配额,PD,0.0,2877,2032,2.2,456.1,1
180,,RE1,CF3,TL2,CQ6,CAP2,COP2,RE1_CF3_TL2_CQ6_CAP2_COP2,BAU,电力配额,PD,0.0,2878,2033,2.3,456.1,1
180,,RE1,CF3,TL2,CQ6,CAP2,COP2,RE1_CF3_TL2_CQ6_CAP2_COP2,BAU,电力配额,PD,0.0,2879,2034,2.4,456.1,1
180,,RE1,CF3,TL2,CQ6,CAP2,COP2,RE1_CF3_TL2_CQ6_CAP2_COP2,BAU,电力配额,PD,0.0,2880,2035,2.5,456.1,1
181,,RE2,CF1,TL1,CQ1,CAP1,COP1,RE2_CF1_TL1_CQ1_CAP1_COP1,H,无配额,BAU,0.4,2881,2020,1.0,0.0,0
181,,RE2,CF1,TL1,CQ1,CAP1,COP1,RE2_CF1_TL1_CQ1_CAP1_COP1,H,无配额,BAU,0.4,2882,2021,1.03,0.0,0
181,,RE2,CF1,TL1,CQ1,CAP1,COP1,RE2_CF1_TL1_CQ1_CAP1_COP1,H,无配额,BAU,0.4,2883,2022,1.06,0.0,0
181,,RE2,CF1,TL1,CQ1,CAP1,COP1,RE2_CF1_TL1_CQ1_CAP1_COP1,H,无配额,BAU,0.4,2884,2023,1.09,0.0,0
181,,RE2,CF1,TL1,CQ1,CAP1,COP1,RE2_CF1_TL1_CQ1_CAP1_COP1,H,无配额,BAU,0.4,2885,2024,1.12,0.0,0
181,,RE2,CF1,TL1,CQ1,CAP1,COP1,RE2_CF1_TL1_CQ1_CAP1_COP1,H,无配额,BAU,0.4,2886,2025,1.15,0.0,0
181,,RE2,CF1,TL1,CQ1,CAP1,COP1,RE2_CF1_TL1_CQ1_CAP1_COP1,H,无配额,BAU,0.4,2887,2026,1.18,0.0,0
181,,RE2,CF1,TL1,CQ1,CAP1,COP1,RE2_CF1_TL1_CQ1_CAP1_COP1,H,无配额,BAU,0.4,2888,2027,1.21,0.0,0
181,,RE2,CF1,TL1,CQ1,CAP1,COP1,RE2_CF1_TL1_CQ1_CAP1_COP1,H,无配额,BAU,0.4,2889,2028,1.24,0.0,0
181,,RE2,CF1,TL1,CQ1,CAP1,COP1,RE2_CF1_TL1_CQ1_CAP1_COP1,H,无配额,BAU,0.4,2890,2029,1.27,0.0,0
181,,RE2,CF1,TL1,CQ1,CAP1,COP1,RE2_CF1_TL1_CQ1_CAP1_COP1,H,无配额,BAU,0.4,2891,2030,1.3,0.0,0
181,,RE2,CF1,TL1,CQ1,CAP1,COP1,RE2_CF1_TL1_CQ1_CAP1_COP1,H,无配额,BAU,0.4,2892,2031,1.36,0.0,0
181,,RE2,CF1,TL1,CQ1,CAP1,COP1,RE2_CF1_TL1_CQ1_CAP1_COP1,H,无配额,BAU,0.4,2893,2032,1.42,0.0,0
181,,RE2,CF1,TL1,CQ1,CAP1,COP1,RE2_CF1_TL1_CQ1_CAP1_COP1,H,无配额,BAU,0.4,2894,2033,1.48,0.0,0
181,,RE2,CF1,TL1,CQ1,CAP1,COP1,RE2_CF1_TL1_CQ1_CAP1_COP1,H,无配额,BAU,0.4,2895,2034,1.54,0.0,0
181,,RE2,CF1,TL1,CQ1,CAP1,COP1,RE2_CF1_TL1_CQ1_CAP1_COP1,H,无配额,BAU,0.4,2896,2035,1.6,0.0,0
182,,RE2,CF1,TL1,CQ1,CAP1,COP2,RE2_CF1_TL1_CQ1_CAP1_COP2,H,无配额,PD,0.4,2897,2020,1.0,0.0,0
182,,RE2,CF1,TL1,CQ1,CAP1,COP2,RE2_CF1_TL1_CQ1_CAP1_COP2,H,无配额,PD,0.4,2898,2021,1.03,0.0,0
182,,RE2,CF1,TL1,CQ1,CAP1,COP2,RE2_CF1_TL1_CQ1_CAP1_COP2,H,无配额,PD,0.4,2899,2022,1.06,0.0,0
182,,RE2,CF1,TL1,CQ1,CAP1,COP2,RE2_CF1_TL1_CQ1_CAP1_COP2,H,无配额,PD,0.4,2900,2023,1.09,0.0,0
182,,RE2,CF1,TL1,CQ1,CAP1,COP2,RE2_CF1_TL1_CQ1_CAP1_COP2,H,无配额,PD,0.4,2901,2024,1.12,0.0,0
182,,RE2,CF1,TL1,CQ1,CAP1,COP2,RE2_CF1_TL1_CQ1_CAP1_COP2,H,无配额,PD,0.4,2902,2025,1.15,0.0,0
182,,RE2,CF1,TL1,CQ1,CAP1,COP2,RE2_CF1_TL1_CQ1_CAP1_COP2,H,无配额,PD,0.4,2903,2026,1.18,0.0,0
182,,RE2,CF1,TL1,CQ1,CAP1,COP2,RE2_CF1_TL1_CQ1_CAP1_COP2,H,无配额,PD,0.4,2904,2027,1.21,0.0,0
182,,RE2,CF1,TL1,CQ1,CAP1,COP2,RE2_CF1_TL1_CQ1_CAP1_COP2,H,无配额,PD,0.4,2905,2028,1.24,0.0,0
182,,RE2,CF1,TL1,CQ1,CAP1,COP2,RE2_CF1_TL1_CQ1_CAP1_COP2,H,无配额,PD,0.4,2906,2029,1.27,0.0,0
182,,RE2,CF1,TL1,CQ1,CAP1,COP2,RE2_CF1_TL1_CQ1_CAP1_COP2,H,无配额,PD,0.4,2907,2030,1.3,0.0,0
182,,RE2,CF1,TL1,CQ1,CAP1,COP2,RE2_CF1_TL1_CQ1_CAP1_COP2,H,无配额,PD,0.4,2908,2031,1.36,0.0,0
182,,RE2,CF1,TL1,CQ1,CAP1,COP2,RE2_CF1_TL1_CQ1_CAP1_COP2,H,无配额,PD,0.4,2909,2032,1.42,0.0,0
182,,RE2,CF1,TL1,CQ1,CAP1,COP2,RE2_CF1_TL1_CQ1_CAP1_COP2,H,无配额,PD,0.4,2910,2033,1.48,0.0,0
182,,RE2,CF1,TL1,CQ1,CAP1,COP2,RE2_CF1_TL1_CQ1_CAP1_COP2,H,无配额,PD,0.4,2911,2034,1.54,0.0,0
182,,RE2,CF1,TL1,CQ1,CAP1,COP2,RE2_CF1_TL1_CQ1_CAP1_COP2,H,无配额,PD,0.4,2912,2035,1.6,0.0,0
183,,RE2,CF1,TL1,CQ1,CAP2,COP1,RE2_CF1_TL1_CQ1_CAP2_COP1,H,无配额,BAU,0.4,2913,2020,1.0,0.0,0
183,,RE2,CF1,TL1,CQ1,CAP2,COP1,RE2_CF1_TL1_CQ1_CAP2_COP1,H,无配额,BAU,0.4,2914,2021,1.03,0.0,0
183,,RE2,CF1,TL1,CQ1,CAP2,COP1,RE2_CF1_TL1_CQ1_CAP2_COP1,H,无配额,BAU,0.4,2915,2022,1.06,0.0,0
183,,RE2,CF1,TL1,CQ1,CAP2,COP1,RE2_CF1_TL1_CQ1_CAP2_COP1,H,无配额,BAU,0.4,2916,2023,1.09,0.0,0
183,,RE2,CF1,TL1,CQ1,CAP2,COP1,RE2_CF1_TL1_CQ1_CAP2_COP1,H,无配额,BAU,0.4,2917,2024,1.12,0.0,0
183,,RE2,CF1,TL1,CQ1,CAP2,COP1,RE2_CF1_TL1_CQ1_CAP2_COP1,H,无配额,BAU,0.4,2918,2025,1.15,0.0,0
183,,RE2,CF1,TL1,CQ1,CAP2,COP1,RE2_CF1_TL1_CQ1_CAP2_COP1,H,无配额,BAU,0.4,2919,2026,1.18,0.0,0
183,,RE2,CF1,TL1,CQ1,CAP2,COP1,RE2_CF1_TL1_CQ1_CAP2_COP1,H,无配额,BAU,0.4,2920,2027,1.21,0.0,0
183,,RE2,CF1,TL1,CQ1,CAP2,COP1,RE2_CF1_TL1_CQ1_CAP2_COP1,H,无配额,BAU,0.4,2921,2028,1.24,0.0,0
183,,RE2,CF1,TL1,CQ1,CAP2,COP1,RE2_CF1_TL1_CQ1_CAP2_COP1,H,无配额,BAU,0.4,2922,2029,1.27,0.0,0
183,,RE2,CF1,TL1,CQ1,CAP2,COP1,RE2_CF1_TL1_CQ1_CAP2_COP1,H,无配额,BAU,0.4,2923,2030,1.3,0.0,0
183,,RE2,CF1,TL1,CQ1,CAP2,COP1,RE2_CF1_TL1_CQ1_CAP2_COP1,H,无配额,BAU,0.4,2924,2031,1.36,0.0,0
183,,RE2,CF1,TL1,CQ1,CAP2,COP1,RE2_CF1_TL1_CQ1_CAP2_COP1,H,无配额,BAU,0.4,2925,2032,1.42,0.0,0
183,,RE2,CF1,TL1,CQ1,CAP2,COP1,RE2_CF1_TL1_CQ1_CAP2_COP1,H,无配额,BAU,0.4,2926,2033,1.48,0.0,0
183,,RE2,CF1,TL1,CQ1,CAP2,COP1,RE2_CF1_TL1_CQ1_CAP2_COP1,H,无配额,BAU,0.4,2927,2034,1.54,0.0,0
183,,RE2,CF1,TL1,CQ1,CAP2,COP1,RE2_CF1_TL1_CQ1_CAP2_COP1,H,无配额,BAU,0.4,2928,2035,1.6,0.0,0
184,,RE2,CF1,TL1,CQ1,CAP2,COP2,RE2_CF1_TL1_CQ1_CAP2_COP2,H,无配额,PD,0.4,2929,2020,1.0,0.0,0
184,,RE2,CF1,TL1,CQ1,CAP2,COP2,RE2_CF1_TL1_CQ1_CAP2_COP2,H,无配额,PD,0.4,2930,2021,1.03,0.0,0
184,,RE2,CF1,TL1,CQ1,CAP2,COP2,RE2_CF1_TL1_CQ1_CAP2_COP2,H,无配额,PD,0.4,2931,2022,1.06,0.0,0
184,,RE2,CF1,TL1,CQ1,CAP2,COP2,RE2_CF1_TL1_CQ1_CAP2_COP2,H,无配额,PD,0.4,2932,2023,1.09,0.0,0
184,,RE2,CF1,TL1,CQ1,CAP2,COP2,RE2_CF1_TL1_CQ1_CAP2_COP2,H,无配额,PD,0.4,2933,2024,1.12,0.0,0
184,,RE2,CF1,TL1,CQ1,CAP2,COP2,RE2_CF1_TL1_CQ1_CAP2_COP2,H,无配额,PD,0.4,2934,2025,1.15,0.0,0
184,,RE2,CF1,TL1,CQ1,CAP2,COP2,RE2_CF1_TL1_CQ1_CAP2_COP2,H,无配额,PD,0.4,2935,2026,1.18,0.0,0
184,,RE2,CF1,TL1,CQ1,CAP2,COP2,RE2_CF1_TL1_CQ1_CAP2_COP2,H,无配额,PD,0.4,2936,2027,1.21,0.0,0
184,,RE2,CF1,TL1,CQ1,CAP2,COP2,RE2_CF1_TL1_CQ1_CAP2_COP2,H,无配额,PD,0.4,2937,2028,1.24,0.0,0
184,,RE2,CF1,TL1,CQ1,CAP2,COP2,RE2_CF1_TL1_CQ1_CAP2_COP2,H,无配额,PD,0.4,2938,2029,1.27,0.0,0
184,,RE2,CF1,TL1,CQ1,CAP2,COP2,RE2_CF1_TL1_CQ1_CAP2_COP2,H,无配额,PD,0.4,2939,2030,1.3,0.0,0
184,,RE2,CF1,TL1,CQ1,CAP2,COP2,RE2_CF1_TL1_CQ1_CAP2_COP2,H,无配额,PD,0.4,2940,2031,1.36,0.0,0
184,,RE2,CF1,TL1,CQ1,CAP2,COP2,RE2_CF1_TL1_CQ1_CAP2_COP2,H,无配额,PD,0.4,2941,2032,1.42,0.0,0
184,,RE2,CF1,TL1,CQ1,CAP2,COP2,RE2_CF1_TL1_CQ1_CAP2_COP2,H,无配额,PD,0.4,2942,2033,1.48,0.0,0
184,,RE2,CF1,TL1,CQ1,CAP2,COP2,RE2_CF1_TL1_CQ1_CAP2_COP2,H,无配额,PD,0.4,2943,2034,1.54,0.0,0
184,,RE2,CF1,TL1,CQ1,CAP2,COP2,RE2_CF1_TL1_CQ1_CAP2_COP2,H,无配额,PD,0.4,2944,2035,1.6,0.0,0
185,,RE2,CF1,TL1,CQ2,CAP1,COP1,RE2_CF1_TL1_CQ2_CAP1_COP1,H,基准不变,BAU,0.4,2945,2020,1.0,42.85,1
185,,RE2,CF1,TL1,CQ2,CAP1,COP1,RE2_CF1_TL1_CQ2_CAP1_COP1,H,基准不变,BAU,0.4,2946,2021,1.03,42.85,1
185,,RE2,CF1,TL1,CQ2,CAP1,COP1,RE2_CF1_TL1_CQ2_CAP1_COP1,H,基准不变,BAU,0.4,2947,2022,1.06,45.61,1
185,,RE2,CF1,TL1,CQ2,CAP1,COP1,RE2_CF1_TL1_CQ2_CAP1_COP1,H,基准不变,BAU,0.4,2948,2023,1.09,62.79,1
185,,RE2,CF1,TL1,CQ2,CAP1,COP1,RE2_CF1_TL1_CQ2_CAP1_COP1,H,基准不变,BAU,0.4,2949,2024,1.12,70.36,1
185,,RE2,CF1,TL1,CQ2,CAP1,COP1,RE2_CF1_TL1_CQ2_CAP1_COP1,H,基准不变,BAU,0.4,2950,2025,1.15,80.33,1
185,,RE2,CF1,TL1,CQ2,CAP1,COP1,RE2_CF1_TL1_CQ2_CAP1_COP1,H,基准不变,BAU,0.4,2951,2026,1.18,90.3,1
185,,RE2,CF1,TL1,CQ2,CAP1,COP1,RE2_CF1_TL1_CQ2_CAP1_COP1,H,基准不变,BAU,0.4,2952,2027,1.21,100.27,1
185,,RE2,CF1,TL1,CQ2,CAP1,COP1,RE2_CF1_TL1_CQ2_CAP1_COP1,H,基准不变,BAU,0.4,2953,2028,1.24,110.24,1
185,,RE2,CF1,TL1,CQ2,CAP1,COP1,RE2_CF1_TL1_CQ2_CAP1_COP1,H,基准不变,BAU,0.4,2954,2029,1.27,120.21,1
185,,RE2,CF1,TL1,CQ2,CAP1,COP1,RE2_CF1_TL1_CQ2_CAP1_COP1,H,基准不变,BAU,0.4,2955,2030,1.3,130.18,1
185,,RE2,CF1,TL1,CQ2,CAP1,COP1,RE2_CF1_TL1_CQ2_CAP1_COP1,H,基准不变,BAU,0.4,2956,2031,1.36,137.9,1
185,,RE2,CF1,TL1,CQ2,CAP1,COP1,RE2_CF1_TL1_CQ2_CAP1_COP1,H,基准不变,BAU,0.4,2957,2032,1.42,147.31,1
185,,RE2,CF1,TL1,CQ2,CAP1,COP1,RE2_CF1_TL1_CQ2_CAP1_COP1,H,基准不变,BAU,0.4,2958,2033,1.48,156.72,1
185,,RE2,CF1,TL1,CQ2,CAP1,COP1,RE2_CF1_TL1_CQ2_CAP1_COP1,H,基准不变,BAU,0.4,2959,2034,1.54,166.13,1
185,,RE2,CF1,TL1,CQ2,CAP1,COP1,RE2_CF1_TL1_CQ2_CAP1_COP1,H,基准不变,BAU,0.4,2960,2035,1.6,175.53,1
186,,RE2,CF1,TL1,CQ2,CAP1,COP2,RE2_CF1_TL1_CQ2_CAP1_COP2,H,基准不变,PD,0.4,2961,2020,1.0,42.85,1
186,,RE2,CF1,TL1,CQ2,CAP1,COP2,RE2_CF1_TL1_CQ2_CAP1_COP2,H,基准不变,PD,0.4,2962,2021,1.03,42.85,1
186,,RE2,CF1,TL1,CQ2,CAP1,COP2,RE2_CF1_TL1_CQ2_CAP1_COP2,H,基准不变,PD,0.4,2963,2022,1.06,45.61,1
186,,RE2,CF1,TL1,CQ2,CAP1,COP2,RE2_CF1_TL1_CQ2_CAP1_COP2,H,基准不变,PD,0.4,2964,2023,1.09,62.79,1
186,,RE2,CF1,TL1,CQ2,CAP1,COP2,RE2_CF1_TL1_CQ2_CAP1_COP2,H,基准不变,PD,0.4,2965,2024,1.12,70.36,1
186,,RE2,CF1,TL1,CQ2,CAP1,COP2,RE2_CF1_TL1_CQ2_CAP1_COP2,H,基准不变,PD,0.4,2966,2025,1.15,80.33,1
186,,RE2,CF1,TL1,CQ2,CAP1,COP2,RE2_CF1_TL1_CQ2_CAP1_COP2,H,基准不变,PD,0.4,2967,2026,1.18,90.3,1
186,,RE2,CF1,TL1,CQ2,CAP1,COP2,RE2_CF1_TL1_CQ2_CAP1_COP2,H,基准不变,PD,0.4,2968,2027,1.21,100.27,1
186,,RE2,CF1,TL1,CQ2,CAP1,COP2,RE2_CF1_TL1_CQ2_CAP1_COP2,H,基准不变,PD,0.4,2969,2028,1.24,110.24,1
186,,RE2,CF1,TL1,CQ2,CAP1,COP2,RE2_CF1_TL1_CQ2_CAP1_COP2,H,基准不变,PD,0.4,2970,2029,1.27,120.21,1
186,,RE2,CF1,TL1,CQ2,CAP1,COP2,RE2_CF1_TL1_CQ2_CAP1_COP2,H,基准不变,PD,0.4,2971,2030,1.3,130.18,1
186,,RE2,CF1,TL1,CQ2,CAP1,COP2,RE2_CF1_TL1_CQ2_CAP1_COP2,H,基准不变,PD,0.4,2972,2031,1.36,137.9,1
186,,RE2,CF1,TL1,CQ2,CAP1,COP2,RE2_CF1_TL1_CQ2_CAP1_COP2,H,基准不变,PD,0.4,2973,2032,1.42,147.31,1
186,,RE2,CF1,TL1,CQ2,CAP1,COP2,RE2_CF1_TL1_CQ2_CAP1_COP2,H,基准不变,PD,0.4,2974,2033,1.48,156.72,1
186,,RE2,CF1,TL1,CQ2,CAP1,COP2,RE2_CF1_TL1_CQ2_CAP1_COP2,H,基准不变,PD,0.4,2975,2034,1.54,166.13,1
186,,RE2,CF1,TL1,CQ2,CAP1,COP2,RE2_CF1_TL1_CQ2_CAP1_COP2,H,基准不变,PD,0.4,2976,2035,1.6,175.53,1
187,,RE2,CF1,TL1,CQ2,CAP2,COP2,RE2_CF1_TL1_CQ2_CAP2_COP2,H,基准不变,PD,0.4,2977,2020,1.0,42.85,1
187,,RE2,CF1,TL1,CQ2,CAP2,COP2,RE2_CF1_TL1_CQ2_CAP2_COP2,H,基准不变,PD,0.4,2978,2021,1.03,42.85,1
187,,RE2,CF1,TL1,CQ2,CAP2,COP2,RE2_CF1_TL1_CQ2_CAP2_COP2,H,基准不变,PD,0.4,2979,2022,1.06,45.61,1
187,,RE2,CF1,TL1,CQ2,CAP2,COP2,RE2_CF1_TL1_CQ2_CAP2_COP2,H,基准不变,PD,0.4,2980,2023,1.09,127.71,1
187,,RE2,CF1,TL1,CQ2,CAP2,COP2,RE2_CF1_TL1_CQ2_CAP2_COP2,H,基准不变,PD,0.4,2981,2024,1.12,209.81,1
187,,RE2,CF1,TL1,CQ2,CAP2,COP2,RE2_CF1_TL1_CQ2_CAP2_COP2,H,基准不变,PD,0.4,2982,2025,1.15,291.9,1
187,,RE2,CF1,TL1,CQ2,CAP2,COP2,RE2_CF1_TL1_CQ2_CAP2_COP2,H,基准不变,PD,0.4,2983,2026,1.18,374.0,1
187,,RE2,CF1,TL1,CQ2,CAP2,COP2,RE2_CF1_TL1_CQ2_CAP2_COP2,H,基准不变,PD,0.4,2984,2027,1.21,456.1,1
187,,RE2,CF1,TL1,CQ2,CAP2,COP2,RE2_CF1_TL1_CQ2_CAP2_COP2,H,基准不变,PD,0.4,2985,2028,1.24,456.1,1
187,,RE2,CF1,TL1,CQ2,CAP2,COP2,RE2_CF1_TL1_CQ2_CAP2_COP2,H,基准不变,PD,0.4,2986,2029,1.27,456.1,1
187,,RE2,CF1,TL1,CQ2,CAP2,COP2,RE2_CF1_TL1_CQ2_CAP2_COP2,H,基准不变,PD,0.4,2987,2030,1.3,456.1,1
187,,RE2,CF1,TL1,CQ2,CAP2,COP2,RE2_CF1_TL1_CQ2_CAP2_COP2,H,基准不变,PD,0.4,2988,2031,1.36,456.1,1
187,,RE2,CF1,TL1,CQ2,CAP2,COP2,RE2_CF1_TL1_CQ2_CAP2_COP2,H,基准不变,PD,0.4,2989,2032,1.42,456.1,1
187,,RE2,CF1,TL1,CQ2,CAP2,COP2,RE2_CF1_TL1_CQ2_CAP2_COP2,H,基准不变,PD,0.4,2990,2033,1.48,456.1,1
187,,RE2,CF1,TL1,CQ2,CAP2,COP2,RE2_CF1_TL1_CQ2_CAP2_COP2,H,基准不变,PD,0.4,2991,2034,1.54,456.1,1
187,,RE2,CF1,TL1,CQ2,CAP2,COP2,RE2_CF1_TL1_CQ2_CAP2_COP2,H,基准不变,PD,0.4,2992,2035,1.6,456.1,1
188,,RE2,CF1,TL1,CQ3,CAP1,COP2,RE2_CF1_TL1_CQ3_CAP1_COP2,H,REPO,PD,0.4,2993,2020,1.0,42.85,1
188,,RE2,CF1,TL1,CQ3,CAP1,COP2,RE2_CF1_TL1_CQ3_CAP1_COP2,H,REPO,PD,0.4,2994,2021,1.03,42.85,1
188,,RE2,CF1,TL1,CQ3,CAP1,COP2,RE2_CF1_TL1_CQ3_CAP1_COP2,H,REPO,PD,0.4,2995,2022,1.06,45.61,1
188,,RE2,CF1,TL1,CQ3,CAP1,COP2,RE2_CF1_TL1_CQ3_CAP1_COP2,H,REPO,PD,0.4,2996,2023,1.09,62.79,1
188,,RE2,CF1,TL1,CQ3,CAP1,COP2,RE2_CF1_TL1_CQ3_CAP1_COP2,H,REPO,PD,0.4,2997,2024,1.12,70.36,1
188,,RE2,CF1,TL1,CQ3,CAP1,COP2,RE2_CF1_TL1_CQ3_CAP1_COP2,H,REPO,PD,0.4,2998,2025,1.15,80.33,1
188,,RE2,CF1,TL1,CQ3,CAP1,COP2,RE2_CF1_TL1_CQ3_CAP1_COP2,H,REPO,PD,0.4,2999,2026,1.18,90.3,1
188,,RE2,CF1,TL1,CQ3,CAP1,COP2,RE2_CF1_TL1_CQ3_CAP1_COP2,H,REPO,PD,0.4,3000,2027,1.21,100.27,1
188,,RE2,CF1,TL1,CQ3,CAP1,COP2,RE2_CF1_TL1_CQ3_CAP1_COP2,H,REPO,PD,0.4,3001,2028,1.24,110.24,1
188,,RE2,CF1,TL1,CQ3,CAP1,COP2,RE2_CF1_TL1_CQ3_CAP1_COP2,H,REPO,PD,0.4,3002,2029,1.27,120.21,1
188,,RE2,CF1,TL1,CQ3,CAP1,COP2,RE2_CF1_TL1_CQ3_CAP1_COP2,H,REPO,PD,0.4,3003,2030,1.3,130.18,1
188,,RE2,CF1,TL1,CQ3,CAP1,COP2,RE2_CF1_TL1_CQ3_CAP1_COP2,H,REPO,PD,0.4,3004,2031,1.36,137.9,1
188,,RE2,CF1,TL1,CQ3,CAP1,COP2,RE2_CF1_TL1_CQ3_CAP1_COP2,H,REPO,PD,0.4,3005,2032,1.42,147.31,1
188,,RE2,CF1,TL1,CQ3,CAP1,COP2,RE2_CF1_TL1_CQ3_CAP1_COP2,H,REPO,PD,0.4,3006,2033,1.48,156.72,1
188,,RE2,CF1,TL1,CQ3,CAP1,COP2,RE2_CF1_TL1_CQ3_CAP1_COP2,H,REPO,PD,0.4,3007,2034,1.54,166.13,1
188,,RE2,CF1,TL1,CQ3,CAP1,COP2,RE2_CF1_TL1_CQ3_CAP1_COP2,H,REPO,PD,0.4,3008,2035,1.6,175.53,1
189,,RE2,CF1,TL1,CQ3,CAP2,COP1,RE2_CF1_TL1_CQ3_CAP2_COP1,H,REPO,BAU,0.4,3009,2020,1.0,42.85,1
189,,RE2,CF1,TL1,CQ3,CAP2,COP1,RE2_CF1_TL1_CQ3_CAP2_COP1,H,REPO,BAU,0.4,3010,2021,1.03,42.85,1
189,,RE2,CF1,TL1,CQ3,CAP2,COP1,RE2_CF1_TL1_CQ3_CAP2_COP1,H,REPO,BAU,0.4,3011,2022,1.06,45.61,1
189,,RE2,CF1,TL1,CQ3,CAP2,COP1,RE2_CF1_TL1_CQ3_CAP2_COP1,H,REPO,BAU,0.4,3012,2023,1.09,127.71,1
189,,RE2,CF1,TL1,CQ3,CAP2,COP1,RE2_CF1_TL1_CQ3_CAP2_COP1,H,REPO,BAU,0.4,3013,2024,1.12,209.81,1
189,,RE2,CF1,TL1,CQ3,CAP2,COP1,RE2_CF1_TL1_CQ3_CAP2_COP1,H,REPO,BAU,0.4,3014,2025,1.15,291.9,1
189,,RE2,CF1,TL1,CQ3,CAP2,COP1,RE2_CF1_TL1_CQ3_CAP2_COP1,H,REPO,BAU,0.4,3015,2026,1.18,374.0,1
189,,RE2,CF1,TL1,CQ3,CAP2,COP1,RE2_CF1_TL1_CQ3_CAP2_COP1,H,REPO,BAU,0.4,3016,2027,1.21,456.1,1
189,,RE2,CF1,TL1,CQ3,CAP2,COP1,RE2_CF1_TL1_CQ3_CAP2_COP1,H,REPO,BAU,0.4,3017,2028,1.24,456.1,1
189,,RE2,CF1,TL1,CQ3,CAP2,COP1,RE2_CF1_TL1_CQ3_CAP2_COP1,H,REPO,BAU,0.4,3018,2029,1.27,456.1,1
189,,RE2,CF1,TL1,CQ3,CAP2,COP1,RE2_CF1_TL1_CQ3_CAP2_COP1,H,REPO,BAU,0.4,3019,2030,1.3,456.1,1
189,,RE2,CF1,TL1,CQ3,CAP2,COP1,RE2_CF1_TL1_CQ3_CAP2_COP1,H,REPO,BAU,0.4,3020,2031,1.36,456.1,1
189,,RE2,CF1,TL1,CQ3,CAP2,COP1,RE2_CF1_TL1_CQ3_CAP2_COP1,H,REPO,BAU,0.4,3021,2032,1.42,456.1,1
189,,RE2,CF1,TL1,CQ3,CAP2,COP1,RE2_CF1_TL1_CQ3_CAP2_COP1,H,REPO,BAU,0.4,3022,2033,1.48,456.1,1
189,,RE2,CF1,TL1,CQ3,CAP2,COP1,RE2_CF1_TL1_CQ3_CAP2_COP1,H,REPO,BAU,0.4,3023,2034,1.54,456.1,1
189,,RE2,CF1,TL1,CQ3,CAP2,COP1,RE2_CF1_TL1_CQ3_CAP2_COP1,H,REPO,BAU,0.4,3024,2035,1.6,456.1,1
190,,RE2,CF1,TL1,CQ3,CAP2,COP2,RE2_CF1_TL1_CQ3_CAP2_COP2,H,REPO,PD,0.4,3025,2020,1.0,42.85,1
190,,RE2,CF1,TL1,CQ3,CAP2,COP2,RE2_CF1_TL1_CQ3_CAP2_COP2,H,REPO,PD,0.4,3026,2021,1.03,42.85,1
190,,RE2,CF1,TL1,CQ3,CAP2,COP2,RE2_CF1_TL1_CQ3_CAP2_COP2,H,REPO,PD,0.4,3027,2022,1.06,45.61,1
190,,RE2,CF1,TL1,CQ3,CAP2,COP2,RE2_CF1_TL1_CQ3_CAP2_COP2,H,REPO,PD,0.4,3028,2023,1.09,127.71,1
190,,RE2,CF1,TL1,CQ3,CAP2,COP2,RE2_CF1_TL1_CQ3_CAP2_COP2,H,REPO,PD,0.4,3029,2024,1.12,209.81,1
190,,RE2,CF1,TL1,CQ3,CAP2,COP2,RE2_CF1_TL1_CQ3_CAP2_COP2,H,REPO,PD,0.4,3030,2025,1.15,291.9,1
190,,RE2,CF1,TL1,CQ3,CAP2,COP2,RE2_CF1_TL1_CQ3_CAP2_COP2,H,REPO,PD,0.4,3031,2026,1.18,374.0,1
190,,RE2,CF1,TL1,CQ3,CAP2,COP2,RE2_CF1_TL1_CQ3_CAP2_COP2,H,REPO,PD,0.4,3032,2027,1.21,456.1,1
190,,RE2,CF1,TL1,CQ3,CAP2,COP2,RE2_CF1_TL1_CQ3_CAP2_COP2,H,REPO,PD,0.4,3033,2028,1.24,456.1,1
190,,RE2,CF1,TL1,CQ3,CAP2,COP2,RE2_CF1_TL1_CQ3_CAP2_COP2,H,REPO,PD,0.4,3034,2029,1.27,456.1,1
190,,RE2,CF1,TL1,CQ3,CAP2,COP2,RE2_CF1_TL1_CQ3_CAP2_COP2,H,REPO,PD,0.4,3035,2030,1.3,456.1,1
190,,RE2,CF1,TL1,CQ3,CAP2,COP2,RE2_CF1_TL1_CQ3_CAP2_COP2,H,REPO,PD,0.4,3036,2031,1.36,456.1,1
190,,RE2,CF1,TL1,CQ3,CAP2,COP2,RE2_CF1_TL1_CQ3_CAP2_COP2,H,REPO,PD,0.4,3037,2032,1.42,456.1,1
190,,RE2,CF1,TL1,CQ3,CAP2,COP2,RE2_CF1_TL1_CQ3_CAP2_COP2,H,REPO,PD,0.4,3038,2033,1.48,456.1,1
190,,RE2,CF1,TL1,CQ3,CAP2,COP2,RE2_CF1_TL1_CQ3_CAP2_COP2,H,REPO,PD,0.4,3039,2034,1.54,456.1,1
190,,RE2,CF1,TL1,CQ3,CAP2,COP2,RE2_CF1_TL1_CQ3_CAP2_COP2,H,REPO,PD,0.4,3040,2035,1.6,456.1,1
191,,RE2,CF1,TL1,CQ4,CAP1,COP1,RE2_CF1_TL1_CQ4_CAP1_COP1,H,REPO_plus,BAU,0.4,3041,2020,1.0,42.85,1
191,,RE2,CF1,TL1,CQ4,CAP1,COP1,RE2_CF1_TL1_CQ4_CAP1_COP1,H,REPO_plus,BAU,0.4,3042,2021,1.03,42.85,1
191,,RE2,CF1,TL1,CQ4,CAP1,COP1,RE2_CF1_TL1_CQ4_CAP1_COP1,H,REPO_plus,BAU,0.4,3043,2022,1.06,45.61,1
191,,RE2,CF1,TL1,CQ4,CAP1,COP1,RE2_CF1_TL1_CQ4_CAP1_COP1,H,REPO_plus,BAU,0.4,3044,2023,1.09,62.79,1
191,,RE2,CF1,TL1,CQ4,CAP1,COP1,RE2_CF1_TL1_CQ4_CAP1_COP1,H,REPO_plus,BAU,0.4,3045,2024,1.12,70.36,1
191,,RE2,CF1,TL1,CQ4,CAP1,COP1,RE2_CF1_TL1_CQ4_CAP1_COP1,H,REPO_plus,BAU,0.4,3046,2025,1.15,80.33,1
191,,RE2,CF1,TL1,CQ4,CAP1,COP1,RE2_CF1_TL1_CQ4_CAP1_COP1,H,REPO_plus,BAU,0.4,3047,2026,1.18,90.3,1
191,,RE2,CF1,TL1,CQ4,CAP1,COP1,RE2_CF1_TL1_CQ4_CAP1_COP1,H,REPO_plus,BAU,0.4,3048,2027,1.21,100.27,1
191,,RE2,CF1,TL1,CQ4,CAP1,COP1,RE2_CF1_TL1_CQ4_CAP1_COP1,H,REPO_plus,BAU,0.4,3049,2028,1.24,110.24,1
191,,RE2,CF1,TL1,CQ4,CAP1,COP1,RE2_CF1_TL1_CQ4_CAP1_COP1,H,REPO_plus,BAU,0.4,3050,2029,1.27,120.21,1
191,,RE2,CF1,TL1,CQ4,CAP1,COP1,RE2_CF1_TL1_CQ4_CAP1_COP1,H,REPO_plus,BAU,0.4,3051,2030,1.3,130.18,1
191,,RE2,CF1,TL1,CQ4,CAP1,COP1,RE2_CF1_TL1_CQ4_CAP1_COP1,H,REPO_plus,BAU,0.4,3052,2031,1.36,137.9,1
191,,RE2,CF1,TL1,CQ4,CAP1,COP1,RE2_CF1_TL1_CQ4_CAP1_COP1,H,REPO_plus,BAU,0.4,3053,2032,1.42,147.31,1
191,,RE2,CF1,TL1,CQ4,CAP1,COP1,RE2_CF1_TL1_CQ4_CAP1_COP1,H,REPO_plus,BAU,0.4,3054,2033,1.48,156.72,1
191,,RE2,CF1,TL1,CQ4,CAP1,COP1,RE2_CF1_TL1_CQ4_CAP1_COP1,H,REPO_plus,BAU,0.4,3055,2034,1.54,166.13,1
191,,RE2,CF1,TL1,CQ4,CAP1,COP1,RE2_CF1_TL1_CQ4_CAP1_COP1,H,REPO_plus,BAU,0.4,3056,2035,1.6,175.53,1
192,,RE2,CF1,TL1,CQ4,CAP1,COP2,RE2_CF1_TL1_CQ4_CAP1_COP2,H,REPO_plus,PD,0.4,3057,2020,1.0,42.85,1
192,,RE2,CF1,TL1,CQ4,CAP1,COP2,RE2_CF1_TL1_CQ4_CAP1_COP2,H,REPO_plus,PD,0.4,3058,2021,1.03,42.85,1
192,,RE2,CF1,TL1,CQ4,CAP1,COP2,RE2_CF1_TL1_CQ4_CAP1_COP2,H,REPO_plus,PD,0.4,3059,2022,1.06,45.61,1
192,,RE2,CF1,TL1,CQ4,CAP1,COP2,RE2_CF1_TL1_CQ4_CAP1_COP2,H,REPO_plus,PD,0.4,3060,2023,1.09,62.79,1
192,,RE2,CF1,TL1,CQ4,CAP1,COP2,RE2_CF1_TL1_CQ4_CAP1_COP2,H,REPO_plus,PD,0.4,3061,2024,1.12,70.36,1
192,,RE2,CF1,TL1,CQ4,CAP1,COP2,RE2_CF1_TL1_CQ4_CAP1_COP2,H,REPO_plus,PD,0.4,3062,2025,1.15,80.33,1
192,,RE2,CF1,TL1,CQ4,CAP1,COP2,RE2_CF1_TL1_CQ4_CAP1_COP2,H,REPO_plus,PD,0.4,3063,2026,1.18,90.3,1
192,,RE2,CF1,TL1,CQ4,CAP1,COP2,RE2_CF1_TL1_CQ4_CAP1_COP2,H,REPO_plus,PD,0.4,3064,2027,1.21,100.27,1
192,,RE2,CF1,TL1,CQ4,CAP1,COP2,RE2_CF1_TL1_CQ4_CAP1_COP2,H,REPO_plus,PD,0.4,3065,2028,1.24,110.24,1
192,,RE2,CF1,TL1,CQ4,CAP1,COP2,RE2_CF1_TL1_CQ4_CAP1_COP2,H,REPO_plus,PD,0.4,3066,2029,1.27,120.21,1
192,,RE2,CF1,TL1,CQ4,CAP1,COP2,RE2_CF1_TL1_CQ4_CAP1_COP2,H,REPO_plus,PD,0.4,3067,2030,1.3,130.18,1
192,,RE2,CF1,TL1,CQ4,CAP1,COP2,RE2_CF1_TL1_CQ4_CAP1_COP2,H,REPO_plus,PD,0.4,3068,2031,1.36,137.9,1
192,,RE2,CF1,TL1,CQ4,CAP1,COP2,RE2_CF1_TL1_CQ4_CAP1_COP2,H,REPO_plus,PD,0.4,3069,2032,1.42,147.31,1
192,,RE2,CF1,TL1,CQ4,CAP1,COP2,RE2_CF1_TL1_CQ4_CAP1_COP2,H,REPO_plus,PD,0.4,3070,2033,1.48,156.72,1
192,,RE2,CF1,TL1,CQ4,CAP1,COP2,RE2_CF1_TL1_CQ4_CAP1_COP2,H,REPO_plus,PD,0.4,3071,2034,1.54,166.13,1
192,,RE2,CF1,TL1,CQ4,CAP1,COP2,RE2_CF1_TL1_CQ4_CAP1_COP2,H,REPO_plus,PD,0.4,3072,2035,1.6,175.53,1
193,,RE2,CF1,TL1,CQ4,CAP2,COP1,RE2_CF1_TL1_CQ4_CAP2_COP1,H,REPO_plus,BAU,0.4,3073,2020,1.0,42.85,1
193,,RE2,CF1,TL1,CQ4,CAP2,COP1,RE2_CF1_TL1_CQ4_CAP2_COP1,H,REPO_plus,BAU,0.4,3074,2021,1.03,42.85,1
193,,RE2,CF1,TL1,CQ4,CAP2,COP1,RE2_CF1_TL1_CQ4_CAP2_COP1,H,REPO_plus,BAU,0.4,3075,2022,1.06,45.61,1
193,,RE2,CF1,TL1,CQ4,CAP2,COP1,RE2_CF1_TL1_CQ4_CAP2_COP1,H,REPO_plus,BAU,0.4,3076,2023,1.09,127.71,1
193,,RE2,CF1,TL1,CQ4,CAP2,COP1,RE2_CF1_TL1_CQ4_CAP2_COP1,H,REPO_plus,BAU,0.4,3077,2024,1.12,209.81,1
193,,RE2,CF1,TL1,CQ4,CAP2,COP1,RE2_CF1_TL1_CQ4_CAP2_COP1,H,REPO_plus,BAU,0.4,3078,2025,1.15,291.9,1
193,,RE2,CF1,TL1,CQ4,CAP2,COP1,RE2_CF1_TL1_CQ4_CAP2_COP1,H,REPO_plus,BAU,0.4,3079,2026,1.18,374.0,1
193,,RE2,CF1,TL1,CQ4,CAP2,COP1,RE2_CF1_TL1_CQ4_CAP2_COP1,H,REPO_plus,BAU,0.4,3080,2027,1.21,456.1,1
193,,RE2,CF1,TL1,CQ4,CAP2,COP1,RE2_CF1_TL1_CQ4_CAP2_COP1,H,REPO_plus,BAU,0.4,3081,2028,1.24,456.1,1
193,,RE2,CF1,TL1,CQ4,CAP2,COP1,RE2_CF1_TL1_CQ4_CAP2_COP1,H,REPO_plus,BAU,0.4,3082,2029,1.27,456.1,1
193,,RE2,CF1,TL1,CQ4,CAP2,COP1,RE2_CF1_TL1_CQ4_CAP2_COP1,H,REPO_plus,BAU,0.4,3083,2030,1.3,456.1,1
193,,RE2,CF1,TL1,CQ4,CAP2,COP1,RE2_CF1_TL1_CQ4_CAP2_COP1,H,REPO_plus,BAU,0.4,3084,2031,1.36,456.1,1
193,,RE2,CF1,TL1,CQ4,CAP2,COP1,RE2_CF1_TL1_CQ4_CAP2_COP1,H,REPO_plus,BAU,0.4,3085,2032,1.42,456.1,1
193,,RE2,CF1,TL1,CQ4,CAP2,COP1,RE2_CF1_TL1_CQ4_CAP2_COP1,H,REPO_plus,BAU,0.4,3086,2033,1.48,456.1,1
193,,RE2,CF1,TL1,CQ4,CAP2,COP1,RE2_CF1_TL1_CQ4_CAP2_COP1,H,REPO_plus,BAU,0.4,3087,2034,1.54,456.1,1
193,,RE2,CF1,TL1,CQ4,CAP2,COP1,RE2_CF1_TL1_CQ4_CAP2_COP1,H,REPO_plus,BAU,0.4,3088,2035,1.6,456.1,1
194,,RE2,CF1,TL1,CQ5,CAP1,COP2,RE2_CF1_TL1_CQ5_CAP1_COP2,H,全行业配额,PD,0.4,3089,2020,1.0,42.85,1
194,,RE2,CF1,TL1,CQ5,CAP1,COP2,RE2_CF1_TL1_CQ5_CAP1_COP2,H,全行业配额,PD,0.4,3090,2021,1.03,42.85,1
194,,RE2,CF1,TL1,CQ5,CAP1,COP2,RE2_CF1_TL1_CQ5_CAP1_COP2,H,全行业配额,PD,0.4,3091,2022,1.06,45.61,1
194,,RE2,CF1,TL1,CQ5,CAP1,COP2,RE2_CF1_TL1_CQ5_CAP1_COP2,H,全行业配额,PD,0.4,3092,2023,1.09,62.79,1
194,,RE2,CF1,TL1,CQ5,CAP1,COP2,RE2_CF1_TL1_CQ5_CAP1_COP2,H,全行业配额,PD,0.4,3093,2024,1.12,70.36,1
194,,RE2,CF1,TL1,CQ5,CAP1,COP2,RE2_CF1_TL1_CQ5_CAP1_COP2,H,全行业配额,PD,0.4,3094,2025,1.15,80.33,1
194,,RE2,CF1,TL1,CQ5,CAP1,COP2,RE2_CF1_TL1_CQ5_CAP1_COP2,H,全行业配额,PD,0.4,3095,2026,1.18,90.3,1
194,,RE2,CF1,TL1,CQ5,CAP1,COP2,RE2_CF1_TL1_CQ5_CAP1_COP2,H,全行业配额,PD,0.4,3096,2027,1.21,100.27,1
194,,RE2,CF1,TL1,CQ5,CAP1,COP2,RE2_CF1_TL1_CQ5_CAP1_COP2,H,全行业配额,PD,0.4,3097,2028,1.24,110.24,1
194,,RE2,CF1,TL1,CQ5,CAP1,COP2,RE2_CF1_TL1_CQ5_CAP1_COP2,H,全行业配额,PD,0.4,3098,2029,1.27,120.21,1
194,,RE2,CF1,TL1,CQ5,CAP1,COP2,RE2_CF1_TL1_CQ5_CAP1_COP2,H,全行业配额,PD,0.4,3099,2030,1.3,130.18,1
194,,RE2,CF1,TL1,CQ5,CAP1,COP2,RE2_CF1_TL1_CQ5_CAP1_COP2,H,全行业配额,PD,0.4,3100,2031,1.36,137.9,1
194,,RE2,CF1,TL1,CQ5,CAP1,COP2,RE2_CF1_TL1_CQ5_CAP1_COP2,H,全行业配额,PD,0.4,3101,2032,1.42,147.31,1
194,,RE2,CF1,TL1,CQ5,CAP1,COP2,RE2_CF1_TL1_CQ5_CAP1_COP2,H,全行业配额,PD,0.4,3102,2033,1.48,156.72,1
194,,RE2,CF1,TL1,CQ5,CAP1,COP2,RE2_CF1_TL1_CQ5_CAP1_COP2,H,全行业配额,PD,0.4,3103,2034,1.54,166.13,1
194,,RE2,CF1,TL1,CQ5,CAP1,COP2,RE2_CF1_TL1_CQ5_CAP1_COP2,H,全行业配额,PD,0.4,3104,2035,1.6,175.53,1
195,,RE2,CF1,TL1,CQ5,CAP2,COP1,RE2_CF1_TL1_CQ5_CAP2_COP1,H,全行业配额,BAU,0.4,3105,2020,1.0,42.85,1
195,,RE2,CF1,TL1,CQ5,CAP2,COP1,RE2_CF1_TL1_CQ5_CAP2_COP1,H,全行业配额,BAU,0.4,3106,2021,1.03,42.85,1
195,,RE2,CF1,TL1,CQ5,CAP2,COP1,RE2_CF1_TL1_CQ5_CAP2_COP1,H,全行业配额,BAU,0.4,3107,2022,1.06,45.61,1
195,,RE2,CF1,TL1,CQ5,CAP2,COP1,RE2_CF1_TL1_CQ5_CAP2_COP1,H,全行业配额,BAU,0.4,3108,2023,1.09,127.71,1
195,,RE2,CF1,TL1,CQ5,CAP2,COP1,RE2_CF1_TL1_CQ5_CAP2_COP1,H,全行业配额,BAU,0.4,3109,2024,1.12,209.81,1
195,,RE2,CF1,TL1,CQ5,CAP2,COP1,RE2_CF1_TL1_CQ5_CAP2_COP1,H,全行业配额,BAU,0.4,3110,2025,1.15,291.9,1
195,,RE2,CF1,TL1,CQ5,CAP2,COP1,RE2_CF1_TL1_CQ5_CAP2_COP1,H,全行业配额,BAU,0.4,3111,2026,1.18,374.0,1
195,,RE2,CF1,TL1,CQ5,CAP2,COP1,RE2_CF1_TL1_CQ5_CAP2_COP1,H,全行业配额,BAU,0.4,3112,2027,1.21,456.1,1
195,,RE2,CF1,TL1,CQ5,CAP2,COP1,RE2_CF1_TL1_CQ5_CAP2_COP1,H,全行业配额,BAU,0.4,3113,2028,1.24,456.1,1
195,,RE2,CF1,TL1,CQ5,CAP2,COP1,RE2_CF1_TL1_CQ5_CAP2_COP1,H,全行业配额,BAU,0.4,3114,2029,1.27,456.1,1
195,,RE2,CF1,TL1,CQ5,CAP2,COP1,RE2_CF1_TL1_CQ5_CAP2_COP1,H,全行业配额,BAU,0.4,3115,2030,1.3,456.1,1
195,,RE2,CF1,TL1,CQ5,CAP2,COP1,RE2_CF1_TL1_CQ5_CAP2_COP1,H,全行业配额,BAU,0.4,3116,2031,1.36,456.1,1
195,,RE2,CF1,TL1,CQ5,CAP2,COP1,RE2_CF1_TL1_CQ5_CAP2_COP1,H,全行业配额,BAU,0.4,3117,2032,1.42,456.1,1
195,,RE2,CF1,TL1,CQ5,CAP2,COP1,RE2_CF1_TL1_CQ5_CAP2_COP1,H,全行业配额,BAU,0.4,3118,2033,1.48,456.1,1
195,,RE2,CF1,TL1,CQ5,CAP2,COP1,RE2_CF1_TL1_CQ5_CAP2_COP1,H,全行业配额,BAU,0.4,3119,2034,1.54,456.1,1
195,,RE2,CF1,TL1,CQ5,CAP2,COP1,RE2_CF1_TL1_CQ5_CAP2_COP1,H,全行业配额,BAU,0.4,3120,2035,1.6,456.1,1
196,,RE2,CF1,TL1,CQ6,CAP1,COP1,RE2_CF1_TL1_CQ6_CAP1_COP1,H,电力配额,BAU,0.4,3121,2020,1.0,42.85,1
196,,RE2,CF1,TL1,CQ6,CAP1,COP1,RE2_CF1_TL1_CQ6_CAP1_COP1,H,电力配额,BAU,0.4,3122,2021,1.03,42.85,1
196,,RE2,CF1,TL1,CQ6,CAP1,COP1,RE2_CF1_TL1_CQ6_CAP1_COP1,H,电力配额,BAU,0.4,3123,2022,1.06,45.61,1
196,,RE2,CF1,TL1,CQ6,CAP1,COP1,RE2_CF1_TL1_CQ6_CAP1_COP1,H,电力配额,BAU,0.4,3124,2023,1.09,62.79,1
196,,RE2,CF1,TL1,CQ6,CAP1,COP1,RE2_CF1_TL1_CQ6_CAP1_COP1,H,电力配额,BAU,0.4,3125,2024,1.12,70.36,1
196,,RE2,CF1,TL1,CQ6,CAP1,COP1,RE2_CF1_TL1_CQ6_CAP1_COP1,H,电力配额,BAU,0.4,3126,2025,1.15,80.33,1
196,,RE2,CF1,TL1,CQ6,CAP1,COP1,RE2_CF1_TL1_CQ6_CAP1_COP1,H,电力配额,BAU,0.4,3127,2026,1.18,90.3,1
196,,RE2,CF1,TL1,CQ6,CAP1,COP1,RE2_CF1_TL1_CQ6_CAP1_COP1,H,电力配额,BAU,0.4,3128,2027,1.21,100.27,1
196,,RE2,CF1,TL1,CQ6,CAP1,COP1,RE2_CF1_TL1_CQ6_CAP1_COP1,H,电力配额,BAU,0.4,3129,2028,1.24,110.24,1
196,,RE2,CF1,TL1,CQ6,CAP1,COP1,RE2_CF1_TL1_CQ6_CAP1_COP1,H,电力配额,BAU,0.4,3130,2029,1.27,120.21,1
196,,RE2,CF1,TL1,CQ6,CAP1,COP1,RE2_CF1_TL1_CQ6_CAP1_COP1,H,电力配额,BAU,0.4,3131,2030,1.3,130.18,1
196,,RE2,CF1,TL1,CQ6,CAP1,COP1,RE2_CF1_TL1_CQ6_CAP1_COP1,H,电力配额,BAU,0.4,3132,2031,1.36,137.9,1
196,,RE2,CF1,TL1,CQ6,CAP1,COP1,RE2_CF1_TL1_CQ6_CAP1_COP1,H,电力配额,BAU,0.4,3133,2032,1.42,147.31,1
196,,RE2,CF1,TL1,CQ6,CAP1,COP1,RE2_CF1_TL1_CQ6_CAP1_COP1,H,电力配额,BAU,0.4,3134,2033,1.48,156.72,1
196,,RE2,CF1,TL1,CQ6,CAP1,COP1,RE2_CF1_TL1_CQ6_CAP1_COP1,H,电力配额,BAU,0.4,3135,2034,1.54,166.13,1
196,,RE2,CF1,TL1,CQ6,CAP1,COP1,RE2_CF1_TL1_CQ6_CAP1_COP1,H,电力配额,BAU,0.4,3136,2035,1.6,175.53,1
197,,RE2,CF1,TL1,CQ6,CAP2,COP1,RE2_CF1_TL1_CQ6_CAP2_COP1,H,电力配额,BAU,0.4,3137,2020,1.0,42.85,1
197,,RE2,CF1,TL1,CQ6,CAP2,COP1,RE2_CF1_TL1_CQ6_CAP2_COP1,H,电力配额,BAU,0.4,3138,2021,1.03,42.85,1
197,,RE2,CF1,TL1,CQ6,CAP2,COP1,RE2_CF1_TL1_CQ6_CAP2_COP1,H,电力配额,BAU,0.4,3139,2022,1.06,45.61,1
197,,RE2,CF1,TL1,CQ6,CAP2,COP1,RE2_CF1_TL1_CQ6_CAP2_COP1,H,电力配额,BAU,0.4,3140,2023,1.09,127.71,1
197,,RE2,CF1,TL1,CQ6,CAP2,COP1,RE2_CF1_TL1_CQ6_CAP2_COP1,H,电力配额,BAU,0.4,3141,2024,1.12,209.81,1
197,,RE2,CF1,TL1,CQ6,CAP2,COP1,RE2_CF1_TL1_CQ6_CAP2_COP1,H,电力配额,BAU,0.4,3142,2025,1.15,291.9,1
197,,RE2,CF1,TL1,CQ6,CAP2,COP1,RE2_CF1_TL1_CQ6_CAP2_COP1,H,电力配额,BAU,0.4,3143,2026,1.18,374.0,1
197,,RE2,CF1,TL1,CQ6,CAP2,COP1,RE2_CF1_TL1_CQ6_CAP2_COP1,H,电力配额,BAU,0.4,3144,2027,1.21,456.1,1
197,,RE2,CF1,TL1,CQ6,CAP2,COP1,RE2_CF1_TL1_CQ6_CAP2_COP1,H,电力配额,BAU,0.4,3145,2028,1.24,456.1,1
197,,RE2,CF1,TL1,CQ6,CAP2,COP1,RE2_CF1_TL1_CQ6_CAP2_COP1,H,电力配额,BAU,0.4,3146,2029,1.27,456.1,1
197,,RE2,CF1,TL1,CQ6,CAP2,COP1,RE2_CF1_TL1_CQ6_CAP2_COP1,H,电力配额,BAU,0.4,3147,2030,1.3,456.1,1
197,,RE2,CF1,TL1,CQ6,CAP2,COP1,RE2_CF1_TL1_CQ6_CAP2_COP1,H,电力配额,BAU,0.4,3148,2031,1.36,456.1,1
197,,RE2,CF1,TL1,CQ6,CAP2,COP1,RE2_CF1_TL1_CQ6_CAP2_COP1,H,电力配额,BAU,0.4,3149,2032,1.42,456.1,1
197,,RE2,CF1,TL1,CQ6,CAP2,COP1,RE2_CF1_TL1_CQ6_CAP2_COP1,H,电力配额,BAU,0.4,3150,2033,1.48,456.1,1
197,,RE2,CF1,TL1,CQ6,CAP2,COP1,RE2_CF1_TL1_CQ6_CAP2_COP1,H,电力配额,BAU,0.4,3151,2034,1.54,456.1,1
197,,RE2,CF1,TL1,CQ6,CAP2,COP1,RE2_CF1_TL1_CQ6_CAP2_COP1,H,电力配额,BAU,0.4,3152,2035,1.6,456.1,1
198,,RE2,CF1,TL1,CQ6,CAP2,COP2,RE2_CF1_TL1_CQ6_CAP2_COP2,H,电力配额,PD,0.4,3153,2020,1.0,42.85,1
198,,RE2,CF1,TL1,CQ6,CAP2,COP2,RE2_CF1_TL1_CQ6_CAP2_COP2,H,电力配额,PD,0.4,3154,2021,1.03,42.85,1
198,,RE2,CF1,TL1,CQ6,CAP2,COP2,RE2_CF1_TL1_CQ6_CAP2_COP2,H,电力配额,PD,0.4,3155,2022,1.06,45.61,1
198,,RE2,CF1,TL1,CQ6,CAP2,COP2,RE2_CF1_TL1_CQ6_CAP2_COP2,H,电力配额,PD,0.4,3156,2023,1.09,127.71,1
198,,RE2,CF1,TL1,CQ6,CAP2,COP2,RE2_CF1_TL1_CQ6_CAP2_COP2,H,电力配额,PD,0.4,3157,2024,1.12,209.81,1
198,,RE2,CF1,TL1,CQ6,CAP2,COP2,RE2_CF1_TL1_CQ6_CAP2_COP2,H,电力配额,PD,0.4,3158,2025,1.15,291.9,1
198,,RE2,CF1,TL1,CQ6,CAP2,COP2,RE2_CF1_TL1_CQ6_CAP2_COP2,H,电力配额,PD,0.4,3159,2026,1.18,374.0,1
198,,RE2,CF1,TL1,CQ6,CAP2,COP2,RE2_CF1_TL1_CQ6_CAP2_COP2,H,电力配额,PD,0.4,3160,2027,1.21,456.1,1
198,,RE2,CF1,TL1,CQ6,CAP2,COP2,RE2_CF1_TL1_CQ6_CAP2_COP2,H,电力配额,PD,0.4,3161,2028,1.24,456.1,1
198,,RE2,CF1,TL1,CQ6,CAP2,COP2,RE2_CF1_TL1_CQ6_CAP2_COP2,H,电力配额,PD,0.4,3162,2029,1.27,456.1,1
198,,RE2,CF1,TL1,CQ6,CAP2,COP2,RE2_CF1_TL1_CQ6_CAP2_COP2,H,电力配额,PD,0.4,3163,2030,1.3,456.1,1
198,,RE2,CF1,TL1,CQ6,CAP2,COP2,RE2_CF1_TL1_CQ6_CAP2_COP2,H,电力配额,PD,0.4,3164,2031,1.36,456.1,1
198,,RE2,CF1,TL1,CQ6,CAP2,COP2,RE2_CF1_TL1_CQ6_CAP2_COP2,H,电力配额,PD,0.4,3165,2032,1.42,456.1,1
198,,RE2,CF1,TL1,CQ6,CAP2,COP2,RE2_CF1_TL1_CQ6_CAP2_COP2,H,电力配额,PD,0.4,3166,2033,1.48,456.1,1
198,,RE2,CF1,TL1,CQ6,CAP2,COP2,RE2_CF1_TL1_CQ6_CAP2_COP2,H,电力配额,PD,0.4,3167,2034,1.54,456.1,1
198,,RE2,CF1,TL1,CQ6,CAP2,COP2,RE2_CF1_TL1_CQ6_CAP2_COP2,H,电力配额,PD,0.4,3168,2035,1.6,456.1,1
199,,RE2,CF1,TL2,CQ1,CAP1,COP1,RE2_CF1_TL2_CQ1_CAP1_COP1,H,无配额,BAU,0.4,3169,2020,1.0,0.0,0
199,,RE2,CF1,TL2,CQ1,CAP1,COP1,RE2_CF1_TL2_CQ1_CAP1_COP1,H,无配额,BAU,0.4,3170,2021,1.1,0.0,0
199,,RE2,CF1,TL2,CQ1,CAP1,COP1,RE2_CF1_TL2_CQ1_CAP1_COP1,H,无配额,BAU,0.4,3171,2022,1.2,0.0,0
199,,RE2,CF1,TL2,CQ1,CAP1,COP1,RE2_CF1_TL2_CQ1_CAP1_COP1,H,无配额,BAU,0.4,3172,2023,1.3,0.0,0
199,,RE2,CF1,TL2,CQ1,CAP1,COP1,RE2_CF1_TL2_CQ1_CAP1_COP1,H,无配额,BAU,0.4,3173,2024,1.4,0.0,0
199,,RE2,CF1,TL2,CQ1,CAP1,COP1,RE2_CF1_TL2_CQ1_CAP1_COP1,H,无配额,BAU,0.4,3174,2025,1.5,0.0,0
199,,RE2,CF1,TL2,CQ1,CAP1,COP1,RE2_CF1_TL2_CQ1_CAP1_COP1,H,无配额,BAU,0.4,3175,2026,1.6,0.0,0
199,,RE2,CF1,TL2,CQ1,CAP1,COP1,RE2_CF1_TL2_CQ1_CAP1_COP1,H,无配额,BAU,0.4,3176,2027,1.7,0.0,0
199,,RE2,CF1,TL2,CQ1,CAP1,COP1,RE2_CF1_TL2_CQ1_CAP1_COP1,H,无配额,BAU,0.4,3177,2028,1.8,0.0,0
199,,RE2,CF1,TL2,CQ1,CAP1,COP1,RE2_CF1_TL2_CQ1_CAP1_COP1,H,无配额,BAU,0.4,3178,2029,1.9,0.0,0
199,,RE2,CF1,TL2,CQ1,CAP1,COP1,RE2_CF1_TL2_CQ1_CAP1_COP1,H,无配额,BAU,0.4,3179,2030,2.0,0.0,0
199,,RE2,CF1,TL2,CQ1,CAP1,COP1,RE2_CF1_TL2_CQ1_CAP1_COP1,H,无配额,BAU,0.4,3180,2031,2.1,0.0,0
199,,RE2,CF1,TL2,CQ1,CAP1,COP1,RE2_CF1_TL2_CQ1_CAP1_COP1,H,无配额,BAU,0.4,3181,2032,2.2,0.0,0
199,,RE2,CF1,TL2,CQ1,CAP1,COP1,RE2_CF1_TL2_CQ1_CAP1_COP1,H,无配额,BAU,0.4,3182,2033,2.3,0.0,0
199,,RE2,CF1,TL2,CQ1,CAP1,COP1,RE2_CF1_TL2_CQ1_CAP1_COP1,H,无配额,BAU,0.4,3183,2034,2.4,0.0,0
199,,RE2,CF1,TL2,CQ1,CAP1,COP1,RE2_CF1_TL2_CQ1_CAP1_COP1,H,无配额,BAU,0.4,3184,2035,2.5,0.0,0
200,,RE2,CF1,TL2,CQ1,CAP2,COP2,RE2_CF1_TL2_CQ1_CAP2_COP2,H,无配额,PD,0.4,3185,2020,1.0,0.0,0
200,,RE2,CF1,TL2,CQ1,CAP2,COP2,RE2_CF1_TL2_CQ1_CAP2_COP2,H,无配额,PD,0.4,3186,2021,1.1,0.0,0
200,,RE2,CF1,TL2,CQ1,CAP2,COP2,RE2_CF1_TL2_CQ1_CAP2_COP2,H,无配额,PD,0.4,3187,2022,1.2,0.0,0
200,,RE2,CF1,TL2,CQ1,CAP2,COP2,RE2_CF1_TL2_CQ1_CAP2_COP2,H,无配额,PD,0.4,3188,2023,1.3,0.0,0
200,,RE2,CF1,TL2,CQ1,CAP2,COP2,RE2_CF1_TL2_CQ1_CAP2_COP2,H,无配额,PD,0.4,3189,2024,1.4,0.0,0
200,,RE2,CF1,TL2,CQ1,CAP2,COP2,RE2_CF1_TL2_CQ1_CAP2_COP2,H,无配额,PD,0.4,3190,2025,1.5,0.0,0
200,,RE2,CF1,TL2,CQ1,CAP2,COP2,RE2_CF1_TL2_CQ1_CAP2_COP2,H,无配额,PD,0.4,3191,2026,1.6,0.0,0
200,,RE2,CF1,TL2,CQ1,CAP2,COP2,RE2_CF1_TL2_CQ1_CAP2_COP2,H,无配额,PD,0.4,3192,2027,1.7,0.0,0
200,,RE2,CF1,TL2,CQ1,CAP2,COP2,RE2_CF1_TL2_CQ1_CAP2_COP2,H,无配额,PD,0.4,3193,2028,1.8,0.0,0
200,,RE2,CF1,TL2,CQ1,CAP2,COP2,RE2_CF1_TL2_CQ1_CAP2_COP2,H,无配额,PD,0.4,3194,2029,1.9,0.0,0
200,,RE2,CF1,TL2,CQ1,CAP2,COP2,RE2_CF1_TL2_CQ1_CAP2_COP2,H,无配额,PD,0.4,3195,2030,2.0,0.0,0
200,,RE2,CF1,TL2,CQ1,CAP2,COP2,RE2_CF1_TL2_CQ1_CAP2_COP2,H,无配额,PD,0.4,3196,2031,2.1,0.0,0
200,,RE2,CF1,TL2,CQ1,CAP2,COP2,RE2_CF1_TL2_CQ1_CAP2_COP2,H,无配额,PD,0.4,3197,2032,2.2,0.0,0
200,,RE2,CF1,TL2,CQ1,CAP2,COP2,RE2_CF1_TL2_CQ1_CAP2_COP2,H,无配额,PD,0.4,3198,2033,2.3,0.0,0
200,,RE2,CF1,TL2,CQ1,CAP2,COP2,RE2_CF1_TL2_CQ1_CAP2_COP2,H,无配额,PD,0.4,3199,2034,2.4,0.0,0
200,,RE2,CF1,TL2,CQ1,CAP2,COP2,RE2_CF1_TL2_CQ1_CAP2_COP2,H,无配额,PD,0.4,3200,2035,2.5,0.0,0
201,,RE2,CF1,TL2,CQ2,CAP1,COP1,RE2_CF1_TL2_CQ2_CAP1_COP1,H,基准不变,BAU,0.4,3201,2020,1.0,42.85,1
201,,RE2,CF1,TL2,CQ2,CAP1,COP1,RE2_CF1_TL2_CQ2_CAP1_COP1,H,基准不变,BAU,0.4,3202,2021,1.1,42.85,1
201,,RE2,CF1,TL2,CQ2,CAP1,COP1,RE2_CF1_TL2_CQ2_CAP1_COP1,H,基准不变,BAU,0.4,3203,2022,1.2,45.61,1
201,,RE2,CF1,TL2,CQ2,CAP1,COP1,RE2_CF1_TL2_CQ2_CAP1_COP1,H,基准不变,BAU,0.4,3204,2023,1.3,62.79,1
201,,RE2,CF1,TL2,CQ2,CAP1,COP1,RE2_CF1_TL2_CQ2_CAP1_COP1,H,基准不变,BAU,0.4,3205,2024,1.4,70.36,1
201,,RE2,CF1,TL2,CQ2,CAP1,COP1,RE2_CF1_TL2_CQ2_CAP1_COP1,H,基准不变,BAU,0.4,3206,2025,1.5,80.33,1
201,,RE2,CF1,TL2,CQ2,CAP1,COP1,RE2_CF1_TL2_CQ2_CAP1_COP1,H,基准不变,BAU,0.4,3207,2026,1.6,90.3,1
201,,RE2,CF1,TL2,CQ2,CAP1,COP1,RE2_CF1_TL2_CQ2_CAP1_COP1,H,基准不变,BAU,0.4,3208,2027,1.7,100.27,1
201,,RE2,CF1,TL2,CQ2,CAP1,COP1,RE2_CF1_TL2_CQ2_CAP1_COP1,H,基准不变,BAU,0.4,3209,2028,1.8,110.24,1
201,,RE2,CF1,TL2,CQ2,CAP1,COP1,RE2_CF1_TL2_CQ2_CAP1_COP1,H,基准不变,BAU,0.4,3210,2029,1.9,120.21,1
201,,RE2,CF1,TL2,CQ2,CAP1,COP1,RE2_CF1_TL2_CQ2_CAP1_COP1,H,基准不变,BAU,0.4,3211,2030,2.0,130.18,1
201,,RE2,CF1,TL2,CQ2,CAP1,COP1,RE2_CF1_TL2_CQ2_CAP1_COP1,H,基准不变,BAU,0.4,3212,2031,2.1,137.9,1
201,,RE2,CF1,TL2,CQ2,CAP1,COP1,RE2_CF1_TL2_CQ2_CAP1_COP1,H,基准不变,BAU,0.4,3213,2032,2.2,147.31,1
201,,RE2,CF1,TL2,CQ2,CAP1,COP1,RE2_CF1_TL2_CQ2_CAP1_COP1,H,基准不变,BAU,0.4,3214,2033,2.3,156.72,1
201,,RE2,CF1,TL2,CQ2,CAP1,COP1,RE2_CF1_TL2_CQ2_CAP1_COP1,H,基准不变,BAU,0.4,3215,2034,2.4,166.13,1
201,,RE2,CF1,TL2,CQ2,CAP1,COP1,RE2_CF1_TL2_CQ2_CAP1_COP1,H,基准不变,BAU,0.4,3216,2035,2.5,175.53,1
202,,RE2,CF1,TL2,CQ2,CAP2,COP1,RE2_CF1_TL2_CQ2_CAP2_COP1,H,基准不变,BAU,0.4,3217,2020,1.0,42.85,1
202,,RE2,CF1,TL2,CQ2,CAP2,COP1,RE2_CF1_TL2_CQ2_CAP2_COP1,H,基准不变,BAU,0.4,3218,2021,1.1,42.85,1
202,,RE2,CF1,TL2,CQ2,CAP2,COP1,RE2_CF1_TL2_CQ2_CAP2_COP1,H,基准不变,BAU,0.4,3219,2022,1.2,45.61,1
202,,RE2,CF1,TL2,CQ2,CAP2,COP1,RE2_CF1_TL2_CQ2_CAP2_COP1,H,基准不变,BAU,0.4,3220,2023,1.3,127.71,1
202,,RE2,CF1,TL2,CQ2,CAP2,COP1,RE2_CF1_TL2_CQ2_CAP2_COP1,H,基准不变,BAU,0.4,3221,2024,1.4,209.81,1
202,,RE2,CF1,TL2,CQ2,CAP2,COP1,RE2_CF1_TL2_CQ2_CAP2_COP1,H,基准不变,BAU,0.4,3222,2025,1.5,291.9,1
202,,RE2,CF1,TL2,CQ2,CAP2,COP1,RE2_CF1_TL2_CQ2_CAP2_COP1,H,基准不变,BAU,0.4,3223,2026,1.6,374.0,1
202,,RE2,CF1,TL2,CQ2,CAP2,COP1,RE2_CF1_TL2_CQ2_CAP2_COP1,H,基准不变,BAU,0.4,3224,2027,1.7,456.1,1
202,,RE2,CF1,TL2,CQ2,CAP2,COP1,RE2_CF1_TL2_CQ2_CAP2_COP1,H,基准不变,BAU,0.4,3225,2028,1.8,456.1,1
202,,RE2,CF1,TL2,CQ2,CAP2,COP1,RE2_CF1_TL2_CQ2_CAP2_COP1,H,基准不变,BAU,0.4,3226,2029,1.9,456.1,1
202,,RE2,CF1,TL2,CQ2,CAP2,COP1,RE2_CF1_TL2_CQ2_CAP2_COP1,H,基准不变,BAU,0.4,3227,2030,2.0,456.1,1
202,,RE2,CF1,TL2,CQ2,CAP2,COP1,RE2_CF1_TL2_CQ2_CAP2_COP1,H,基准不变,BAU,0.4,3228,2031,2.1,456.1,1
202,,RE2,CF1,TL2,CQ2,CAP2,COP1,RE2_CF1_TL2_CQ2_CAP2_COP1,H,基准不变,BAU,0.4,3229,2032,2.2,456.1,1
202,,RE2,CF1,TL2,CQ2,CAP2,COP1,RE2_CF1_TL2_CQ2_CAP2_COP1,H,基准不变,BAU,0.4,3230,2033,2.3,456.1,1
202,,RE2,CF1,TL2,CQ2,CAP2,COP1,RE2_CF1_TL2_CQ2_CAP2_COP1,H,基准不变,BAU,0.4,3231,2034,2.4,456.1,1
202,,RE2,CF1,TL2,CQ2,CAP2,COP1,RE2_CF1_TL2_CQ2_CAP2_COP1,H,基准不变,BAU,0.4,3232,2035,2.5,456.1,1
203,,RE2,CF1,TL2,CQ2,CAP2,COP2,RE2_CF1_TL2_CQ2_CAP2_COP2,H,基准不变,PD,0.4,3233,2020,1.0,42.85,1
203,,RE2,CF1,TL2,CQ2,CAP2,COP2,RE2_CF1_TL2_CQ2_CAP2_COP2,H,基准不变,PD,0.4,3234,2021,1.1,42.85,1
203,,RE2,CF1,TL2,CQ2,CAP2,COP2,RE2_CF1_TL2_CQ2_CAP2_COP2,H,基准不变,PD,0.4,3235,2022,1.2,45.61,1
203,,RE2,CF1,TL2,CQ2,CAP2,COP2,RE2_CF1_TL2_CQ2_CAP2_COP2,H,基准不变,PD,0.4,3236,2023,1.3,127.71,1
203,,RE2,CF1,TL2,CQ2,CAP2,COP2,RE2_CF1_TL2_CQ2_CAP2_COP2,H,基准不变,PD,0.4,3237,2024,1.4,209.81,1
203,,RE2,CF1,TL2,CQ2,CAP2,COP2,RE2_CF1_TL2_CQ2_CAP2_COP2,H,基准不变,PD,0.4,3238,2025,1.5,291.9,1
203,,RE2,CF1,TL2,CQ2,CAP2,COP2,RE2_CF1_TL2_CQ2_CAP2_COP2,H,基准不变,PD,0.4,3239,2026,1.6,374.0,1
203,,RE2,CF1,TL2,CQ2,CAP2,COP2,RE2_CF1_TL2_CQ2_CAP2_COP2,H,基准不变,PD,0.4,3240,2027,1.7,456.1,1
203,,RE2,CF1,TL2,CQ2,CAP2,COP2,RE2_CF1_TL2_CQ2_CAP2_COP2,H,基准不变,PD,0.4,3241,2028,1.8,456.1,1
203,,RE2,CF1,TL2,CQ2,CAP2,COP2,RE2_CF1_TL2_CQ2_CAP2_COP2,H,基准不变,PD,0.4,3242,2029,1.9,456.1,1
203,,RE2,CF1,TL2,CQ2,CAP2,COP2,RE2_CF1_TL2_CQ2_CAP2_COP2,H,基准不变,PD,0.4,3243,2030,2.0,456.1,1
203,,RE2,CF1,TL2,CQ2,CAP2,COP2,RE2_CF1_TL2_CQ2_CAP2_COP2,H,基准不变,PD,0.4,3244,2031,2.1,456.1,1
203,,RE2,CF1,TL2,CQ2,CAP2,COP2,RE2_CF1_TL2_CQ2_CAP2_COP2,H,基准不变,PD,0.4,3245,2032,2.2,456.1,1
203,,RE2,CF1,TL2,CQ2,CAP2,COP2,RE2_CF1_TL2_CQ2_CAP2_COP2,H,基准不变,PD,0.4,3246,2033,2.3,456.1,1
203,,RE2,CF1,TL2,CQ2,CAP2,COP2,RE2_CF1_TL2_CQ2_CAP2_COP2,H,基准不变,PD,0.4,3247,2034,2.4,456.1,1
203,,RE2,CF1,TL2,CQ2,CAP2,COP2,RE2_CF1_TL2_CQ2_CAP2_COP2,H,基准不变,PD,0.4,3248,2035,2.5,456.1,1
204,,RE2,CF1,TL2,CQ3,CAP1,COP1,RE2_CF1_TL2_CQ3_CAP1_COP1,H,REPO,BAU,0.4,3249,2020,1.0,42.85,1
204,,RE2,CF1,TL2,CQ3,CAP1,COP1,RE2_CF1_TL2_CQ3_CAP1_COP1,H,REPO,BAU,0.4,3250,2021,1.1,42.85,1
204,,RE2,CF1,TL2,CQ3,CAP1,COP1,RE2_CF1_TL2_CQ3_CAP1_COP1,H,REPO,BAU,0.4,3251,2022,1.2,45.61,1
204,,RE2,CF1,TL2,CQ3,CAP1,COP1,RE2_CF1_TL2_CQ3_CAP1_COP1,H,REPO,BAU,0.4,3252,2023,1.3,62.79,1
204,,RE2,CF1,TL2,CQ3,CAP1,COP1,RE2_CF1_TL2_CQ3_CAP1_COP1,H,REPO,BAU,0.4,3253,2024,1.4,70.36,1
204,,RE2,CF1,TL2,CQ3,CAP1,COP1,RE2_CF1_TL2_CQ3_CAP1_COP1,H,REPO,BAU,0.4,3254,2025,1.5,80.33,1
204,,RE2,CF1,TL2,CQ3,CAP1,COP1,RE2_CF1_TL2_CQ3_CAP1_COP1,H,REPO,BAU,0.4,3255,2026,1.6,90.3,1
204,,RE2,CF1,TL2,CQ3,CAP1,COP1,RE2_CF1_TL2_CQ3_CAP1_COP1,H,REPO,BAU,0.4,3256,2027,1.7,100.27,1
204,,RE2,CF1,TL2,CQ3,CAP1,COP1,RE2_CF1_TL2_CQ3_CAP1_COP1,H,REPO,BAU,0.4,3257,2028,1.8,110.24,1
204,,RE2,CF1,TL2,CQ3,CAP1,COP1,RE2_CF1_TL2_CQ3_CAP1_COP1,H,REPO,BAU,0.4,3258,2029,1.9,120.21,1
204,,RE2,CF1,TL2,CQ3,CAP1,COP1,RE2_CF1_TL2_CQ3_CAP1_COP1,H,REPO,BAU,0.4,3259,2030,2.0,130.18,1
204,,RE2,CF1,TL2,CQ3,CAP1,COP1,RE2_CF1_TL2_CQ3_CAP1_COP1,H,REPO,BAU,0.4,3260,2031,2.1,137.9,1
204,,RE2,CF1,TL2,CQ3,CAP1,COP1,RE2_CF1_TL2_CQ3_CAP1_COP1,H,REPO,BAU,0.4,3261,2032,2.2,147.31,1
204,,RE2,CF1,TL2,CQ3,CAP1,COP1,RE2_CF1_TL2_CQ3_CAP1_COP1,H,REPO,BAU,0.4,3262,2033,2.3,156.72,1
204,,RE2,CF1,TL2,CQ3,CAP1,COP1,RE2_CF1_TL2_CQ3_CAP1_COP1,H,REPO,BAU,0.4,3263,2034,2.4,166.13,1
204,,RE2,CF1,TL2,CQ3,CAP1,COP1,RE2_CF1_TL2_CQ3_CAP1_COP1,H,REPO,BAU,0.4,3264,2035,2.5,175.53,1
205,,RE2,CF1,TL2,CQ3,CAP1,COP2,RE2_CF1_TL2_CQ3_CAP1_COP2,H,REPO,PD,0.4,3265,2020,1.0,42.85,1
205,,RE2,CF1,TL2,CQ3,CAP1,COP2,RE2_CF1_TL2_CQ3_CAP1_COP2,H,REPO,PD,0.4,3266,2021,1.1,42.85,1
205,,RE2,CF1,TL2,CQ3,CAP1,COP2,RE2_CF1_TL2_CQ3_CAP1_COP2,H,REPO,PD,0.4,3267,2022,1.2,45.61,1
205,,RE2,CF1,TL2,CQ3,CAP1,COP2,RE2_CF1_TL2_CQ3_CAP1_COP2,H,REPO,PD,0.4,3268,2023,1.3,62.79,1
205,,RE2,CF1,TL2,CQ3,CAP1,COP2,RE2_CF1_TL2_CQ3_CAP1_COP2,H,REPO,PD,0.4,3269,2024,1.4,70.36,1
205,,RE2,CF1,TL2,CQ3,CAP1,COP2,RE2_CF1_TL2_CQ3_CAP1_COP2,H,REPO,PD,0.4,3270,2025,1.5,80.33,1
205,,RE2,CF1,TL2,CQ3,CAP1,COP2,RE2_CF1_TL2_CQ3_CAP1_COP2,H,REPO,PD,0.4,3271,2026,1.6,90.3,1
205,,RE2,CF1,TL2,CQ3,CAP1,COP2,RE2_CF1_TL2_CQ3_CAP1_COP2,H,REPO,PD,0.4,3272,2027,1.7,100.27,1
205,,RE2,CF1,TL2,CQ3,CAP1,COP2,RE2_CF1_TL2_CQ3_CAP1_COP2,H,REPO,PD,0.4,3273,2028,1.8,110.24,1
205,,RE2,CF1,TL2,CQ3,CAP1,COP2,RE2_CF1_TL2_CQ3_CAP1_COP2,H,REPO,PD,0.4,3274,2029,1.9,120.21,1
205,,RE2,CF1,TL2,CQ3,CAP1,COP2,RE2_CF1_TL2_CQ3_CAP1_COP2,H,REPO,PD,0.4,3275,2030,2.0,130.18,1
205,,RE2,CF1,TL2,CQ3,CAP1,COP2,RE2_CF1_TL2_CQ3_CAP1_COP2,H,REPO,PD,0.4,3276,2031,2.1,137.9,1
205,,RE2,CF1,TL2,CQ3,CAP1,COP2,RE2_CF1_TL2_CQ3_CAP1_COP2,H,REPO,PD,0.4,3277,2032,2.2,147.31,1
205,,RE2,CF1,TL2,CQ3,CAP1,COP2,RE2_CF1_TL2_CQ3_CAP1_COP2,H,REPO,PD,0.4,3278,2033,2.3,156.72,1
205,,RE2,CF1,TL2,CQ3,CAP1,COP2,RE2_CF1_TL2_CQ3_CAP1_COP2,H,REPO,PD,0.4,3279,2034,2.4,166.13,1
205,,RE2,CF1,TL2,CQ3,CAP1,COP2,RE2_CF1_TL2_CQ3_CAP1_COP2,H,REPO,PD,0.4,3280,2035,2.5,175.53,1
206,,RE2,CF1,TL2,CQ3,CAP2,COP1,RE2_CF1_TL2_CQ3_CAP2_COP1,H,REPO,BAU,0.4,3281,2020,1.0,42.85,1
206,,RE2,CF1,TL2,CQ3,CAP2,COP1,RE2_CF1_TL2_CQ3_CAP2_COP1,H,REPO,BAU,0.4,3282,2021,1.1,42.85,1
206,,RE2,CF1,TL2,CQ3,CAP2,COP1,RE2_CF1_TL2_CQ3_CAP2_COP1,H,REPO,BAU,0.4,3283,2022,1.2,45.61,1
206,,RE2,CF1,TL2,CQ3,CAP2,COP1,RE2_CF1_TL2_CQ3_CAP2_COP1,H,REPO,BAU,0.4,3284,2023,1.3,127.71,1
206,,RE2,CF1,TL2,CQ3,CAP2,COP1,RE2_CF1_TL2_CQ3_CAP2_COP1,H,REPO,BAU,0.4,3285,2024,1.4,209.81,1
206,,RE2,CF1,TL2,CQ3,CAP2,COP1,RE2_CF1_TL2_CQ3_CAP2_COP1,H,REPO,BAU,0.4,3286,2025,1.5,291.9,1
206,,RE2,CF1,TL2,CQ3,CAP2,COP1,RE2_CF1_TL2_CQ3_CAP2_COP1,H,REPO,BAU,0.4,3287,2026,1.6,374.0,1
206,,RE2,CF1,TL2,CQ3,CAP2,COP1,RE2_CF1_TL2_CQ3_CAP2_COP1,H,REPO,BAU,0.4,3288,2027,1.7,456.1,1
206,,RE2,CF1,TL2,CQ3,CAP2,COP1,RE2_CF1_TL2_CQ3_CAP2_COP1,H,REPO,BAU,0.4,3289,2028,1.8,456.1,1
206,,RE2,CF1,TL2,CQ3,CAP2,COP1,RE2_CF1_TL2_CQ3_CAP2_COP1,H,REPO,BAU,0.4,3290,2029,1.9,456.1,1
206,,RE2,CF1,TL2,CQ3,CAP2,COP1,RE2_CF1_TL2_CQ3_CAP2_COP1,H,REPO,BAU,0.4,3291,2030,2.0,456.1,1
206,,RE2,CF1,TL2,CQ3,CAP2,COP1,RE2_CF1_TL2_CQ3_CAP2_COP1,H,REPO,BAU,0.4,3292,2031,2.1,456.1,1
206,,RE2,CF1,TL2,CQ3,CAP2,COP1,RE2_CF1_TL2_CQ3_CAP2_COP1,H,REPO,BAU,0.4,3293,2032,2.2,456.1,1
206,,RE2,CF1,TL2,CQ3,CAP2,COP1,RE2_CF1_TL2_CQ3_CAP2_COP1,H,REPO,BAU,0.4,3294,2033,2.3,456.1,1
206,,RE2,CF1,TL2,CQ3,CAP2,COP1,RE2_CF1_TL2_CQ3_CAP2_COP1,H,REPO,BAU,0.4,3295,2034,2.4,456.1,1
206,,RE2,CF1,TL2,CQ3,CAP2,COP1,RE2_CF1_TL2_CQ3_CAP2_COP1,H,REPO,BAU,0.4,3296,2035,2.5,456.1,1
207,,RE2,CF1,TL2,CQ4,CAP1,COP1,RE2_CF1_TL2_CQ4_CAP1_COP1,H,REPO_plus,BAU,0.4,3297,2020,1.0,42.85,1
207,,RE2,CF1,TL2,CQ4,CAP1,COP1,RE2_CF1_TL2_CQ4_CAP1_COP1,H,REPO_plus,BAU,0.4,3298,2021,1.1,42.85,1
207,,RE2,CF1,TL2,CQ4,CAP1,COP1,RE2_CF1_TL2_CQ4_CAP1_COP1,H,REPO_plus,BAU,0.4,3299,2022,1.2,45.61,1
207,,RE2,CF1,TL2,CQ4,CAP1,COP1,RE2_CF1_TL2_CQ4_CAP1_COP1,H,REPO_plus,BAU,0.4,3300,2023,1.3,62.79,1
207,,RE2,CF1,TL2,CQ4,CAP1,COP1,RE2_CF1_TL2_CQ4_CAP1_COP1,H,REPO_plus,BAU,0.4,3301,2024,1.4,70.36,1
207,,RE2,CF1,TL2,CQ4,CAP1,COP1,RE2_CF1_TL2_CQ4_CAP1_COP1,H,REPO_plus,BAU,0.4,3302,2025,1.5,80.33,1
207,,RE2,CF1,TL2,CQ4,CAP1,COP1,RE2_CF1_TL2_CQ4_CAP1_COP1,H,REPO_plus,BAU,0.4,3303,2026,1.6,90.3,1
207,,RE2,CF1,TL2,CQ4,CAP1,COP1,RE2_CF1_TL2_CQ4_CAP1_COP1,H,REPO_plus,BAU,0.4,3304,2027,1.7,100.27,1
207,,RE2,CF1,TL2,CQ4,CAP1,COP1,RE2_CF1_TL2_CQ4_CAP1_COP1,H,REPO_plus,BAU,0.4,3305,2028,1.8,110.24,1
207,,RE2,CF1,TL2,CQ4,CAP1,COP1,RE2_CF1_TL2_CQ4_CAP1_COP1,H,REPO_plus,BAU,0.4,3306,2029,1.9,120.21,1
207,,RE2,CF1,TL2,CQ4,CAP1,COP1,RE2_CF1_TL2_CQ4_CAP1_COP1,H,REPO_plus,BAU,0.4,3307,2030,2.0,130.18,1
207,,RE2,CF1,TL2,CQ4,CAP1,COP1,RE2_CF1_TL2_CQ4_CAP1_COP1,H,REPO_plus,BAU,0.4,3308,2031,2.1,137.9,1
207,,RE2,CF1,TL2,CQ4,CAP1,COP1,RE2_CF1_TL2_CQ4_CAP1_COP1,H,REPO_plus,BAU,0.4,3309,2032,2.2,147.31,1
207,,RE2,CF1,TL2,CQ4,CAP1,COP1,RE2_CF1_TL2_CQ4_CAP1_COP1,H,REPO_plus,BAU,0.4,3310,2033,2.3,156.72,1
207,,RE2,CF1,TL2,CQ4,CAP1,COP1,RE2_CF1_TL2_CQ4_CAP1_COP1,H,REPO_plus,BAU,0.4,3311,2034,2.4,166.13,1
207,,RE2,CF1,TL2,CQ4,CAP1,COP1,RE2_CF1_TL2_CQ4_CAP1_COP1,H,REPO_plus,BAU,0.4,3312,2035,2.5,175.53,1
208,,RE2,CF1,TL2,CQ4,CAP2,COP1,RE2_CF1_TL2_CQ4_CAP2_COP1,H,REPO_plus,BAU,0.4,3313,2020,1.0,42.85,1
208,,RE2,CF1,TL2,CQ4,CAP2,COP1,RE2_CF1_TL2_CQ4_CAP2_COP1,H,REPO_plus,BAU,0.4,3314,2021,1.1,42.85,1
208,,RE2,CF1,TL2,CQ4,CAP2,COP1,RE2_CF1_TL2_CQ4_CAP2_COP1,H,REPO_plus,BAU,0.4,3315,2022,1.2,45.61,1
208,,RE2,CF1,TL2,CQ4,CAP2,COP1,RE2_CF1_TL2_CQ4_CAP2_COP1,H,REPO_plus,BAU,0.4,3316,2023,1.3,127.71,1
208,,RE2,CF1,TL2,CQ4,CAP2,COP1,RE2_CF1_TL2_CQ4_CAP2_COP1,H,REPO_plus,BAU,0.4,3317,2024,1.4,209.81,1
208,,RE2,CF1,TL2,CQ4,CAP2,COP1,RE2_CF1_TL2_CQ4_CAP2_COP1,H,REPO_plus,BAU,0.4,3318,2025,1.5,291.9,1
208,,RE2,CF1,TL2,CQ4,CAP2,COP1,RE2_CF1_TL2_CQ4_CAP2_COP1,H,REPO_plus,BAU,0.4,3319,2026,1.6,374.0,1
208,,RE2,CF1,TL2,CQ4,CAP2,COP1,RE2_CF1_TL2_CQ4_CAP2_COP1,H,REPO_plus,BAU,0.4,3320,2027,1.7,456.1,1
208,,RE2,CF1,TL2,CQ4,CAP2,COP1,RE2_CF1_TL2_CQ4_CAP2_COP1,H,REPO_plus,BAU,0.4,3321,2028,1.8,456.1,1
208,,RE2,CF1,TL2,CQ4,CAP2,COP1,RE2_CF1_TL2_CQ4_CAP2_COP1,H,REPO_plus,BAU,0.4,3322,2029,1.9,456.1,1
208,,RE2,CF1,TL2,CQ4,CAP2,COP1,RE2_CF1_TL2_CQ4_CAP2_COP1,H,REPO_plus,BAU,0.4,3323,2030,2.0,456.1,1
208,,RE2,CF1,TL2,CQ4,CAP2,COP1,RE2_CF1_TL2_CQ4_CAP2_COP1,H,REPO_plus,BAU,0.4,3324,2031,2.1,456.1,1
208,,RE2,CF1,TL2,CQ4,CAP2,COP1,RE2_CF1_TL2_CQ4_CAP2_COP1,H,REPO_plus,BAU,0.4,3325,2032,2.2,456.1,1
208,,RE2,CF1,TL2,CQ4,CAP2,COP1,RE2_CF1_TL2_CQ4_CAP2_COP1,H,REPO_plus,BAU,0.4,3326,2033,2.3,456.1,1
208,,RE2,CF1,TL2,CQ4,CAP2,COP1,RE2_CF1_TL2_CQ4_CAP2_COP1,H,REPO_plus,BAU,0.4,3327,2034,2.4,456.1,1
208,,RE2,CF1,TL2,CQ4,CAP2,COP1,RE2_CF1_TL2_CQ4_CAP2_COP1,H,REPO_plus,BAU,0.4,3328,2035,2.5,456.1,1
209,,RE2,CF1,TL2,CQ4,CAP2,COP2,RE2_CF1_TL2_CQ4_CAP2_COP2,H,REPO_plus,PD,0.4,3329,2020,1.0,42.85,1
209,,RE2,CF1,TL2,CQ4,CAP2,COP2,RE2_CF1_TL2_CQ4_CAP2_COP2,H,REPO_plus,PD,0.4,3330,2021,1.1,42.85,1
209,,RE2,CF1,TL2,CQ4,CAP2,COP2,RE2_CF1_TL2_CQ4_CAP2_COP2,H,REPO_plus,PD,0.4,3331,2022,1.2,45.61,1
209,,RE2,CF1,TL2,CQ4,CAP2,COP2,RE2_CF1_TL2_CQ4_CAP2_COP2,H,REPO_plus,PD,0.4,3332,2023,1.3,127.71,1
209,,RE2,CF1,TL2,CQ4,CAP2,COP2,RE2_CF1_TL2_CQ4_CAP2_COP2,H,REPO_plus,PD,0.4,3333,2024,1.4,209.81,1
209,,RE2,CF1,TL2,CQ4,CAP2,COP2,RE2_CF1_TL2_CQ4_CAP2_COP2,H,REPO_plus,PD,0.4,3334,2025,1.5,291.9,1
209,,RE2,CF1,TL2,CQ4,CAP2,COP2,RE2_CF1_TL2_CQ4_CAP2_COP2,H,REPO_plus,PD,0.4,3335,2026,1.6,374.0,1
209,,RE2,CF1,TL2,CQ4,CAP2,COP2,RE2_CF1_TL2_CQ4_CAP2_COP2,H,REPO_plus,PD,0.4,3336,2027,1.7,456.1,1
209,,RE2,CF1,TL2,CQ4,CAP2,COP2,RE2_CF1_TL2_CQ4_CAP2_COP2,H,REPO_plus,PD,0.4,3337,2028,1.8,456.1,1
209,,RE2,CF1,TL2,CQ4,CAP2,COP2,RE2_CF1_TL2_CQ4_CAP2_COP2,H,REPO_plus,PD,0.4,3338,2029,1.9,456.1,1
209,,RE2,CF1,TL2,CQ4,CAP2,COP2,RE2_CF1_TL2_CQ4_CAP2_COP2,H,REPO_plus,PD,0.4,3339,2030,2.0,456.1,1
209,,RE2,CF1,TL2,CQ4,CAP2,COP2,RE2_CF1_TL2_CQ4_CAP2_COP2,H,REPO_plus,PD,0.4,3340,2031,2.1,456.1,1
209,,RE2,CF1,TL2,CQ4,CAP2,COP2,RE2_CF1_TL2_CQ4_CAP2_COP2,H,REPO_plus,PD,0.4,3341,2032,2.2,456.1,1
209,,RE2,CF1,TL2,CQ4,CAP2,COP2,RE2_CF1_TL2_CQ4_CAP2_COP2,H,REPO_plus,PD,0.4,3342,2033,2.3,456.1,1
209,,RE2,CF1,TL2,CQ4,CAP2,COP2,RE2_CF1_TL2_CQ4_CAP2_COP2,H,REPO_plus,PD,0.4,3343,2034,2.4,456.1,1
209,,RE2,CF1,TL2,CQ4,CAP2,COP2,RE2_CF1_TL2_CQ4_CAP2_COP2,H,REPO_plus,PD,0.4,3344,2035,2.5,456.1,1
210,,RE2,CF1,TL2,CQ5,CAP1,COP1,RE2_CF1_TL2_CQ5_CAP1_COP1,H,全行业配额,BAU,0.4,3345,2020,1.0,42.85,1
210,,RE2,CF1,TL2,CQ5,CAP1,COP1,RE2_CF1_TL2_CQ5_CAP1_COP1,H,全行业配额,BAU,0.4,3346,2021,1.1,42.85,1
210,,RE2,CF1,TL2,CQ5,CAP1,COP1,RE2_CF1_TL2_CQ5_CAP1_COP1,H,全行业配额,BAU,0.4,3347,2022,1.2,45.61,1
210,,RE2,CF1,TL2,CQ5,CAP1,COP1,RE2_CF1_TL2_CQ5_CAP1_COP1,H,全行业配额,BAU,0.4,3348,2023,1.3,62.79,1
210,,RE2,CF1,TL2,CQ5,CAP1,COP1,RE2_CF1_TL2_CQ5_CAP1_COP1,H,全行业配额,BAU,0.4,3349,2024,1.4,70.36,1
210,,RE2,CF1,TL2,CQ5,CAP1,COP1,RE2_CF1_TL2_CQ5_CAP1_COP1,H,全行业配额,BAU,0.4,3350,2025,1.5,80.33,1
210,,RE2,CF1,TL2,CQ5,CAP1,COP1,RE2_CF1_TL2_CQ5_CAP1_COP1,H,全行业配额,BAU,0.4,3351,2026,1.6,90.3,1
210,,RE2,CF1,TL2,CQ5,CAP1,COP1,RE2_CF1_TL2_CQ5_CAP1_COP1,H,全行业配额,BAU,0.4,3352,2027,1.7,100.27,1
210,,RE2,CF1,TL2,CQ5,CAP1,COP1,RE2_CF1_TL2_CQ5_CAP1_COP1,H,全行业配额,BAU,0.4,3353,2028,1.8,110.24,1
210,,RE2,CF1,TL2,CQ5,CAP1,COP1,RE2_CF1_TL2_CQ5_CAP1_COP1,H,全行业配额,BAU,0.4,3354,2029,1.9,120.21,1
210,,RE2,CF1,TL2,CQ5,CAP1,COP1,RE2_CF1_TL2_CQ5_CAP1_COP1,H,全行业配额,BAU,0.4,3355,2030,2.0,130.18,1
210,,RE2,CF1,TL2,CQ5,CAP1,COP1,RE2_CF1_TL2_CQ5_CAP1_COP1,H,全行业配额,BAU,0.4,3356,2031,2.1,137.9,1
210,,RE2,CF1,TL2,CQ5,CAP1,COP1,RE2_CF1_TL2_CQ5_CAP1_COP1,H,全行业配额,BAU,0.4,3357,2032,2.2,147.31,1
210,,RE2,CF1,TL2,CQ5,CAP1,COP1,RE2_CF1_TL2_CQ5_CAP1_COP1,H,全行业配额,BAU,0.4,3358,2033,2.3,156.72,1
210,,RE2,CF1,TL2,CQ5,CAP1,COP1,RE2_CF1_TL2_CQ5_CAP1_COP1,H,全行业配额,BAU,0.4,3359,2034,2.4,166.13,1
210,,RE2,CF1,TL2,CQ5,CAP1,COP1,RE2_CF1_TL2_CQ5_CAP1_COP1,H,全行业配额,BAU,0.4,3360,2035,2.5,175.53,1
211,,RE2,CF1,TL2,CQ5,CAP1,COP2,RE2_CF1_TL2_CQ5_CAP1_COP2,H,全行业配额,PD,0.4,3361,2020,1.0,42.85,1
211,,RE2,CF1,TL2,CQ5,CAP1,COP2,RE2_CF1_TL2_CQ5_CAP1_COP2,H,全行业配额,PD,0.4,3362,2021,1.1,42.85,1
211,,RE2,CF1,TL2,CQ5,CAP1,COP2,RE2_CF1_TL2_CQ5_CAP1_COP2,H,全行业配额,PD,0.4,3363,2022,1.2,45.61,1
211,,RE2,CF1,TL2,CQ5,CAP1,COP2,RE2_CF1_TL2_CQ5_CAP1_COP2,H,全行业配额,PD,0.4,3364,2023,1.3,62.79,1
211,,RE2,CF1,TL2,CQ5,CAP1,COP2,RE2_CF1_TL2_CQ5_CAP1_COP2,H,全行业配额,PD,0.4,3365,2024,1.4,70.36,1
211,,RE2,CF1,TL2,CQ5,CAP1,COP2,RE2_CF1_TL2_CQ5_CAP1_COP2,H,全行业配额,PD,0.4,3366,2025,1.5,80.33,1
211,,RE2,CF1,TL2,CQ5,CAP1,COP2,RE2_CF1_TL2_CQ5_CAP1_COP2,H,全行业配额,PD,0.4,3367,2026,1.6,90.3,1
211,,RE2,CF1,TL2,CQ5,CAP1,COP2,RE2_CF1_TL2_CQ5_CAP1_COP2,H,全行业配额,PD,0.4,3368,2027,1.7,100.27,1
211,,RE2,CF1,TL2,CQ5,CAP1,COP2,RE2_CF1_TL2_CQ5_CAP1_COP2,H,全行业配额,PD,0.4,3369,2028,1.8,110.24,1
211,,RE2,CF1,TL2,CQ5,CAP1,COP2,RE2_CF1_TL2_CQ5_CAP1_COP2,H,全行业配额,PD,0.4,3370,2029,1.9,120.21,1
211,,RE2,CF1,TL2,CQ5,CAP1,COP2,RE2_CF1_TL2_CQ5_CAP1_COP2,H,全行业配额,PD,0.4,3371,2030,2.0,130.18,1
211,,RE2,CF1,TL2,CQ5,CAP1,COP2,RE2_CF1_TL2_CQ5_CAP1_COP2,H,全行业配额,PD,0.4,3372,2031,2.1,137.9,1
211,,RE2,CF1,TL2,CQ5,CAP1,COP2,RE2_CF1_TL2_CQ5_CAP1_COP2,H,全行业配额,PD,0.4,3373,2032,2.2,147.31,1
211,,RE2,CF1,TL2,CQ5,CAP1,COP2,RE2_CF1_TL2_CQ5_CAP1_COP2,H,全行业配额,PD,0.4,3374,2033,2.3,156.72,1
211,,RE2,CF1,TL2,CQ5,CAP1,COP2,RE2_CF1_TL2_CQ5_CAP1_COP2,H,全行业配额,PD,0.4,3375,2034,2.4,166.13,1
211,,RE2,CF1,TL2,CQ5,CAP1,COP2,RE2_CF1_TL2_CQ5_CAP1_COP2,H,全行业配额,PD,0.4,3376,2035,2.5,175.53,1
212,,RE2,CF1,TL2,CQ5,CAP2,COP1,RE2_CF1_TL2_CQ5_CAP2_COP1,H,全行业配额,BAU,0.4,3377,2020,1.0,42.85,1
212,,RE2,CF1,TL2,CQ5,CAP2,COP1,RE2_CF1_TL2_CQ5_CAP2_COP1,H,全行业配额,BAU,0.4,3378,2021,1.1,42.85,1
212,,RE2,CF1,TL2,CQ5,CAP2,COP1,RE2_CF1_TL2_CQ5_CAP2_COP1,H,全行业配额,BAU,0.4,3379,2022,1.2,45.61,1
212,,RE2,CF1,TL2,CQ5,CAP2,COP1,RE2_CF1_TL2_CQ5_CAP2_COP1,H,全行业配额,BAU,0.4,3380,2023,1.3,127.71,1
212,,RE2,CF1,TL2,CQ5,CAP2,COP1,RE2_CF1_TL2_CQ5_CAP2_COP1,H,全行业配额,BAU,0.4,3381,2024,1.4,209.81,1
212,,RE2,CF1,TL2,CQ5,CAP2,COP1,RE2_CF1_TL2_CQ5_CAP2_COP1,H,全行业配额,BAU,0.4,3382,2025,1.5,291.9,1
212,,RE2,CF1,TL2,CQ5,CAP2,COP1,RE2_CF1_TL2_CQ5_CAP2_COP1,H,全行业配额,BAU,0.4,3383,2026,1.6,374.0,1
212,,RE2,CF1,TL2,CQ5,CAP2,COP1,RE2_CF1_TL2_CQ5_CAP2_COP1,H,全行业配额,BAU,0.4,3384,2027,1.7,456.1,1
212,,RE2,CF1,TL2,CQ5,CAP2,COP1,RE2_CF1_TL2_CQ5_CAP2_COP1,H,全行业配额,BAU,0.4,3385,2028,1.8,456.1,1
212,,RE2,CF1,TL2,CQ5,CAP2,COP1,RE2_CF1_TL2_CQ5_CAP2_COP1,H,全行业配额,BAU,0.4,3386,2029,1.9,456.1,1
212,,RE2,CF1,TL2,CQ5,CAP2,COP1,RE2_CF1_TL2_CQ5_CAP2_COP1,H,全行业配额,BAU,0.4,3387,2030,2.0,456.1,1
212,,RE2,CF1,TL2,CQ5,CAP2,COP1,RE2_CF1_TL2_CQ5_CAP2_COP1,H,全行业配额,BAU,0.4,3388,2031,2.1,456.1,1
212,,RE2,CF1,TL2,CQ5,CAP2,COP1,RE2_CF1_TL2_CQ5_CAP2_COP1,H,全行业配额,BAU,0.4,3389,2032,2.2,456.1,1
212,,RE2,CF1,TL2,CQ5,CAP2,COP1,RE2_CF1_TL2_CQ5_CAP2_COP1,H,全行业配额,BAU,0.4,3390,2033,2.3,456.1,1
212,,RE2,CF1,TL2,CQ5,CAP2,COP1,RE2_CF1_TL2_CQ5_CAP2_COP1,H,全行业配额,BAU,0.4,3391,2034,2.4,456.1,1
212,,RE2,CF1,TL2,CQ5,CAP2,COP1,RE2_CF1_TL2_CQ5_CAP2_COP1,H,全行业配额,BAU,0.4,3392,2035,2.5,456.1,1
213,,RE2,CF1,TL2,CQ5,CAP2,COP2,RE2_CF1_TL2_CQ5_CAP2_COP2,H,全行业配额,PD,0.4,3393,2020,1.0,42.85,1
213,,RE2,CF1,TL2,CQ5,CAP2,COP2,RE2_CF1_TL2_CQ5_CAP2_COP2,H,全行业配额,PD,0.4,3394,2021,1.1,42.85,1
213,,RE2,CF1,TL2,CQ5,CAP2,COP2,RE2_CF1_TL2_CQ5_CAP2_COP2,H,全行业配额,PD,0.4,3395,2022,1.2,45.61,1
213,,RE2,CF1,TL2,CQ5,CAP2,COP2,RE2_CF1_TL2_CQ5_CAP2_COP2,H,全行业配额,PD,0.4,3396,2023,1.3,127.71,1
213,,RE2,CF1,TL2,CQ5,CAP2,COP2,RE2_CF1_TL2_CQ5_CAP2_COP2,H,全行业配额,PD,0.4,3397,2024,1.4,209.81,1
213,,RE2,CF1,TL2,CQ5,CAP2,COP2,RE2_CF1_TL2_CQ5_CAP2_COP2,H,全行业配额,PD,0.4,3398,2025,1.5,291.9,1
213,,RE2,CF1,TL2,CQ5,CAP2,COP2,RE2_CF1_TL2_CQ5_CAP2_COP2,H,全行业配额,PD,0.4,3399,2026,1.6,374.0,1
213,,RE2,CF1,TL2,CQ5,CAP2,COP2,RE2_CF1_TL2_CQ5_CAP2_COP2,H,全行业配额,PD,0.4,3400,2027,1.7,456.1,1
213,,RE2,CF1,TL2,CQ5,CAP2,COP2,RE2_CF1_TL2_CQ5_CAP2_COP2,H,全行业配额,PD,0.4,3401,2028,1.8,456.1,1
213,,RE2,CF1,TL2,CQ5,CAP2,COP2,RE2_CF1_TL2_CQ5_CAP2_COP2,H,全行业配额,PD,0.4,3402,2029,1.9,456.1,1
213,,RE2,CF1,TL2,CQ5,CAP2,COP2,RE2_CF1_TL2_CQ5_CAP2_COP2,H,全行业配额,PD,0.4,3403,2030,2.0,456.1,1
213,,RE2,CF1,TL2,CQ5,CAP2,COP2,RE2_CF1_TL2_CQ5_CAP2_COP2,H,全行业配额,PD,0.4,3404,2031,2.1,456.1,1
213,,RE2,CF1,TL2,CQ5,CAP2,COP2,RE2_CF1_TL2_CQ5_CAP2_COP2,H,全行业配额,PD,0.4,3405,2032,2.2,456.1,1
213,,RE2,CF1,TL2,CQ5,CAP2,COP2,RE2_CF1_TL2_CQ5_CAP2_COP2,H,全行业配额,PD,0.4,3406,2033,2.3,456.1,1
213,,RE2,CF1,TL2,CQ5,CAP2,COP2,RE2_CF1_TL2_CQ5_CAP2_COP2,H,全行业配额,PD,0.4,3407,2034,2.4,456.1,1
213,,RE2,CF1,TL2,CQ5,CAP2,COP2,RE2_CF1_TL2_CQ5_CAP2_COP2,H,全行业配额,PD,0.4,3408,2035,2.5,456.1,1
214,,RE2,CF1,TL2,CQ6,CAP1,COP2,RE2_CF1_TL2_CQ6_CAP1_COP2,H,电力配额,PD,0.4,3409,2020,1.0,42.85,1
214,,RE2,CF1,TL2,CQ6,CAP1,COP2,RE2_CF1_TL2_CQ6_CAP1_COP2,H,电力配额,PD,0.4,3410,2021,1.1,42.85,1
214,,RE2,CF1,TL2,CQ6,CAP1,COP2,RE2_CF1_TL2_CQ6_CAP1_COP2,H,电力配额,PD,0.4,3411,2022,1.2,45.61,1
214,,RE2,CF1,TL2,CQ6,CAP1,COP2,RE2_CF1_TL2_CQ6_CAP1_COP2,H,电力配额,PD,0.4,3412,2023,1.3,62.79,1
214,,RE2,CF1,TL2,CQ6,CAP1,COP2,RE2_CF1_TL2_CQ6_CAP1_COP2,H,电力配额,PD,0.4,3413,2024,1.4,70.36,1
214,,RE2,CF1,TL2,CQ6,CAP1,COP2,RE2_CF1_TL2_CQ6_CAP1_COP2,H,电力配额,PD,0.4,3414,2025,1.5,80.33,1
214,,RE2,CF1,TL2,CQ6,CAP1,COP2,RE2_CF1_TL2_CQ6_CAP1_COP2,H,电力配额,PD,0.4,3415,2026,1.6,90.3,1
214,,RE2,CF1,TL2,CQ6,CAP1,COP2,RE2_CF1_TL2_CQ6_CAP1_COP2,H,电力配额,PD,0.4,3416,2027,1.7,100.27,1
214,,RE2,CF1,TL2,CQ6,CAP1,COP2,RE2_CF1_TL2_CQ6_CAP1_COP2,H,电力配额,PD,0.4,3417,2028,1.8,110.24,1
214,,RE2,CF1,TL2,CQ6,CAP1,COP2,RE2_CF1_TL2_CQ6_CAP1_COP2,H,电力配额,PD,0.4,3418,2029,1.9,120.21,1
214,,RE2,CF1,TL2,CQ6,CAP1,COP2,RE2_CF1_TL2_CQ6_CAP1_COP2,H,电力配额,PD,0.4,3419,2030,2.0,130.18,1
214,,RE2,CF1,TL2,CQ6,CAP1,COP2,RE2_CF1_TL2_CQ6_CAP1_COP2,H,电力配额,PD,0.4,3420,2031,2.1,137.9,1
214,,RE2,CF1,TL2,CQ6,CAP1,COP2,RE2_CF1_TL2_CQ6_CAP1_COP2,H,电力配额,PD,0.4,3421,2032,2.2,147.31,1
214,,RE2,CF1,TL2,CQ6,CAP1,COP2,RE2_CF1_TL2_CQ6_CAP1_COP2,H,电力配额,PD,0.4,3422,2033,2.3,156.72,1
214,,RE2,CF1,TL2,CQ6,CAP1,COP2,RE2_CF1_TL2_CQ6_CAP1_COP2,H,电力配额,PD,0.4,3423,2034,2.4,166.13,1
214,,RE2,CF1,TL2,CQ6,CAP1,COP2,RE2_CF1_TL2_CQ6_CAP1_COP2,H,电力配额,PD,0.4,3424,2035,2.5,175.53,1
215,,RE2,CF1,TL2,CQ6,CAP2,COP1,RE2_CF1_TL2_CQ6_CAP2_COP1,H,电力配额,BAU,0.4,3425,2020,1.0,42.85,1
215,,RE2,CF1,TL2,CQ6,CAP2,COP1,RE2_CF1_TL2_CQ6_CAP2_COP1,H,电力配额,BAU,0.4,3426,2021,1.1,42.85,1
215,,RE2,CF1,TL2,CQ6,CAP2,COP1,RE2_CF1_TL2_CQ6_CAP2_COP1,H,电力配额,BAU,0.4,3427,2022,1.2,45.61,1
215,,RE2,CF1,TL2,CQ6,CAP2,COP1,RE2_CF1_TL2_CQ6_CAP2_COP1,H,电力配额,BAU,0.4,3428,2023,1.3,127.71,1
215,,RE2,CF1,TL2,CQ6,CAP2,COP1,RE2_CF1_TL2_CQ6_CAP2_COP1,H,电力配额,BAU,0.4,3429,2024,1.4,209.81,1
215,,RE2,CF1,TL2,CQ6,CAP2,COP1,RE2_CF1_TL2_CQ6_CAP2_COP1,H,电力配额,BAU,0.4,3430,2025,1.5,291.9,1
215,,RE2,CF1,TL2,CQ6,CAP2,COP1,RE2_CF1_TL2_CQ6_CAP2_COP1,H,电力配额,BAU,0.4,3431,2026,1.6,374.0,1
215,,RE2,CF1,TL2,CQ6,CAP2,COP1,RE2_CF1_TL2_CQ6_CAP2_COP1,H,电力配额,BAU,0.4,3432,2027,1.7,456.1,1
215,,RE2,CF1,TL2,CQ6,CAP2,COP1,RE2_CF1_TL2_CQ6_CAP2_COP1,H,电力配额,BAU,0.4,3433,2028,1.8,456.1,1
215,,RE2,CF1,TL2,CQ6,CAP2,COP1,RE2_CF1_TL2_CQ6_CAP2_COP1,H,电力配额,BAU,0.4,3434,2029,1.9,456.1,1
215,,RE2,CF1,TL2,CQ6,CAP2,COP1,RE2_CF1_TL2_CQ6_CAP2_COP1,H,电力配额,BAU,0.4,3435,2030,2.0,456.1,1
215,,RE2,CF1,TL2,CQ6,CAP2,COP1,RE2_CF1_TL2_CQ6_CAP2_COP1,H,电力配额,BAU,0.4,3436,2031,2.1,456.1,1
215,,RE2,CF1,TL2,CQ6,CAP2,COP1,RE2_CF1_TL2_CQ6_CAP2_COP1,H,电力配额,BAU,0.4,3437,2032,2.2,456.1,1
215,,RE2,CF1,TL2,CQ6,CAP2,COP1,RE2_CF1_TL2_CQ6_CAP2_COP1,H,电力配额,BAU,0.4,3438,2033,2.3,456.1,1
215,,RE2,CF1,TL2,CQ6,CAP2,COP1,RE2_CF1_TL2_CQ6_CAP2_COP1,H,电力配额,BAU,0.4,3439,2034,2.4,456.1,1
215,,RE2,CF1,TL2,CQ6,CAP2,COP1,RE2_CF1_TL2_CQ6_CAP2_COP1,H,电力配额,BAU,0.4,3440,2035,2.5,456.1,1
216,,RE2,CF1,TL2,CQ6,CAP2,COP2,RE2_CF1_TL2_CQ6_CAP2_COP2,H,电力配额,PD,0.4,3441,2020,1.0,42.85,1
216,,RE2,CF1,TL2,CQ6,CAP2,COP2,RE2_CF1_TL2_CQ6_CAP2_COP2,H,电力配额,PD,0.4,3442,2021,1.1,42.85,1
216,,RE2,CF1,TL2,CQ6,CAP2,COP2,RE2_CF1_TL2_CQ6_CAP2_COP2,H,电力配额,PD,0.4,3443,2022,1.2,45.61,1
216,,RE2,CF1,TL2,CQ6,CAP2,COP2,RE2_CF1_TL2_CQ6_CAP2_COP2,H,电力配额,PD,0.4,3444,2023,1.3,127.71,1
216,,RE2,CF1,TL2,CQ6,CAP2,COP2,RE2_CF1_TL2_CQ6_CAP2_COP2,H,电力配额,PD,0.4,3445,2024,1.4,209.81,1
216,,RE2,CF1,TL2,CQ6,CAP2,COP2,RE2_CF1_TL2_CQ6_CAP2_COP2,H,电力配额,PD,0.4,3446,2025,1.5,291.9,1
216,,RE2,CF1,TL2,CQ6,CAP2,COP2,RE2_CF1_TL2_CQ6_CAP2_COP2,H,电力配额,PD,0.4,3447,2026,1.6,374.0,1
216,,RE2,CF1,TL2,CQ6,CAP2,COP2,RE2_CF1_TL2_CQ6_CAP2_COP2,H,电力配额,PD,0.4,3448,2027,1.7,456.1,1
216,,RE2,CF1,TL2,CQ6,CAP2,COP2,RE2_CF1_TL2_CQ6_CAP2_COP2,H,电力配额,PD,0.4,3449,2028,1.8,456.1,1
216,,RE2,CF1,TL2,CQ6,CAP2,COP2,RE2_CF1_TL2_CQ6_CAP2_COP2,H,电力配额,PD,0.4,3450,2029,1.9,456.1,1
216,,RE2,CF1,TL2,CQ6,CAP2,COP2,RE2_CF1_TL2_CQ6_CAP2_COP2,H,电力配额,PD,0.4,3451,2030,2.0,456.1,1
216,,RE2,CF1,TL2,CQ6,CAP2,COP2,RE2_CF1_TL2_CQ6_CAP2_COP2,H,电力配额,PD,0.4,3452,2031,2.1,456.1,1
216,,RE2,CF1,TL2,CQ6,CAP2,COP2,RE2_CF1_TL2_CQ6_CAP2_COP2,H,电力配额,PD,0.4,3453,2032,2.2,456.1,1
216,,RE2,CF1,TL2,CQ6,CAP2,COP2,RE2_CF1_TL2_CQ6_CAP2_COP2,H,电力配额,PD,0.4,3454,2033,2.3,456.1,1
216,,RE2,CF1,TL2,CQ6,CAP2,COP2,RE2_CF1_TL2_CQ6_CAP2_COP2,H,电力配额,PD,0.4,3455,2034,2.4,456.1,1
216,,RE2,CF1,TL2,CQ6,CAP2,COP2,RE2_CF1_TL2_CQ6_CAP2_COP2,H,电力配额,PD,0.4,3456,2035,2.5,456.1,1
217,,RE2,CF2,TL1,CQ1,CAP1,COP1,RE2_CF2_TL1_CQ1_CAP1_COP1,H,无配额,BAU,0.3,3457,2020,1.0,0.0,0
217,,RE2,CF2,TL1,CQ1,CAP1,COP1,RE2_CF2_TL1_CQ1_CAP1_COP1,H,无配额,BAU,0.3,3458,2021,1.03,0.0,0
217,,RE2,CF2,TL1,CQ1,CAP1,COP1,RE2_CF2_TL1_CQ1_CAP1_COP1,H,无配额,BAU,0.3,3459,2022,1.06,0.0,0
217,,RE2,CF2,TL1,CQ1,CAP1,COP1,RE2_CF2_TL1_CQ1_CAP1_COP1,H,无配额,BAU,0.3,3460,2023,1.09,0.0,0
217,,RE2,CF2,TL1,CQ1,CAP1,COP1,RE2_CF2_TL1_CQ1_CAP1_COP1,H,无配额,BAU,0.3,3461,2024,1.12,0.0,0
217,,RE2,CF2,TL1,CQ1,CAP1,COP1,RE2_CF2_TL1_CQ1_CAP1_COP1,H,无配额,BAU,0.3,3462,2025,1.15,0.0,0
217,,RE2,CF2,TL1,CQ1,CAP1,COP1,RE2_CF2_TL1_CQ1_CAP1_COP1,H,无配额,BAU,0.3,3463,2026,1.18,0.0,0
217,,RE2,CF2,TL1,CQ1,CAP1,COP1,RE2_CF2_TL1_CQ1_CAP1_COP1,H,无配额,BAU,0.3,3464,2027,1.21,0.0,0
217,,RE2,CF2,TL1,CQ1,CAP1,COP1,RE2_CF2_TL1_CQ1_CAP1_COP1,H,无配额,BAU,0.3,3465,2028,1.24,0.0,0
217,,RE2,CF2,TL1,CQ1,CAP1,COP1,RE2_CF2_TL1_CQ1_CAP1_COP1,H,无配额,BAU,0.3,3466,2029,1.27,0.0,0
217,,RE2,CF2,TL1,CQ1,CAP1,COP1,RE2_CF2_TL1_CQ1_CAP1_COP1,H,无配额,BAU,0.3,3467,2030,1.3,0.0,0
217,,RE2,CF2,TL1,CQ1,CAP1,COP1,RE2_CF2_TL1_CQ1_CAP1_COP1,H,无配额,BAU,0.3,3468,2031,1.36,0.0,0
217,,RE2,CF2,TL1,CQ1,CAP1,COP1,RE2_CF2_TL1_CQ1_CAP1_COP1,H,无配额,BAU,0.3,3469,2032,1.42,0.0,0
217,,RE2,CF2,TL1,CQ1,CAP1,COP1,RE2_CF2_TL1_CQ1_CAP1_COP1,H,无配额,BAU,0.3,3470,2033,1.48,0.0,0
217,,RE2,CF2,TL1,CQ1,CAP1,COP1,RE2_CF2_TL1_CQ1_CAP1_COP1,H,无配额,BAU,0.3,3471,2034,1.54,0.0,0
217,,RE2,CF2,TL1,CQ1,CAP1,COP1,RE2_CF2_TL1_CQ1_CAP1_COP1,H,无配额,BAU,0.3,3472,2035,1.6,0.0,0
218,,RE2,CF2,TL1,CQ1,CAP1,COP2,RE2_CF2_TL1_CQ1_CAP1_COP2,H,无配额,PD,0.3,3473,2020,1.0,0.0,0
218,,RE2,CF2,TL1,CQ1,CAP1,COP2,RE2_CF2_TL1_CQ1_CAP1_COP2,H,无配额,PD,0.3,3474,2021,1.03,0.0,0
218,,RE2,CF2,TL1,CQ1,CAP1,COP2,RE2_CF2_TL1_CQ1_CAP1_COP2,H,无配额,PD,0.3,3475,2022,1.06,0.0,0
218,,RE2,CF2,TL1,CQ1,CAP1,COP2,RE2_CF2_TL1_CQ1_CAP1_COP2,H,无配额,PD,0.3,3476,2023,1.09,0.0,0
218,,RE2,CF2,TL1,CQ1,CAP1,COP2,RE2_CF2_TL1_CQ1_CAP1_COP2,H,无配额,PD,0.3,3477,2024,1.12,0.0,0
218,,RE2,CF2,TL1,CQ1,CAP1,COP2,RE2_CF2_TL1_CQ1_CAP1_COP2,H,无配额,PD,0.3,3478,2025,1.15,0.0,0
218,,RE2,CF2,TL1,CQ1,CAP1,COP2,RE2_CF2_TL1_CQ1_CAP1_COP2,H,无配额,PD,0.3,3479,2026,1.18,0.0,0
218,,RE2,CF2,TL1,CQ1,CAP1,COP2,RE2_CF2_TL1_CQ1_CAP1_COP2,H,无配额,PD,0.3,3480,2027,1.21,0.0,0
218,,RE2,CF2,TL1,CQ1,CAP1,COP2,RE2_CF2_TL1_CQ1_CAP1_COP2,H,无配额,PD,0.3,3481,2028,1.24,0.0,0
218,,RE2,CF2,TL1,CQ1,CAP1,COP2,RE2_CF2_TL1_CQ1_CAP1_COP2,H,无配额,PD,0.3,3482,2029,1.27,0.0,0
218,,RE2,CF2,TL1,CQ1,CAP1,COP2,RE2_CF2_TL1_CQ1_CAP1_COP2,H,无配额,PD,0.3,3483,2030,1.3,0.0,0
218,,RE2,CF2,TL1,CQ1,CAP1,COP2,RE2_CF2_TL1_CQ1_CAP1_COP2,H,无配额,PD,0.3,3484,2031,1.36,0.0,0
218,,RE2,CF2,TL1,CQ1,CAP1,COP2,RE2_CF2_TL1_CQ1_CAP1_COP2,H,无配额,PD,0.3,3485,2032,1.42,0.0,0
218,,RE2,CF2,TL1,CQ1,CAP1,COP2,RE2_CF2_TL1_CQ1_CAP1_COP2,H,无配额,PD,0.3,3486,2033,1.48,0.0,0
218,,RE2,CF2,TL1,CQ1,CAP1,COP2,RE2_CF2_TL1_CQ1_CAP1_COP2,H,无配额,PD,0.3,3487,2034,1.54,0.0,0
218,,RE2,CF2,TL1,CQ1,CAP1,COP2,RE2_CF2_TL1_CQ1_CAP1_COP2,H,无配额,PD,0.3,3488,2035,1.6,0.0,0
219,,RE2,CF2,TL1,CQ1,CAP2,COP2,RE2_CF2_TL1_CQ1_CAP2_COP2,H,无配额,PD,0.3,3489,2020,1.0,0.0,0
219,,RE2,CF2,TL1,CQ1,CAP2,COP2,RE2_CF2_TL1_CQ1_CAP2_COP2,H,无配额,PD,0.3,3490,2021,1.03,0.0,0
219,,RE2,CF2,TL1,CQ1,CAP2,COP2,RE2_CF2_TL1_CQ1_CAP2_COP2,H,无配额,PD,0.3,3491,2022,1.06,0.0,0
219,,RE2,CF2,TL1,CQ1,CAP2,COP2,RE2_CF2_TL1_CQ1_CAP2_COP2,H,无配额,PD,0.3,3492,2023,1.09,0.0,0
219,,RE2,CF2,TL1,CQ1,CAP2,COP2,RE2_CF2_TL1_CQ1_CAP2_COP2,H,无配额,PD,0.3,3493,2024,1.12,0.0,0
219,,RE2,CF2,TL1,CQ1,CAP2,COP2,RE2_CF2_TL1_CQ1_CAP2_COP2,H,无配额,PD,0.3,3494,2025,1.15,0.0,0
219,,RE2,CF2,TL1,CQ1,CAP2,COP2,RE2_CF2_TL1_CQ1_CAP2_COP2,H,无配额,PD,0.3,3495,2026,1.18,0.0,0
219,,RE2,CF2,TL1,CQ1,CAP2,COP2,RE2_CF2_TL1_CQ1_CAP2_COP2,H,无配额,PD,0.3,3496,2027,1.21,0.0,0
219,,RE2,CF2,TL1,CQ1,CAP2,COP2,RE2_CF2_TL1_CQ1_CAP2_COP2,H,无配额,PD,0.3,3497,2028,1.24,0.0,0
219,,RE2,CF2,TL1,CQ1,CAP2,COP2,RE2_CF2_TL1_CQ1_CAP2_COP2,H,无配额,PD,0.3,3498,2029,1.27,0.0,0
219,,RE2,CF2,TL1,CQ1,CAP2,COP2,RE2_CF2_TL1_CQ1_CAP2_COP2,H,无配额,PD,0.3,3499,2030,1.3,0.0,0
219,,RE2,CF2,TL1,CQ1,CAP2,COP2,RE2_CF2_TL1_CQ1_CAP2_COP2,H,无配额,PD,0.3,3500,2031,1.36,0.0,0
219,,RE2,CF2,TL1,CQ1,CAP2,COP2,RE2_CF2_TL1_CQ1_CAP2_COP2,H,无配额,PD,0.3,3501,2032,1.42,0.0,0
219,,RE2,CF2,TL1,CQ1,CAP2,COP2,RE2_CF2_TL1_CQ1_CAP2_COP2,H,无配额,PD,0.3,3502,2033,1.48,0.0,0
219,,RE2,CF2,TL1,CQ1,CAP2,COP2,RE2_CF2_TL1_CQ1_CAP2_COP2,H,无配额,PD,0.3,3503,2034,1.54,0.0,0
219,,RE2,CF2,TL1,CQ1,CAP2,COP2,RE2_CF2_TL1_CQ1_CAP2_COP2,H,无配额,PD,0.3,3504,2035,1.6,0.0,0
220,,RE2,CF2,TL1,CQ2,CAP1,COP1,RE2_CF2_TL1_CQ2_CAP1_COP1,H,基准不变,BAU,0.3,3505,2020,1.0,42.85,1
220,,RE2,CF2,TL1,CQ2,CAP1,COP1,RE2_CF2_TL1_CQ2_CAP1_COP1,H,基准不变,BAU,0.3,3506,2021,1.03,42.85,1
220,,RE2,CF2,TL1,CQ2,CAP1,COP1,RE2_CF2_TL1_CQ2_CAP1_COP1,H,基准不变,BAU,0.3,3507,2022,1.06,45.61,1
220,,RE2,CF2,TL1,CQ2,CAP1,COP1,RE2_CF2_TL1_CQ2_CAP1_COP1,H,基准不变,BAU,0.3,3508,2023,1.09,62.79,1
220,,RE2,CF2,TL1,CQ2,CAP1,COP1,RE2_CF2_TL1_CQ2_CAP1_COP1,H,基准不变,BAU,0.3,3509,2024,1.12,70.36,1
220,,RE2,CF2,TL1,CQ2,CAP1,COP1,RE2_CF2_TL1_CQ2_CAP1_COP1,H,基准不变,BAU,0.3,3510,2025,1.15,80.33,1
220,,RE2,CF2,TL1,CQ2,CAP1,COP1,RE2_CF2_TL1_CQ2_CAP1_COP1,H,基准不变,BAU,0.3,3511,2026,1.18,90.3,1
220,,RE2,CF2,TL1,CQ2,CAP1,COP1,RE2_CF2_TL1_CQ2_CAP1_COP1,H,基准不变,BAU,0.3,3512,2027,1.21,100.27,1
220,,RE2,CF2,TL1,CQ2,CAP1,COP1,RE2_CF2_TL1_CQ2_CAP1_COP1,H,基准不变,BAU,0.3,3513,2028,1.24,110.24,1
220,,RE2,CF2,TL1,CQ2,CAP1,COP1,RE2_CF2_TL1_CQ2_CAP1_COP1,H,基准不变,BAU,0.3,3514,2029,1.27,120.21,1
220,,RE2,CF2,TL1,CQ2,CAP1,COP1,RE2_CF2_TL1_CQ2_CAP1_COP1,H,基准不变,BAU,0.3,3515,2030,1.3,130.18,1
220,,RE2,CF2,TL1,CQ2,CAP1,COP1,RE2_CF2_TL1_CQ2_CAP1_COP1,H,基准不变,BAU,0.3,3516,2031,1.36,137.9,1
220,,RE2,CF2,TL1,CQ2,CAP1,COP1,RE2_CF2_TL1_CQ2_CAP1_COP1,H,基准不变,BAU,0.3,3517,2032,1.42,147.31,1
220,,RE2,CF2,TL1,CQ2,CAP1,COP1,RE2_CF2_TL1_CQ2_CAP1_COP1,H,基准不变,BAU,0.3,3518,2033,1.48,156.72,1
220,,RE2,CF2,TL1,CQ2,CAP1,COP1,RE2_CF2_TL1_CQ2_CAP1_COP1,H,基准不变,BAU,0.3,3519,2034,1.54,166.13,1
220,,RE2,CF2,TL1,CQ2,CAP1,COP1,RE2_CF2_TL1_CQ2_CAP1_COP1,H,基准不变,BAU,0.3,3520,2035,1.6,175.53,1
221,,RE2,CF2,TL1,CQ2,CAP1,COP2,RE2_CF2_TL1_CQ2_CAP1_COP2,H,基准不变,PD,0.3,3521,2020,1.0,42.85,1
221,,RE2,CF2,TL1,CQ2,CAP1,COP2,RE2_CF2_TL1_CQ2_CAP1_COP2,H,基准不变,PD,0.3,3522,2021,1.03,42.85,1
221,,RE2,CF2,TL1,CQ2,CAP1,COP2,RE2_CF2_TL1_CQ2_CAP1_COP2,H,基准不变,PD,0.3,3523,2022,1.06,45.61,1
221,,RE2,CF2,TL1,CQ2,CAP1,COP2,RE2_CF2_TL1_CQ2_CAP1_COP2,H,基准不变,PD,0.3,3524,2023,1.09,62.79,1
221,,RE2,CF2,TL1,CQ2,CAP1,COP2,RE2_CF2_TL1_CQ2_CAP1_COP2,H,基准不变,PD,0.3,3525,2024,1.12,70.36,1
221,,RE2,CF2,TL1,CQ2,CAP1,COP2,RE2_CF2_TL1_CQ2_CAP1_COP2,H,基准不变,PD,0.3,3526,2025,1.15,80.33,1
221,,RE2,CF2,TL1,CQ2,CAP1,COP2,RE2_CF2_TL1_CQ2_CAP1_COP2,H,基准不变,PD,0.3,3527,2026,1.18,90.3,1
221,,RE2,CF2,TL1,CQ2,CAP1,COP2,RE2_CF2_TL1_CQ2_CAP1_COP2,H,基准不变,PD,0.3,3528,2027,1.21,100.27,1
221,,RE2,CF2,TL1,CQ2,CAP1,COP2,RE2_CF2_TL1_CQ2_CAP1_COP2,H,基准不变,PD,0.3,3529,2028,1.24,110.24,1
221,,RE2,CF2,TL1,CQ2,CAP1,COP2,RE2_CF2_TL1_CQ2_CAP1_COP2,H,基准不变,PD,0.3,3530,2029,1.27,120.21,1
221,,RE2,CF2,TL1,CQ2,CAP1,COP2,RE2_CF2_TL1_CQ2_CAP1_COP2,H,基准不变,PD,0.3,3531,2030,1.3,130.18,1
221,,RE2,CF2,TL1,CQ2,CAP1,COP2,RE2_CF2_TL1_CQ2_CAP1_COP2,H,基准不变,PD,0.3,3532,2031,1.36,137.9,1
221,,RE2,CF2,TL1,CQ2,CAP1,COP2,RE2_CF2_TL1_CQ2_CAP1_COP2,H,基准不变,PD,0.3,3533,2032,1.42,147.31,1
221,,RE2,CF2,TL1,CQ2,CAP1,COP2,RE2_CF2_TL1_CQ2_CAP1_COP2,H,基准不变,PD,0.3,3534,2033,1.48,156.72,1
221,,RE2,CF2,TL1,CQ2,CAP1,COP2,RE2_CF2_TL1_CQ2_CAP1_COP2,H,基准不变,PD,0.3,3535,2034,1.54,166.13,1
221,,RE2,CF2,TL1,CQ2,CAP1,COP2,RE2_CF2_TL1_CQ2_CAP1_COP2,H,基准不变,PD,0.3,3536,2035,1.6,175.53,1
222,,RE2,CF2,TL1,CQ2,CAP2,COP1,RE2_CF2_TL1_CQ2_CAP2_COP1,H,基准不变,BAU,0.3,3537,2020,1.0,42.85,1
222,,RE2,CF2,TL1,CQ2,CAP2,COP1,RE2_CF2_TL1_CQ2_CAP2_COP1,H,基准不变,BAU,0.3,3538,2021,1.03,42.85,1
222,,RE2,CF2,TL1,CQ2,CAP2,COP1,RE2_CF2_TL1_CQ2_CAP2_COP1,H,基准不变,BAU,0.3,3539,2022,1.06,45.61,1
222,,RE2,CF2,TL1,CQ2,CAP2,COP1,RE2_CF2_TL1_CQ2_CAP2_COP1,H,基准不变,BAU,0.3,3540,2023,1.09,127.71,1
222,,RE2,CF2,TL1,CQ2,CAP2,COP1,RE2_CF2_TL1_CQ2_CAP2_COP1,H,基准不变,BAU,0.3,3541,2024,1.12,209.81,1
222,,RE2,CF2,TL1,CQ2,CAP2,COP1,RE2_CF2_TL1_CQ2_CAP2_COP1,H,基准不变,BAU,0.3,3542,2025,1.15,291.9,1
222,,RE2,CF2,TL1,CQ2,CAP2,COP1,RE2_CF2_TL1_CQ2_CAP2_COP1,H,基准不变,BAU,0.3,3543,2026,1.18,374.0,1
222,,RE2,CF2,TL1,CQ2,CAP2,COP1,RE2_CF2_TL1_CQ2_CAP2_COP1,H,基准不变,BAU,0.3,3544,2027,1.21,456.1,1
222,,RE2,CF2,TL1,CQ2,CAP2,COP1,RE2_CF2_TL1_CQ2_CAP2_COP1,H,基准不变,BAU,0.3,3545,2028,1.24,456.1,1
222,,RE2,CF2,TL1,CQ2,CAP2,COP1,RE2_CF2_TL1_CQ2_CAP2_COP1,H,基准不变,BAU,0.3,3546,2029,1.27,456.1,1
222,,RE2,CF2,TL1,CQ2,CAP2,COP1,RE2_CF2_TL1_CQ2_CAP2_COP1,H,基准不变,BAU,0.3,3547,2030,1.3,456.1,1
222,,RE2,CF2,TL1,CQ2,CAP2,COP1,RE2_CF2_TL1_CQ2_CAP2_COP1,H,基准不变,BAU,0.3,3548,2031,1.36,456.1,1
222,,RE2,CF2,TL1,CQ2,CAP2,COP1,RE2_CF2_TL1_CQ2_CAP2_COP1,H,基准不变,BAU,0.3,3549,2032,1.42,456.1,1
222,,RE2,CF2,TL1,CQ2,CAP2,COP1,RE2_CF2_TL1_CQ2_CAP2_COP1,H,基准不变,BAU,0.3,3550,2033,1.48,456.1,1
222,,RE2,CF2,TL1,CQ2,CAP2,COP1,RE2_CF2_TL1_CQ2_CAP2_COP1,H,基准不变,BAU,0.3,3551,2034,1.54,456.1,1
222,,RE2,CF2,TL1,CQ2,CAP2,COP1,RE2_CF2_TL1_CQ2_CAP2_COP1,H,基准不变,BAU,0.3,3552,2035,1.6,456.1,1
223,,RE2,CF2,TL1,CQ3,CAP1,COP1,RE2_CF2_TL1_CQ3_CAP1_COP1,H,REPO,BAU,0.3,3553,2020,1.0,42.85,1
223,,RE2,CF2,TL1,CQ3,CAP1,COP1,RE2_CF2_TL1_CQ3_CAP1_COP1,H,REPO,BAU,0.3,3554,2021,1.03,42.85,1
223,,RE2,CF2,TL1,CQ3,CAP1,COP1,RE2_CF2_TL1_CQ3_CAP1_COP1,H,REPO,BAU,0.3,3555,2022,1.06,45.61,1
223,,RE2,CF2,TL1,CQ3,CAP1,COP1,RE2_CF2_TL1_CQ3_CAP1_COP1,H,REPO,BAU,0.3,3556,2023,1.09,62.79,1
223,,RE2,CF2,TL1,CQ3,CAP1,COP1,RE2_CF2_TL1_CQ3_CAP1_COP1,H,REPO,BAU,0.3,3557,2024,1.12,70.36,1
223,,RE2,CF2,TL1,CQ3,CAP1,COP1,RE2_CF2_TL1_CQ3_CAP1_COP1,H,REPO,BAU,0.3,3558,2025,1.15,80.33,1
223,,RE2,CF2,TL1,CQ3,CAP1,COP1,RE2_CF2_TL1_CQ3_CAP1_COP1,H,REPO,BAU,0.3,3559,2026,1.18,90.3,1
223,,RE2,CF2,TL1,CQ3,CAP1,COP1,RE2_CF2_TL1_CQ3_CAP1_COP1,H,REPO,BAU,0.3,3560,2027,1.21,100.27,1
223,,RE2,CF2,TL1,CQ3,CAP1,COP1,RE2_CF2_TL1_CQ3_CAP1_COP1,H,REPO,BAU,0.3,3561,2028,1.24,110.24,1
223,,RE2,CF2,TL1,CQ3,CAP1,COP1,RE2_CF2_TL1_CQ3_CAP1_COP1,H,REPO,BAU,0.3,3562,2029,1.27,120.21,1
223,,RE2,CF2,TL1,CQ3,CAP1,COP1,RE2_CF2_TL1_CQ3_CAP1_COP1,H,REPO,BAU,0.3,3563,2030,1.3,130.18,1
223,,RE2,CF2,TL1,CQ3,CAP1,COP1,RE2_CF2_TL1_CQ3_CAP1_COP1,H,REPO,BAU,0.3,3564,2031,1.36,137.9,1
223,,RE2,CF2,TL1,CQ3,CAP1,COP1,RE2_CF2_TL1_CQ3_CAP1_COP1,H,REPO,BAU,0.3,3565,2032,1.42,147.31,1
223,,RE2,CF2,TL1,CQ3,CAP1,COP1,RE2_CF2_TL1_CQ3_CAP1_COP1,H,REPO,BAU,0.3,3566,2033,1.48,156.72,1
223,,RE2,CF2,TL1,CQ3,CAP1,COP1,RE2_CF2_TL1_CQ3_CAP1_COP1,H,REPO,BAU,0.3,3567,2034,1.54,166.13,1
223,,RE2,CF2,TL1,CQ3,CAP1,COP1,RE2_CF2_TL1_CQ3_CAP1_COP1,H,REPO,BAU,0.3,3568,2035,1.6,175.53,1
224,,RE2,CF2,TL1,CQ3,CAP2,COP1,RE2_CF2_TL1_CQ3_CAP2_COP1,H,REPO,BAU,0.3,3569,2020,1.0,42.85,1
224,,RE2,CF2,TL1,CQ3,CAP2,COP1,RE2_CF2_TL1_CQ3_CAP2_COP1,H,REPO,BAU,0.3,3570,2021,1.03,42.85,1
224,,RE2,CF2,TL1,CQ3,CAP2,COP1,RE2_CF2_TL1_CQ3_CAP2_COP1,H,REPO,BAU,0.3,3571,2022,1.06,45.61,1
224,,RE2,CF2,TL1,CQ3,CAP2,COP1,RE2_CF2_TL1_CQ3_CAP2_COP1,H,REPO,BAU,0.3,3572,2023,1.09,127.71,1
224,,RE2,CF2,TL1,CQ3,CAP2,COP1,RE2_CF2_TL1_CQ3_CAP2_COP1,H,REPO,BAU,0.3,3573,2024,1.12,209.81,1
224,,RE2,CF2,TL1,CQ3,CAP2,COP1,RE2_CF2_TL1_CQ3_CAP2_COP1,H,REPO,BAU,0.3,3574,2025,1.15,291.9,1
224,,RE2,CF2,TL1,CQ3,CAP2,COP1,RE2_CF2_TL1_CQ3_CAP2_COP1,H,REPO,BAU,0.3,3575,2026,1.18,374.0,1
224,,RE2,CF2,TL1,CQ3,CAP2,COP1,RE2_CF2_TL1_CQ3_CAP2_COP1,H,REPO,BAU,0.3,3576,2027,1.21,456.1,1
224,,RE2,CF2,TL1,CQ3,CAP2,COP1,RE2_CF2_TL1_CQ3_CAP2_COP1,H,REPO,BAU,0.3,3577,2028,1.24,456.1,1
224,,RE2,CF2,TL1,CQ3,CAP2,COP1,RE2_CF2_TL1_CQ3_CAP2_COP1,H,REPO,BAU,0.3,3578,2029,1.27,456.1,1
224,,RE2,CF2,TL1,CQ3,CAP2,COP1,RE2_CF2_TL1_CQ3_CAP2_COP1,H,REPO,BAU,0.3,3579,2030,1.3,456.1,1
224,,RE2,CF2,TL1,CQ3,CAP2,COP1,RE2_CF2_TL1_CQ3_CAP2_COP1,H,REPO,BAU,0.3,3580,2031,1.36,456.1,1
224,,RE2,CF2,TL1,CQ3,CAP2,COP1,RE2_CF2_TL1_CQ3_CAP2_COP1,H,REPO,BAU,0.3,3581,2032,1.42,456.1,1
224,,RE2,CF2,TL1,CQ3,CAP2,COP1,RE2_CF2_TL1_CQ3_CAP2_COP1,H,REPO,BAU,0.3,3582,2033,1.48,456.1,1
224,,RE2,CF2,TL1,CQ3,CAP2,COP1,RE2_CF2_TL1_CQ3_CAP2_COP1,H,REPO,BAU,0.3,3583,2034,1.54,456.1,1
224,,RE2,CF2,TL1,CQ3,CAP2,COP1,RE2_CF2_TL1_CQ3_CAP2_COP1,H,REPO,BAU,0.3,3584,2035,1.6,456.1,1
225,,RE2,CF2,TL1,CQ3,CAP2,COP2,RE2_CF2_TL1_CQ3_CAP2_COP2,H,REPO,PD,0.3,3585,2020,1.0,42.85,1
225,,RE2,CF2,TL1,CQ3,CAP2,COP2,RE2_CF2_TL1_CQ3_CAP2_COP2,H,REPO,PD,0.3,3586,2021,1.03,42.85,1
225,,RE2,CF2,TL1,CQ3,CAP2,COP2,RE2_CF2_TL1_CQ3_CAP2_COP2,H,REPO,PD,0.3,3587,2022,1.06,45.61,1
225,,RE2,CF2,TL1,CQ3,CAP2,COP2,RE2_CF2_TL1_CQ3_CAP2_COP2,H,REPO,PD,0.3,3588,2023,1.09,127.71,1
225,,RE2,CF2,TL1,CQ3,CAP2,COP2,RE2_CF2_TL1_CQ3_CAP2_COP2,H,REPO,PD,0.3,3589,2024,1.12,209.81,1
225,,RE2,CF2,TL1,CQ3,CAP2,COP2,RE2_CF2_TL1_CQ3_CAP2_COP2,H,REPO,PD,0.3,3590,2025,1.15,291.9,1
225,,RE2,CF2,TL1,CQ3,CAP2,COP2,RE2_CF2_TL1_CQ3_CAP2_COP2,H,REPO,PD,0.3,3591,2026,1.18,374.0,1
225,,RE2,CF2,TL1,CQ3,CAP2,COP2,RE2_CF2_TL1_CQ3_CAP2_COP2,H,REPO,PD,0.3,3592,2027,1.21,456.1,1
225,,RE2,CF2,TL1,CQ3,CAP2,COP2,RE2_CF2_TL1_CQ3_CAP2_COP2,H,REPO,PD,0.3,3593,2028,1.24,456.1,1
225,,RE2,CF2,TL1,CQ3,CAP2,COP2,RE2_CF2_TL1_CQ3_CAP2_COP2,H,REPO,PD,0.3,3594,2029,1.27,456.1,1
225,,RE2,CF2,TL1,CQ3,CAP2,COP2,RE2_CF2_TL1_CQ3_CAP2_COP2,H,REPO,PD,0.3,3595,2030,1.3,456.1,1
225,,RE2,CF2,TL1,CQ3,CAP2,COP2,RE2_CF2_TL1_CQ3_CAP2_COP2,H,REPO,PD,0.3,3596,2031,1.36,456.1,1
225,,RE2,CF2,TL1,CQ3,CAP2,COP2,RE2_CF2_TL1_CQ3_CAP2_COP2,H,REPO,PD,0.3,3597,2032,1.42,456.1,1
225,,RE2,CF2,TL1,CQ3,CAP2,COP2,RE2_CF2_TL1_CQ3_CAP2_COP2,H,REPO,PD,0.3,3598,2033,1.48,456.1,1
225,,RE2,CF2,TL1,CQ3,CAP2,COP2,RE2_CF2_TL1_CQ3_CAP2_COP2,H,REPO,PD,0.3,3599,2034,1.54,456.1,1
225,,RE2,CF2,TL1,CQ3,CAP2,COP2,RE2_CF2_TL1_CQ3_CAP2_COP2,H,REPO,PD,0.3,3600,2035,1.6,456.1,1
226,,RE2,CF2,TL1,CQ4,CAP1,COP2,RE2_CF2_TL1_CQ4_CAP1_COP2,H,REPO_plus,PD,0.3,3601,2020,1.0,42.85,1
226,,RE2,CF2,TL1,CQ4,CAP1,COP2,RE2_CF2_TL1_CQ4_CAP1_COP2,H,REPO_plus,PD,0.3,3602,2021,1.03,42.85,1
226,,RE2,CF2,TL1,CQ4,CAP1,COP2,RE2_CF2_TL1_CQ4_CAP1_COP2,H,REPO_plus,PD,0.3,3603,2022,1.06,45.61,1
226,,RE2,CF2,TL1,CQ4,CAP1,COP2,RE2_CF2_TL1_CQ4_CAP1_COP2,H,REPO_plus,PD,0.3,3604,2023,1.09,62.79,1
226,,RE2,CF2,TL1,CQ4,CAP1,COP2,RE2_CF2_TL1_CQ4_CAP1_COP2,H,REPO_plus,PD,0.3,3605,2024,1.12,70.36,1
226,,RE2,CF2,TL1,CQ4,CAP1,COP2,RE2_CF2_TL1_CQ4_CAP1_COP2,H,REPO_plus,PD,0.3,3606,2025,1.15,80.33,1
226,,RE2,CF2,TL1,CQ4,CAP1,COP2,RE2_CF2_TL1_CQ4_CAP1_COP2,H,REPO_plus,PD,0.3,3607,2026,1.18,90.3,1
226,,RE2,CF2,TL1,CQ4,CAP1,COP2,RE2_CF2_TL1_CQ4_CAP1_COP2,H,REPO_plus,PD,0.3,3608,2027,1.21,100.27,1
226,,RE2,CF2,TL1,CQ4,CAP1,COP2,RE2_CF2_TL1_CQ4_CAP1_COP2,H,REPO_plus,PD,0.3,3609,2028,1.24,110.24,1
226,,RE2,CF2,TL1,CQ4,CAP1,COP2,RE2_CF2_TL1_CQ4_CAP1_COP2,H,REPO_plus,PD,0.3,3610,2029,1.27,120.21,1
226,,RE2,CF2,TL1,CQ4,CAP1,COP2,RE2_CF2_TL1_CQ4_CAP1_COP2,H,REPO_plus,PD,0.3,3611,2030,1.3,130.18,1
226,,RE2,CF2,TL1,CQ4,CAP1,COP2,RE2_CF2_TL1_CQ4_CAP1_COP2,H,REPO_plus,PD,0.3,3612,2031,1.36,137.9,1
226,,RE2,CF2,TL1,CQ4,CAP1,COP2,RE2_CF2_TL1_CQ4_CAP1_COP2,H,REPO_plus,PD,0.3,3613,2032,1.42,147.31,1
226,,RE2,CF2,TL1,CQ4,CAP1,COP2,RE2_CF2_TL1_CQ4_CAP1_COP2,H,REPO_plus,PD,0.3,3614,2033,1.48,156.72,1
226,,RE2,CF2,TL1,CQ4,CAP1,COP2,RE2_CF2_TL1_CQ4_CAP1_COP2,H,REPO_plus,PD,0.3,3615,2034,1.54,166.13,1
226,,RE2,CF2,TL1,CQ4,CAP1,COP2,RE2_CF2_TL1_CQ4_CAP1_COP2,H,REPO_plus,PD,0.3,3616,2035,1.6,175.53,1
227,,RE2,CF2,TL1,CQ4,CAP2,COP1,RE2_CF2_TL1_CQ4_CAP2_COP1,H,REPO_plus,BAU,0.3,3617,2020,1.0,42.85,1
227,,RE2,CF2,TL1,CQ4,CAP2,COP1,RE2_CF2_TL1_CQ4_CAP2_COP1,H,REPO_plus,BAU,0.3,3618,2021,1.03,42.85,1
227,,RE2,CF2,TL1,CQ4,CAP2,COP1,RE2_CF2_TL1_CQ4_CAP2_COP1,H,REPO_plus,BAU,0.3,3619,2022,1.06,45.61,1
227,,RE2,CF2,TL1,CQ4,CAP2,COP1,RE2_CF2_TL1_CQ4_CAP2_COP1,H,REPO_plus,BAU,0.3,3620,2023,1.09,127.71,1
227,,RE2,CF2,TL1,CQ4,CAP2,COP1,RE2_CF2_TL1_CQ4_CAP2_COP1,H,REPO_plus,BAU,0.3,3621,2024,1.12,209.81,1
227,,RE2,CF2,TL1,CQ4,CAP2,COP1,RE2_CF2_TL1_CQ4_CAP2_COP1,H,REPO_plus,BAU,0.3,3622,2025,1.15,291.9,1
227,,RE2,CF2,TL1,CQ4,CAP2,COP1,RE2_CF2_TL1_CQ4_CAP2_COP1,H,REPO_plus,BAU,0.3,3623,2026,1.18,374.0,1
227,,RE2,CF2,TL1,CQ4,CAP2,COP1,RE2_CF2_TL1_CQ4_CAP2_COP1,H,REPO_plus,BAU,0.3,3624,2027,1.21,456.1,1
227,,RE2,CF2,TL1,CQ4,CAP2,COP1,RE2_CF2_TL1_CQ4_CAP2_COP1,H,REPO_plus,BAU,0.3,3625,2028,1.24,456.1,1
227,,RE2,CF2,TL1,CQ4,CAP2,COP1,RE2_CF2_TL1_CQ4_CAP2_COP1,H,REPO_plus,BAU,0.3,3626,2029,1.27,456.1,1
227,,RE2,CF2,TL1,CQ4,CAP2,COP1,RE2_CF2_TL1_CQ4_CAP2_COP1,H,REPO_plus,BAU,0.3,3627,2030,1.3,456.1,1
227,,RE2,CF2,TL1,CQ4,CAP2,COP1,RE2_CF2_TL1_CQ4_CAP2_COP1,H,REPO_plus,BAU,0.3,3628,2031,1.36,456.1,1
227,,RE2,CF2,TL1,CQ4,CAP2,COP1,RE2_CF2_TL1_CQ4_CAP2_COP1,H,REPO_plus,BAU,0.3,3629,2032,1.42,456.1,1
227,,RE2,CF2,TL1,CQ4,CAP2,COP1,RE2_CF2_TL1_CQ4_CAP2_COP1,H,REPO_plus,BAU,0.3,3630,2033,1.48,456.1,1
227,,RE2,CF2,TL1,CQ4,CAP2,COP1,RE2_CF2_TL1_CQ4_CAP2_COP1,H,REPO_plus,BAU,0.3,3631,2034,1.54,456.1,1
227,,RE2,CF2,TL1,CQ4,CAP2,COP1,RE2_CF2_TL1_CQ4_CAP2_COP1,H,REPO_plus,BAU,0.3,3632,2035,1.6,456.1,1
228,,RE2,CF2,TL1,CQ4,CAP2,COP2,RE2_CF2_TL1_CQ4_CAP2_COP2,H,REPO_plus,PD,0.3,3633,2020,1.0,42.85,1
228,,RE2,CF2,TL1,CQ4,CAP2,COP2,RE2_CF2_TL1_CQ4_CAP2_COP2,H,REPO_plus,PD,0.3,3634,2021,1.03,42.85,1
228,,RE2,CF2,TL1,CQ4,CAP2,COP2,RE2_CF2_TL1_CQ4_CAP2_COP2,H,REPO_plus,PD,0.3,3635,2022,1.06,45.61,1
228,,RE2,CF2,TL1,CQ4,CAP2,COP2,RE2_CF2_TL1_CQ4_CAP2_COP2,H,REPO_plus,PD,0.3,3636,2023,1.09,127.71,1
228,,RE2,CF2,TL1,CQ4,CAP2,COP2,RE2_CF2_TL1_CQ4_CAP2_COP2,H,REPO_plus,PD,0.3,3637,2024,1.12,209.81,1
228,,RE2,CF2,TL1,CQ4,CAP2,COP2,RE2_CF2_TL1_CQ4_CAP2_COP2,H,REPO_plus,PD,0.3,3638,2025,1.15,291.9,1
228,,RE2,CF2,TL1,CQ4,CAP2,COP2,RE2_CF2_TL1_CQ4_CAP2_COP2,H,REPO_plus,PD,0.3,3639,2026,1.18,374.0,1
228,,RE2,CF2,TL1,CQ4,CAP2,COP2,RE2_CF2_TL1_CQ4_CAP2_COP2,H,REPO_plus,PD,0.3,3640,2027,1.21,456.1,1
228,,RE2,CF2,TL1,CQ4,CAP2,COP2,RE2_CF2_TL1_CQ4_CAP2_COP2,H,REPO_plus,PD,0.3,3641,2028,1.24,456.1,1
228,,RE2,CF2,TL1,CQ4,CAP2,COP2,RE2_CF2_TL1_CQ4_CAP2_COP2,H,REPO_plus,PD,0.3,3642,2029,1.27,456.1,1
228,,RE2,CF2,TL1,CQ4,CAP2,COP2,RE2_CF2_TL1_CQ4_CAP2_COP2,H,REPO_plus,PD,0.3,3643,2030,1.3,456.1,1
228,,RE2,CF2,TL1,CQ4,CAP2,COP2,RE2_CF2_TL1_CQ4_CAP2_COP2,H,REPO_plus,PD,0.3,3644,2031,1.36,456.1,1
228,,RE2,CF2,TL1,CQ4,CAP2,COP2,RE2_CF2_TL1_CQ4_CAP2_COP2,H,REPO_plus,PD,0.3,3645,2032,1.42,456.1,1
228,,RE2,CF2,TL1,CQ4,CAP2,COP2,RE2_CF2_TL1_CQ4_CAP2_COP2,H,REPO_plus,PD,0.3,3646,2033,1.48,456.1,1
228,,RE2,CF2,TL1,CQ4,CAP2,COP2,RE2_CF2_TL1_CQ4_CAP2_COP2,H,REPO_plus,PD,0.3,3647,2034,1.54,456.1,1
228,,RE2,CF2,TL1,CQ4,CAP2,COP2,RE2_CF2_TL1_CQ4_CAP2_COP2,H,REPO_plus,PD,0.3,3648,2035,1.6,456.1,1
229,,RE2,CF2,TL1,CQ5,CAP1,COP1,RE2_CF2_TL1_CQ5_CAP1_COP1,H,全行业配额,BAU,0.3,3649,2020,1.0,42.85,1
229,,RE2,CF2,TL1,CQ5,CAP1,COP1,RE2_CF2_TL1_CQ5_CAP1_COP1,H,全行业配额,BAU,0.3,3650,2021,1.03,42.85,1
229,,RE2,CF2,TL1,CQ5,CAP1,COP1,RE2_CF2_TL1_CQ5_CAP1_COP1,H,全行业配额,BAU,0.3,3651,2022,1.06,45.61,1
229,,RE2,CF2,TL1,CQ5,CAP1,COP1,RE2_CF2_TL1_CQ5_CAP1_COP1,H,全行业配额,BAU,0.3,3652,2023,1.09,62.79,1
229,,RE2,CF2,TL1,CQ5,CAP1,COP1,RE2_CF2_TL1_CQ5_CAP1_COP1,H,全行业配额,BAU,0.3,3653,2024,1.12,70.36,1
229,,RE2,CF2,TL1,CQ5,CAP1,COP1,RE2_CF2_TL1_CQ5_CAP1_COP1,H,全行业配额,BAU,0.3,3654,2025,1.15,80.33,1
229,,RE2,CF2,TL1,CQ5,CAP1,COP1,RE2_CF2_TL1_CQ5_CAP1_COP1,H,全行业配额,BAU,0.3,3655,2026,1.18,90.3,1
229,,RE2,CF2,TL1,CQ5,CAP1,COP1,RE2_CF2_TL1_CQ5_CAP1_COP1,H,全行业配额,BAU,0.3,3656,2027,1.21,100.27,1
229,,RE2,CF2,TL1,CQ5,CAP1,COP1,RE2_CF2_TL1_CQ5_CAP1_COP1,H,全行业配额,BAU,0.3,3657,2028,1.24,110.24,1
229,,RE2,CF2,TL1,CQ5,CAP1,COP1,RE2_CF2_TL1_CQ5_CAP1_COP1,H,全行业配额,BAU,0.3,3658,2029,1.27,120.21,1
229,,RE2,CF2,TL1,CQ5,CAP1,COP1,RE2_CF2_TL1_CQ5_CAP1_COP1,H,全行业配额,BAU,0.3,3659,2030,1.3,130.18,1
229,,RE2,CF2,TL1,CQ5,CAP1,COP1,RE2_CF2_TL1_CQ5_CAP1_COP1,H,全行业配额,BAU,0.3,3660,2031,1.36,137.9,1
229,,RE2,CF2,TL1,CQ5,CAP1,COP1,RE2_CF2_TL1_CQ5_CAP1_COP1,H,全行业配额,BAU,0.3,3661,2032,1.42,147.31,1
229,,RE2,CF2,TL1,CQ5,CAP1,COP1,RE2_CF2_TL1_CQ5_CAP1_COP1,H,全行业配额,BAU,0.3,3662,2033,1.48,156.72,1
229,,RE2,CF2,TL1,CQ5,CAP1,COP1,RE2_CF2_TL1_CQ5_CAP1_COP1,H,全行业配额,BAU,0.3,3663,2034,1.54,166.13,1
229,,RE2,CF2,TL1,CQ5,CAP1,COP1,RE2_CF2_TL1_CQ5_CAP1_COP1,H,全行业配额,BAU,0.3,3664,2035,1.6,175.53,1
230,,RE2,CF2,TL1,CQ5,CAP1,COP2,RE2_CF2_TL1_CQ5_CAP1_COP2,H,全行业配额,PD,0.3,3665,2020,1.0,42.85,1
230,,RE2,CF2,TL1,CQ5,CAP1,COP2,RE2_CF2_TL1_CQ5_CAP1_COP2,H,全行业配额,PD,0.3,3666,2021,1.03,42.85,1
230,,RE2,CF2,TL1,CQ5,CAP1,COP2,RE2_CF2_TL1_CQ5_CAP1_COP2,H,全行业配额,PD,0.3,3667,2022,1.06,45.61,1
230,,RE2,CF2,TL1,CQ5,CAP1,COP2,RE2_CF2_TL1_CQ5_CAP1_COP2,H,全行业配额,PD,0.3,3668,2023,1.09,62.79,1
230,,RE2,CF2,TL1,CQ5,CAP1,COP2,RE2_CF2_TL1_CQ5_CAP1_COP2,H,全行业配额,PD,0.3,3669,2024,1.12,70.36,1
230,,RE2,CF2,TL1,CQ5,CAP1,COP2,RE2_CF2_TL1_CQ5_CAP1_COP2,H,全行业配额,PD,0.3,3670,2025,1.15,80.33,1
230,,RE2,CF2,TL1,CQ5,CAP1,COP2,RE2_CF2_TL1_CQ5_CAP1_COP2,H,全行业配额,PD,0.3,3671,2026,1.18,90.3,1
230,,RE2,CF2,TL1,CQ5,CAP1,COP2,RE2_CF2_TL1_CQ5_CAP1_COP2,H,全行业配额,PD,0.3,3672,2027,1.21,100.27,1
230,,RE2,CF2,TL1,CQ5,CAP1,COP2,RE2_CF2_TL1_CQ5_CAP1_COP2,H,全行业配额,PD,0.3,3673,2028,1.24,110.24,1
230,,RE2,CF2,TL1,CQ5,CAP1,COP2,RE2_CF2_TL1_CQ5_CAP1_COP2,H,全行业配额,PD,0.3,3674,2029,1.27,120.21,1
230,,RE2,CF2,TL1,CQ5,CAP1,COP2,RE2_CF2_TL1_CQ5_CAP1_COP2,H,全行业配额,PD,0.3,3675,2030,1.3,130.18,1
230,,RE2,CF2,TL1,CQ5,CAP1,COP2,RE2_CF2_TL1_CQ5_CAP1_COP2,H,全行业配额,PD,0.3,3676,2031,1.36,137.9,1
230,,RE2,CF2,TL1,CQ5,CAP1,COP2,RE2_CF2_TL1_CQ5_CAP1_COP2,H,全行业配额,PD,0.3,3677,2032,1.42,147.31,1
230,,RE2,CF2,TL1,CQ5,CAP1,COP2,RE2_CF2_TL1_CQ5_CAP1_COP2,H,全行业配额,PD,0.3,3678,2033,1.48,156.72,1
230,,RE2,CF2,TL1,CQ5,CAP1,COP2,RE2_CF2_TL1_CQ5_CAP1_COP2,H,全行业配额,PD,0.3,3679,2034,1.54,166.13,1
230,,RE2,CF2,TL1,CQ5,CAP1,COP2,RE2_CF2_TL1_CQ5_CAP1_COP2,H,全行业配额,PD,0.3,3680,2035,1.6,175.53,1
231,,RE2,CF2,TL1,CQ5,CAP2,COP1,RE2_CF2_TL1_CQ5_CAP2_COP1,H,全行业配额,BAU,0.3,3681,2020,1.0,42.85,1
231,,RE2,CF2,TL1,CQ5,CAP2,COP1,RE2_CF2_TL1_CQ5_CAP2_COP1,H,全行业配额,BAU,0.3,3682,2021,1.03,42.85,1
231,,RE2,CF2,TL1,CQ5,CAP2,COP1,RE2_CF2_TL1_CQ5_CAP2_COP1,H,全行业配额,BAU,0.3,3683,2022,1.06,45.61,1
231,,RE2,CF2,TL1,CQ5,CAP2,COP1,RE2_CF2_TL1_CQ5_CAP2_COP1,H,全行业配额,BAU,0.3,3684,2023,1.09,127.71,1
231,,RE2,CF2,TL1,CQ5,CAP2,COP1,RE2_CF2_TL1_CQ5_CAP2_COP1,H,全行业配额,BAU,0.3,3685,2024,1.12,209.81,1
231,,RE2,CF2,TL1,CQ5,CAP2,COP1,RE2_CF2_TL1_CQ5_CAP2_COP1,H,全行业配额,BAU,0.3,3686,2025,1.15,291.9,1
231,,RE2,CF2,TL1,CQ5,CAP2,COP1,RE2_CF2_TL1_CQ5_CAP2_COP1,H,全行业配额,BAU,0.3,3687,2026,1.18,374.0,1
231,,RE2,CF2,TL1,CQ5,CAP2,COP1,RE2_CF2_TL1_CQ5_CAP2_COP1,H,全行业配额,BAU,0.3,3688,2027,1.21,456.1,1
231,,RE2,CF2,TL1,CQ5,CAP2,COP1,RE2_CF2_TL1_CQ5_CAP2_COP1,H,全行业配额,BAU,0.3,3689,2028,1.24,456.1,1
231,,RE2,CF2,TL1,CQ5,CAP2,COP1,RE2_CF2_TL1_CQ5_CAP2_COP1,H,全行业配额,BAU,0.3,3690,2029,1.27,456.1,1
231,,RE2,CF2,TL1,CQ5,CAP2,COP1,RE2_CF2_TL1_CQ5_CAP2_COP1,H,全行业配额,BAU,0.3,3691,2030,1.3,456.1,1
231,,RE2,CF2,TL1,CQ5,CAP2,COP1,RE2_CF2_TL1_CQ5_CAP2_COP1,H,全行业配额,BAU,0.3,3692,2031,1.36,456.1,1
231,,RE2,CF2,TL1,CQ5,CAP2,COP1,RE2_CF2_TL1_CQ5_CAP2_COP1,H,全行业配额,BAU,0.3,3693,2032,1.42,456.1,1
231,,RE2,CF2,TL1,CQ5,CAP2,COP1,RE2_CF2_TL1_CQ5_CAP2_COP1,H,全行业配额,BAU,0.3,3694,2033,1.48,456.1,1
231,,RE2,CF2,TL1,CQ5,CAP2,COP1,RE2_CF2_TL1_CQ5_CAP2_COP1,H,全行业配额,BAU,0.3,3695,2034,1.54,456.1,1
231,,RE2,CF2,TL1,CQ5,CAP2,COP1,RE2_CF2_TL1_CQ5_CAP2_COP1,H,全行业配额,BAU,0.3,3696,2035,1.6,456.1,1
232,,RE2,CF2,TL1,CQ5,CAP2,COP2,RE2_CF2_TL1_CQ5_CAP2_COP2,H,全行业配额,PD,0.3,3697,2020,1.0,42.85,1
232,,RE2,CF2,TL1,CQ5,CAP2,COP2,RE2_CF2_TL1_CQ5_CAP2_COP2,H,全行业配额,PD,0.3,3698,2021,1.03,42.85,1
232,,RE2,CF2,TL1,CQ5,CAP2,COP2,RE2_CF2_TL1_CQ5_CAP2_COP2,H,全行业配额,PD,0.3,3699,2022,1.06,45.61,1
232,,RE2,CF2,TL1,CQ5,CAP2,COP2,RE2_CF2_TL1_CQ5_CAP2_COP2,H,全行业配额,PD,0.3,3700,2023,1.09,127.71,1
232,,RE2,CF2,TL1,CQ5,CAP2,COP2,RE2_CF2_TL1_CQ5_CAP2_COP2,H,全行业配额,PD,0.3,3701,2024,1.12,209.81,1
232,,RE2,CF2,TL1,CQ5,CAP2,COP2,RE2_CF2_TL1_CQ5_CAP2_COP2,H,全行业配额,PD,0.3,3702,2025,1.15,291.9,1
232,,RE2,CF2,TL1,CQ5,CAP2,COP2,RE2_CF2_TL1_CQ5_CAP2_COP2,H,全行业配额,PD,0.3,3703,2026,1.18,374.0,1
232,,RE2,CF2,TL1,CQ5,CAP2,COP2,RE2_CF2_TL1_CQ5_CAP2_COP2,H,全行业配额,PD,0.3,3704,2027,1.21,456.1,1
232,,RE2,CF2,TL1,CQ5,CAP2,COP2,RE2_CF2_TL1_CQ5_CAP2_COP2,H,全行业配额,PD,0.3,3705,2028,1.24,456.1,1
232,,RE2,CF2,TL1,CQ5,CAP2,COP2,RE2_CF2_TL1_CQ5_CAP2_COP2,H,全行业配额,PD,0.3,3706,2029,1.27,456.1,1
232,,RE2,CF2,TL1,CQ5,CAP2,COP2,RE2_CF2_TL1_CQ5_CAP2_COP2,H,全行业配额,PD,0.3,3707,2030,1.3,456.1,1
232,,RE2,CF2,TL1,CQ5,CAP2,COP2,RE2_CF2_TL1_CQ5_CAP2_COP2,H,全行业配额,PD,0.3,3708,2031,1.36,456.1,1
232,,RE2,CF2,TL1,CQ5,CAP2,COP2,RE2_CF2_TL1_CQ5_CAP2_COP2,H,全行业配额,PD,0.3,3709,2032,1.42,456.1,1
232,,RE2,CF2,TL1,CQ5,CAP2,COP2,RE2_CF2_TL1_CQ5_CAP2_COP2,H,全行业配额,PD,0.3,3710,2033,1.48,456.1,1
232,,RE2,CF2,TL1,CQ5,CAP2,COP2,RE2_CF2_TL1_CQ5_CAP2_COP2,H,全行业配额,PD,0.3,3711,2034,1.54,456.1,1
232,,RE2,CF2,TL1,CQ5,CAP2,COP2,RE2_CF2_TL1_CQ5_CAP2_COP2,H,全行业配额,PD,0.3,3712,2035,1.6,456.1,1
233,,RE2,CF2,TL1,CQ6,CAP1,COP1,RE2_CF2_TL1_CQ6_CAP1_COP1,H,电力配额,BAU,0.3,3713,2020,1.0,42.85,1
233,,RE2,CF2,TL1,CQ6,CAP1,COP1,RE2_CF2_TL1_CQ6_CAP1_COP1,H,电力配额,BAU,0.3,3714,2021,1.03,42.85,1
233,,RE2,CF2,TL1,CQ6,CAP1,COP1,RE2_CF2_TL1_CQ6_CAP1_COP1,H,电力配额,BAU,0.3,3715,2022,1.06,45.61,1
233,,RE2,CF2,TL1,CQ6,CAP1,COP1,RE2_CF2_TL1_CQ6_CAP1_COP1,H,电力配额,BAU,0.3,3716,2023,1.09,62.79,1
233,,RE2,CF2,TL1,CQ6,CAP1,COP1,RE2_CF2_TL1_CQ6_CAP1_COP1,H,电力配额,BAU,0.3,3717,2024,1.12,70.36,1
233,,RE2,CF2,TL1,CQ6,CAP1,COP1,RE2_CF2_TL1_CQ6_CAP1_COP1,H,电力配额,BAU,0.3,3718,2025,1.15,80.33,1
233,,RE2,CF2,TL1,CQ6,CAP1,COP1,RE2_CF2_TL1_CQ6_CAP1_COP1,H,电力配额,BAU,0.3,3719,2026,1.18,90.3,1
233,,RE2,CF2,TL1,CQ6,CAP1,COP1,RE2_CF2_TL1_CQ6_CAP1_COP1,H,电力配额,BAU,0.3,3720,2027,1.21,100.27,1
233,,RE2,CF2,TL1,CQ6,CAP1,COP1,RE2_CF2_TL1_CQ6_CAP1_COP1,H,电力配额,BAU,0.3,3721,2028,1.24,110.24,1
233,,RE2,CF2,TL1,CQ6,CAP1,COP1,RE2_CF2_TL1_CQ6_CAP1_COP1,H,电力配额,BAU,0.3,3722,2029,1.27,120.21,1
233,,RE2,CF2,TL1,CQ6,CAP1,COP1,RE2_CF2_TL1_CQ6_CAP1_COP1,H,电力配额,BAU,0.3,3723,2030,1.3,130.18,1
233,,RE2,CF2,TL1,CQ6,CAP1,COP1,RE2_CF2_TL1_CQ6_CAP1_COP1,H,电力配额,BAU,0.3,3724,2031,1.36,137.9,1
233,,RE2,CF2,TL1,CQ6,CAP1,COP1,RE2_CF2_TL1_CQ6_CAP1_COP1,H,电力配额,BAU,0.3,3725,2032,1.42,147.31,1
233,,RE2,CF2,TL1,CQ6,CAP1,COP1,RE2_CF2_TL1_CQ6_CAP1_COP1,H,电力配额,BAU,0.3,3726,2033,1.48,156.72,1
233,,RE2,CF2,TL1,CQ6,CAP1,COP1,RE2_CF2_TL1_CQ6_CAP1_COP1,H,电力配额,BAU,0.3,3727,2034,1.54,166.13,1
233,,RE2,CF2,TL1,CQ6,CAP1,COP1,RE2_CF2_TL1_CQ6_CAP1_COP1,H,电力配额,BAU,0.3,3728,2035,1.6,175.53,1
234,,RE2,CF2,TL1,CQ6,CAP1,COP2,RE2_CF2_TL1_CQ6_CAP1_COP2,H,电力配额,PD,0.3,3729,2020,1.0,42.85,1
234,,RE2,CF2,TL1,CQ6,CAP1,COP2,RE2_CF2_TL1_CQ6_CAP1_COP2,H,电力配额,PD,0.3,3730,2021,1.03,42.85,1
234,,RE2,CF2,TL1,CQ6,CAP1,COP2,RE2_CF2_TL1_CQ6_CAP1_COP2,H,电力配额,PD,0.3,3731,2022,1.06,45.61,1
234,,RE2,CF2,TL1,CQ6,CAP1,COP2,RE2_CF2_TL1_CQ6_CAP1_COP2,H,电力配额,PD,0.3,3732,2023,1.09,62.79,1
234,,RE2,CF2,TL1,CQ6,CAP1,COP2,RE2_CF2_TL1_CQ6_CAP1_COP2,H,电力配额,PD,0.3,3733,2024,1.12,70.36,1
234,,RE2,CF2,TL1,CQ6,CAP1,COP2,RE2_CF2_TL1_CQ6_CAP1_COP2,H,电力配额,PD,0.3,3734,2025,1.15,80.33,1
234,,RE2,CF2,TL1,CQ6,CAP1,COP2,RE2_CF2_TL1_CQ6_CAP1_COP2,H,电力配额,PD,0.3,3735,2026,1.18,90.3,1
234,,RE2,CF2,TL1,CQ6,CAP1,COP2,RE2_CF2_TL1_CQ6_CAP1_COP2,H,电力配额,PD,0.3,3736,2027,1.21,100.27,1
234,,RE2,CF2,TL1,CQ6,CAP1,COP2,RE2_CF2_TL1_CQ6_CAP1_COP2,H,电力配额,PD,0.3,3737,2028,1.24,110.24,1
234,,RE2,CF2,TL1,CQ6,CAP1,COP2,RE2_CF2_TL1_CQ6_CAP1_COP2,H,电力配额,PD,0.3,3738,2029,1.27,120.21,1
234,,RE2,CF2,TL1,CQ6,CAP1,COP2,RE2_CF2_TL1_CQ6_CAP1_COP2,H,电力配额,PD,0.3,3739,2030,1.3,130.18,1
234,,RE2,CF2,TL1,CQ6,CAP1,COP2,RE2_CF2_TL1_CQ6_CAP1_COP2,H,电力配额,PD,0.3,3740,2031,1.36,137.9,1
234,,RE2,CF2,TL1,CQ6,CAP1,COP2,RE2_CF2_TL1_CQ6_CAP1_COP2,H,电力配额,PD,0.3,3741,2032,1.42,147.31,1
234,,RE2,CF2,TL1,CQ6,CAP1,COP2,RE2_CF2_TL1_CQ6_CAP1_COP2,H,电力配额,PD,0.3,3742,2033,1.48,156.72,1
234,,RE2,CF2,TL1,CQ6,CAP1,COP2,RE2_CF2_TL1_CQ6_CAP1_COP2,H,电力配额,PD,0.3,3743,2034,1.54,166.13,1
234,,RE2,CF2,TL1,CQ6,CAP1,COP2,RE2_CF2_TL1_CQ6_CAP1_COP2,H,电力配额,PD,0.3,3744,2035,1.6,175.53,1
235,,RE2,CF2,TL1,CQ6,CAP2,COP2,RE2_CF2_TL1_CQ6_CAP2_COP2,H,电力配额,PD,0.3,3745,2020,1.0,42.85,1
235,,RE2,CF2,TL1,CQ6,CAP2,COP2,RE2_CF2_TL1_CQ6_CAP2_COP2,H,电力配额,PD,0.3,3746,2021,1.03,42.85,1
235,,RE2,CF2,TL1,CQ6,CAP2,COP2,RE2_CF2_TL1_CQ6_CAP2_COP2,H,电力配额,PD,0.3,3747,2022,1.06,45.61,1
235,,RE2,CF2,TL1,CQ6,CAP2,COP2,RE2_CF2_TL1_CQ6_CAP2_COP2,H,电力配额,PD,0.3,3748,2023,1.09,127.71,1
235,,RE2,CF2,TL1,CQ6,CAP2,COP2,RE2_CF2_TL1_CQ6_CAP2_COP2,H,电力配额,PD,0.3,3749,2024,1.12,209.81,1
235,,RE2,CF2,TL1,CQ6,CAP2,COP2,RE2_CF2_TL1_CQ6_CAP2_COP2,H,电力配额,PD,0.3,3750,2025,1.15,291.9,1
235,,RE2,CF2,TL1,CQ6,CAP2,COP2,RE2_CF2_TL1_CQ6_CAP2_COP2,H,电力配额,PD,0.3,3751,2026,1.18,374.0,1
235,,RE2,CF2,TL1,CQ6,CAP2,COP2,RE2_CF2_TL1_CQ6_CAP2_COP2,H,电力配额,PD,0.3,3752,2027,1.21,456.1,1
235,,RE2,CF2,TL1,CQ6,CAP2,COP2,RE2_CF2_TL1_CQ6_CAP2_COP2,H,电力配额,PD,0.3,3753,2028,1.24,456.1,1
235,,RE2,CF2,TL1,CQ6,CAP2,COP2,RE2_CF2_TL1_CQ6_CAP2_COP2,H,电力配额,PD,0.3,3754,2029,1.27,456.1,1
235,,RE2,CF2,TL1,CQ6,CAP2,COP2,RE2_CF2_TL1_CQ6_CAP2_COP2,H,电力配额,PD,0.3,3755,2030,1.3,456.1,1
235,,RE2,CF2,TL1,CQ6,CAP2,COP2,RE2_CF2_TL1_CQ6_CAP2_COP2,H,电力配额,PD,0.3,3756,2031,1.36,456.1,1
235,,RE2,CF2,TL1,CQ6,CAP2,COP2,RE2_CF2_TL1_CQ6_CAP2_COP2,H,电力配额,PD,0.3,3757,2032,1.42,456.1,1
235,,RE2,CF2,TL1,CQ6,CAP2,COP2,RE2_CF2_TL1_CQ6_CAP2_COP2,H,电力配额,PD,0.3,3758,2033,1.48,456.1,1
235,,RE2,CF2,TL1,CQ6,CAP2,COP2,RE2_CF2_TL1_CQ6_CAP2_COP2,H,电力配额,PD,0.3,3759,2034,1.54,456.1,1
235,,RE2,CF2,TL1,CQ6,CAP2,COP2,RE2_CF2_TL1_CQ6_CAP2_COP2,H,电力配额,PD,0.3,3760,2035,1.6,456.1,1
236,,RE2,CF2,TL2,CQ1,CAP1,COP2,RE2_CF2_TL2_CQ1_CAP1_COP2,H,无配额,PD,0.3,3761,2020,1.0,0.0,0
236,,RE2,CF2,TL2,CQ1,CAP1,COP2,RE2_CF2_TL2_CQ1_CAP1_COP2,H,无配额,PD,0.3,3762,2021,1.1,0.0,0
236,,RE2,CF2,TL2,CQ1,CAP1,COP2,RE2_CF2_TL2_CQ1_CAP1_COP2,H,无配额,PD,0.3,3763,2022,1.2,0.0,0
236,,RE2,CF2,TL2,CQ1,CAP1,COP2,RE2_CF2_TL2_CQ1_CAP1_COP2,H,无配额,PD,0.3,3764,2023,1.3,0.0,0
236,,RE2,CF2,TL2,CQ1,CAP1,COP2,RE2_CF2_TL2_CQ1_CAP1_COP2,H,无配额,PD,0.3,3765,2024,1.4,0.0,0
236,,RE2,CF2,TL2,CQ1,CAP1,COP2,RE2_CF2_TL2_CQ1_CAP1_COP2,H,无配额,PD,0.3,3766,2025,1.5,0.0,0
236,,RE2,CF2,TL2,CQ1,CAP1,COP2,RE2_CF2_TL2_CQ1_CAP1_COP2,H,无配额,PD,0.3,3767,2026,1.6,0.0,0
236,,RE2,CF2,TL2,CQ1,CAP1,COP2,RE2_CF2_TL2_CQ1_CAP1_COP2,H,无配额,PD,0.3,3768,2027,1.7,0.0,0
236,,RE2,CF2,TL2,CQ1,CAP1,COP2,RE2_CF2_TL2_CQ1_CAP1_COP2,H,无配额,PD,0.3,3769,2028,1.8,0.0,0
236,,RE2,CF2,TL2,CQ1,CAP1,COP2,RE2_CF2_TL2_CQ1_CAP1_COP2,H,无配额,PD,0.3,3770,2029,1.9,0.0,0
236,,RE2,CF2,TL2,CQ1,CAP1,COP2,RE2_CF2_TL2_CQ1_CAP1_COP2,H,无配额,PD,0.3,3771,2030,2.0,0.0,0
236,,RE2,CF2,TL2,CQ1,CAP1,COP2,RE2_CF2_TL2_CQ1_CAP1_COP2,H,无配额,PD,0.3,3772,2031,2.1,0.0,0
236,,RE2,CF2,TL2,CQ1,CAP1,COP2,RE2_CF2_TL2_CQ1_CAP1_COP2,H,无配额,PD,0.3,3773,2032,2.2,0.0,0
236,,RE2,CF2,TL2,CQ1,CAP1,COP2,RE2_CF2_TL2_CQ1_CAP1_COP2,H,无配额,PD,0.3,3774,2033,2.3,0.0,0
236,,RE2,CF2,TL2,CQ1,CAP1,COP2,RE2_CF2_TL2_CQ1_CAP1_COP2,H,无配额,PD,0.3,3775,2034,2.4,0.0,0
236,,RE2,CF2,TL2,CQ1,CAP1,COP2,RE2_CF2_TL2_CQ1_CAP1_COP2,H,无配额,PD,0.3,3776,2035,2.5,0.0,0
237,,RE2,CF2,TL2,CQ1,CAP2,COP1,RE2_CF2_TL2_CQ1_CAP2_COP1,H,无配额,BAU,0.3,3777,2020,1.0,0.0,0
237,,RE2,CF2,TL2,CQ1,CAP2,COP1,RE2_CF2_TL2_CQ1_CAP2_COP1,H,无配额,BAU,0.3,3778,2021,1.1,0.0,0
237,,RE2,CF2,TL2,CQ1,CAP2,COP1,RE2_CF2_TL2_CQ1_CAP2_COP1,H,无配额,BAU,0.3,3779,2022,1.2,0.0,0
237,,RE2,CF2,TL2,CQ1,CAP2,COP1,RE2_CF2_TL2_CQ1_CAP2_COP1,H,无配额,BAU,0.3,3780,2023,1.3,0.0,0
237,,RE2,CF2,TL2,CQ1,CAP2,COP1,RE2_CF2_TL2_CQ1_CAP2_COP1,H,无配额,BAU,0.3,3781,2024,1.4,0.0,0
237,,RE2,CF2,TL2,CQ1,CAP2,COP1,RE2_CF2_TL2_CQ1_CAP2_COP1,H,无配额,BAU,0.3,3782,2025,1.5,0.0,0
237,,RE2,CF2,TL2,CQ1,CAP2,COP1,RE2_CF2_TL2_CQ1_CAP2_COP1,H,无配额,BAU,0.3,3783,2026,1.6,0.0,0
237,,RE2,CF2,TL2,CQ1,CAP2,COP1,RE2_CF2_TL2_CQ1_CAP2_COP1,H,无配额,BAU,0.3,3784,2027,1.7,0.0,0
237,,RE2,CF2,TL2,CQ1,CAP2,COP1,RE2_CF2_TL2_CQ1_CAP2_COP1,H,无配额,BAU,0.3,3785,2028,1.8,0.0,0
237,,RE2,CF2,TL2,CQ1,CAP2,COP1,RE2_CF2_TL2_CQ1_CAP2_COP1,H,无配额,BAU,0.3,3786,2029,1.9,0.0,0
237,,RE2,CF2,TL2,CQ1,CAP2,COP1,RE2_CF2_TL2_CQ1_CAP2_COP1,H,无配额,BAU,0.3,3787,2030,2.0,0.0,0
237,,RE2,CF2,TL2,CQ1,CAP2,COP1,RE2_CF2_TL2_CQ1_CAP2_COP1,H,无配额,BAU,0.3,3788,2031,2.1,0.0,0
237,,RE2,CF2,TL2,CQ1,CAP2,COP1,RE2_CF2_TL2_CQ1_CAP2_COP1,H,无配额,BAU,0.3,3789,2032,2.2,0.0,0
237,,RE2,CF2,TL2,CQ1,CAP2,COP1,RE2_CF2_TL2_CQ1_CAP2_COP1,H,无配额,BAU,0.3,3790,2033,2.3,0.0,0
237,,RE2,CF2,TL2,CQ1,CAP2,COP1,RE2_CF2_TL2_CQ1_CAP2_COP1,H,无配额,BAU,0.3,3791,2034,2.4,0.0,0
237,,RE2,CF2,TL2,CQ1,CAP2,COP1,RE2_CF2_TL2_CQ1_CAP2_COP1,H,无配额,BAU,0.3,3792,2035,2.5,0.0,0
238,,RE2,CF2,TL2,CQ1,CAP2,COP2,RE2_CF2_TL2_CQ1_CAP2_COP2,H,无配额,PD,0.3,3793,2020,1.0,0.0,0
238,,RE2,CF2,TL2,CQ1,CAP2,COP2,RE2_CF2_TL2_CQ1_CAP2_COP2,H,无配额,PD,0.3,3794,2021,1.1,0.0,0
238,,RE2,CF2,TL2,CQ1,CAP2,COP2,RE2_CF2_TL2_CQ1_CAP2_COP2,H,无配额,PD,0.3,3795,2022,1.2,0.0,0
238,,RE2,CF2,TL2,CQ1,CAP2,COP2,RE2_CF2_TL2_CQ1_CAP2_COP2,H,无配额,PD,0.3,3796,2023,1.3,0.0,0
238,,RE2,CF2,TL2,CQ1,CAP2,COP2,RE2_CF2_TL2_CQ1_CAP2_COP2,H,无配额,PD,0.3,3797,2024,1.4,0.0,0
238,,RE2,CF2,TL2,CQ1,CAP2,COP2,RE2_CF2_TL2_CQ1_CAP2_COP2,H,无配额,PD,0.3,3798,2025,1.5,0.0,0
238,,RE2,CF2,TL2,CQ1,CAP2,COP2,RE2_CF2_TL2_CQ1_CAP2_COP2,H,无配额,PD,0.3,3799,2026,1.6,0.0,0
238,,RE2,CF2,TL2,CQ1,CAP2,COP2,RE2_CF2_TL2_CQ1_CAP2_COP2,H,无配额,PD,0.3,3800,2027,1.7,0.0,0
238,,RE2,CF2,TL2,CQ1,CAP2,COP2,RE2_CF2_TL2_CQ1_CAP2_COP2,H,无配额,PD,0.3,3801,2028,1.8,0.0,0
238,,RE2,CF2,TL2,CQ1,CAP2,COP2,RE2_CF2_TL2_CQ1_CAP2_COP2,H,无配额,PD,0.3,3802,2029,1.9,0.0,0
238,,RE2,CF2,TL2,CQ1,CAP2,COP2,RE2_CF2_TL2_CQ1_CAP2_COP2,H,无配额,PD,0.3,3803,2030,2.0,0.0,0
238,,RE2,CF2,TL2,CQ1,CAP2,COP2,RE2_CF2_TL2_CQ1_CAP2_COP2,H,无配额,PD,0.3,3804,2031,2.1,0.0,0
238,,RE2,CF2,TL2,CQ1,CAP2,COP2,RE2_CF2_TL2_CQ1_CAP2_COP2,H,无配额,PD,0.3,3805,2032,2.2,0.0,0
238,,RE2,CF2,TL2,CQ1,CAP2,COP2,RE2_CF2_TL2_CQ1_CAP2_COP2,H,无配额,PD,0.3,3806,2033,2.3,0.0,0
238,,RE2,CF2,TL2,CQ1,CAP2,COP2,RE2_CF2_TL2_CQ1_CAP2_COP2,H,无配额,PD,0.3,3807,2034,2.4,0.0,0
238,,RE2,CF2,TL2,CQ1,CAP2,COP2,RE2_CF2_TL2_CQ1_CAP2_COP2,H,无配额,PD,0.3,3808,2035,2.5,0.0,0
239,,RE2,CF2,TL2,CQ2,CAP1,COP2,RE2_CF2_TL2_CQ2_CAP1_COP2,H,基准不变,PD,0.3,3809,2020,1.0,42.85,1
239,,RE2,CF2,TL2,CQ2,CAP1,COP2,RE2_CF2_TL2_CQ2_CAP1_COP2,H,基准不变,PD,0.3,3810,2021,1.1,42.85,1
239,,RE2,CF2,TL2,CQ2,CAP1,COP2,RE2_CF2_TL2_CQ2_CAP1_COP2,H,基准不变,PD,0.3,3811,2022,1.2,45.61,1
239,,RE2,CF2,TL2,CQ2,CAP1,COP2,RE2_CF2_TL2_CQ2_CAP1_COP2,H,基准不变,PD,0.3,3812,2023,1.3,62.79,1
239,,RE2,CF2,TL2,CQ2,CAP1,COP2,RE2_CF2_TL2_CQ2_CAP1_COP2,H,基准不变,PD,0.3,3813,2024,1.4,70.36,1
239,,RE2,CF2,TL2,CQ2,CAP1,COP2,RE2_CF2_TL2_CQ2_CAP1_COP2,H,基准不变,PD,0.3,3814,2025,1.5,80.33,1
239,,RE2,CF2,TL2,CQ2,CAP1,COP2,RE2_CF2_TL2_CQ2_CAP1_COP2,H,基准不变,PD,0.3,3815,2026,1.6,90.3,1
239,,RE2,CF2,TL2,CQ2,CAP1,COP2,RE2_CF2_TL2_CQ2_CAP1_COP2,H,基准不变,PD,0.3,3816,2027,1.7,100.27,1
239,,RE2,CF2,TL2,CQ2,CAP1,COP2,RE2_CF2_TL2_CQ2_CAP1_COP2,H,基准不变,PD,0.3,3817,2028,1.8,110.24,1
239,,RE2,CF2,TL2,CQ2,CAP1,COP2,RE2_CF2_TL2_CQ2_CAP1_COP2,H,基准不变,PD,0.3,3818,2029,1.9,120.21,1
239,,RE2,CF2,TL2,CQ2,CAP1,COP2,RE2_CF2_TL2_CQ2_CAP1_COP2,H,基准不变,PD,0.3,3819,2030,2.0,130.18,1
239,,RE2,CF2,TL2,CQ2,CAP1,COP2,RE2_CF2_TL2_CQ2_CAP1_COP2,H,基准不变,PD,0.3,3820,2031,2.1,137.9,1
239,,RE2,CF2,TL2,CQ2,CAP1,COP2,RE2_CF2_TL2_CQ2_CAP1_COP2,H,基准不变,PD,0.3,3821,2032,2.2,147.31,1
239,,RE2,CF2,TL2,CQ2,CAP1,COP2,RE2_CF2_TL2_CQ2_CAP1_COP2,H,基准不变,PD,0.3,3822,2033,2.3,156.72,1
239,,RE2,CF2,TL2,CQ2,CAP1,COP2,RE2_CF2_TL2_CQ2_CAP1_COP2,H,基准不变,PD,0.3,3823,2034,2.4,166.13,1
239,,RE2,CF2,TL2,CQ2,CAP1,COP2,RE2_CF2_TL2_CQ2_CAP1_COP2,H,基准不变,PD,0.3,3824,2035,2.5,175.53,1
240,,RE2,CF2,TL2,CQ2,CAP2,COP1,RE2_CF2_TL2_CQ2_CAP2_COP1,H,基准不变,BAU,0.3,3825,2020,1.0,42.85,1
240,,RE2,CF2,TL2,CQ2,CAP2,COP1,RE2_CF2_TL2_CQ2_CAP2_COP1,H,基准不变,BAU,0.3,3826,2021,1.1,42.85,1
240,,RE2,CF2,TL2,CQ2,CAP2,COP1,RE2_CF2_TL2_CQ2_CAP2_COP1,H,基准不变,BAU,0.3,3827,2022,1.2,45.61,1
240,,RE2,CF2,TL2,CQ2,CAP2,COP1,RE2_CF2_TL2_CQ2_CAP2_COP1,H,基准不变,BAU,0.3,3828,2023,1.3,127.71,1
240,,RE2,CF2,TL2,CQ2,CAP2,COP1,RE2_CF2_TL2_CQ2_CAP2_COP1,H,基准不变,BAU,0.3,3829,2024,1.4,209.81,1
240,,RE2,CF2,TL2,CQ2,CAP2,COP1,RE2_CF2_TL2_CQ2_CAP2_COP1,H,基准不变,BAU,0.3,3830,2025,1.5,291.9,1
240,,RE2,CF2,TL2,CQ2,CAP2,COP1,RE2_CF2_TL2_CQ2_CAP2_COP1,H,基准不变,BAU,0.3,3831,2026,1.6,374.0,1
240,,RE2,CF2,TL2,CQ2,CAP2,COP1,RE2_CF2_TL2_CQ2_CAP2_COP1,H,基准不变,BAU,0.3,3832,2027,1.7,456.1,1
240,,RE2,CF2,TL2,CQ2,CAP2,COP1,RE2_CF2_TL2_CQ2_CAP2_COP1,H,基准不变,BAU,0.3,3833,2028,1.8,456.1,1
240,,RE2,CF2,TL2,CQ2,CAP2,COP1,RE2_CF2_TL2_CQ2_CAP2_COP1,H,基准不变,BAU,0.3,3834,2029,1.9,456.1,1
240,,RE2,CF2,TL2,CQ2,CAP2,COP1,RE2_CF2_TL2_CQ2_CAP2_COP1,H,基准不变,BAU,0.3,3835,2030,2.0,456.1,1
240,,RE2,CF2,TL2,CQ2,CAP2,COP1,RE2_CF2_TL2_CQ2_CAP2_COP1,H,基准不变,BAU,0.3,3836,2031,2.1,456.1,1
240,,RE2,CF2,TL2,CQ2,CAP2,COP1,RE2_CF2_TL2_CQ2_CAP2_COP1,H,基准不变,BAU,0.3,3837,2032,2.2,456.1,1
240,,RE2,CF2,TL2,CQ2,CAP2,COP1,RE2_CF2_TL2_CQ2_CAP2_COP1,H,基准不变,BAU,0.3,3838,2033,2.3,456.1,1
240,,RE2,CF2,TL2,CQ2,CAP2,COP1,RE2_CF2_TL2_CQ2_CAP2_COP1,H,基准不变,BAU,0.3,3839,2034,2.4,456.1,1
240,,RE2,CF2,TL2,CQ2,CAP2,COP1,RE2_CF2_TL2_CQ2_CAP2_COP1,H,基准不变,BAU,0.3,3840,2035,2.5,456.1,1
241,,RE2,CF2,TL2,CQ2,CAP2,COP2,RE2_CF2_TL2_CQ2_CAP2_COP2,H,基准不变,PD,0.3,3841,2020,1.0,42.85,1
241,,RE2,CF2,TL2,CQ2,CAP2,COP2,RE2_CF2_TL2_CQ2_CAP2_COP2,H,基准不变,PD,0.3,3842,2021,1.1,42.85,1
241,,RE2,CF2,TL2,CQ2,CAP2,COP2,RE2_CF2_TL2_CQ2_CAP2_COP2,H,基准不变,PD,0.3,3843,2022,1.2,45.61,1
241,,RE2,CF2,TL2,CQ2,CAP2,COP2,RE2_CF2_TL2_CQ2_CAP2_COP2,H,基准不变,PD,0.3,3844,2023,1.3,127.71,1
241,,RE2,CF2,TL2,CQ2,CAP2,COP2,RE2_CF2_TL2_CQ2_CAP2_COP2,H,基准不变,PD,0.3,3845,2024,1.4,209.81,1
241,,RE2,CF2,TL2,CQ2,CAP2,COP2,RE2_CF2_TL2_CQ2_CAP2_COP2,H,基准不变,PD,0.3,3846,2025,1.5,291.9,1
241,,RE2,CF2,TL2,CQ2,CAP2,COP2,RE2_CF2_TL2_CQ2_CAP2_COP2,H,基准不变,PD,0.3,3847,2026,1.6,374.0,1
241,,RE2,CF2,TL2,CQ2,CAP2,COP2,RE2_CF2_TL2_CQ2_CAP2_COP2,H,基准不变,PD,0.3,3848,2027,1.7,456.1,1
241,,RE2,CF2,TL2,CQ2,CAP2,COP2,RE2_CF2_TL2_CQ2_CAP2_COP2,H,基准不变,PD,0.3,3849,2028,1.8,456.1,1
241,,RE2,CF2,TL2,CQ2,CAP2,COP2,RE2_CF2_TL2_CQ2_CAP2_COP2,H,基准不变,PD,0.3,3850,2029,1.9,456.1,1
241,,RE2,CF2,TL2,CQ2,CAP2,COP2,RE2_CF2_TL2_CQ2_CAP2_COP2,H,基准不变,PD,0.3,3851,2030,2.0,456.1,1
241,,RE2,CF2,TL2,CQ2,CAP2,COP2,RE2_CF2_TL2_CQ2_CAP2_COP2,H,基准不变,PD,0.3,3852,2031,2.1,456.1,1
241,,RE2,CF2,TL2,CQ2,CAP2,COP2,RE2_CF2_TL2_CQ2_CAP2_COP2,H,基准不变,PD,0.3,3853,2032,2.2,456.1,1
241,,RE2,CF2,TL2,CQ2,CAP2,COP2,RE2_CF2_TL2_CQ2_CAP2_COP2,H,基准不变,PD,0.3,3854,2033,2.3,456.1,1
241,,RE2,CF2,TL2,CQ2,CAP2,COP2,RE2_CF2_TL2_CQ2_CAP2_COP2,H,基准不变,PD,0.3,3855,2034,2.4,456.1,1
241,,RE2,CF2,TL2,CQ2,CAP2,COP2,RE2_CF2_TL2_CQ2_CAP2_COP2,H,基准不变,PD,0.3,3856,2035,2.5,456.1,1
242,,RE2,CF2,TL2,CQ3,CAP1,COP1,RE2_CF2_TL2_CQ3_CAP1_COP1,H,REPO,BAU,0.3,3857,2020,1.0,42.85,1
242,,RE2,CF2,TL2,CQ3,CAP1,COP1,RE2_CF2_TL2_CQ3_CAP1_COP1,H,REPO,BAU,0.3,3858,2021,1.1,42.85,1
242,,RE2,CF2,TL2,CQ3,CAP1,COP1,RE2_CF2_TL2_CQ3_CAP1_COP1,H,REPO,BAU,0.3,3859,2022,1.2,45.61,1
242,,RE2,CF2,TL2,CQ3,CAP1,COP1,RE2_CF2_TL2_CQ3_CAP1_COP1,H,REPO,BAU,0.3,3860,2023,1.3,62.79,1
242,,RE2,CF2,TL2,CQ3,CAP1,COP1,RE2_CF2_TL2_CQ3_CAP1_COP1,H,REPO,BAU,0.3,3861,2024,1.4,70.36,1
242,,RE2,CF2,TL2,CQ3,CAP1,COP1,RE2_CF2_TL2_CQ3_CAP1_COP1,H,REPO,BAU,0.3,3862,2025,1.5,80.33,1
242,,RE2,CF2,TL2,CQ3,CAP1,COP1,RE2_CF2_TL2_CQ3_CAP1_COP1,H,REPO,BAU,0.3,3863,2026,1.6,90.3,1
242,,RE2,CF2,TL2,CQ3,CAP1,COP1,RE2_CF2_TL2_CQ3_CAP1_COP1,H,REPO,BAU,0.3,3864,2027,1.7,100.27,1
242,,RE2,CF2,TL2,CQ3,CAP1,COP1,RE2_CF2_TL2_CQ3_CAP1_COP1,H,REPO,BAU,0.3,3865,2028,1.8,110.24,1
242,,RE2,CF2,TL2,CQ3,CAP1,COP1,RE2_CF2_TL2_CQ3_CAP1_COP1,H,REPO,BAU,0.3,3866,2029,1.9,120.21,1
242,,RE2,CF2,TL2,CQ3,CAP1,COP1,RE2_CF2_TL2_CQ3_CAP1_COP1,H,REPO,BAU,0.3,3867,2030,2.0,130.18,1
242,,RE2,CF2,TL2,CQ3,CAP1,COP1,RE2_CF2_TL2_CQ3_CAP1_COP1,H,REPO,BAU,0.3,3868,2031,2.1,137.9,1
242,,RE2,CF2,TL2,CQ3,CAP1,COP1,RE2_CF2_TL2_CQ3_CAP1_COP1,H,REPO,BAU,0.3,3869,2032,2.2,147.31,1
242,,RE2,CF2,TL2,CQ3,CAP1,COP1,RE2_CF2_TL2_CQ3_CAP1_COP1,H,REPO,BAU,0.3,3870,2033,2.3,156.72,1
242,,RE2,CF2,TL2,CQ3,CAP1,COP1,RE2_CF2_TL2_CQ3_CAP1_COP1,H,REPO,BAU,0.3,3871,2034,2.4,166.13,1
242,,RE2,CF2,TL2,CQ3,CAP1,COP1,RE2_CF2_TL2_CQ3_CAP1_COP1,H,REPO,BAU,0.3,3872,2035,2.5,175.53,1
243,,RE2,CF2,TL2,CQ3,CAP1,COP2,RE2_CF2_TL2_CQ3_CAP1_COP2,H,REPO,PD,0.3,3873,2020,1.0,42.85,1
243,,RE2,CF2,TL2,CQ3,CAP1,COP2,RE2_CF2_TL2_CQ3_CAP1_COP2,H,REPO,PD,0.3,3874,2021,1.1,42.85,1
243,,RE2,CF2,TL2,CQ3,CAP1,COP2,RE2_CF2_TL2_CQ3_CAP1_COP2,H,REPO,PD,0.3,3875,2022,1.2,45.61,1
243,,RE2,CF2,TL2,CQ3,CAP1,COP2,RE2_CF2_TL2_CQ3_CAP1_COP2,H,REPO,PD,0.3,3876,2023,1.3,62.79,1
243,,RE2,CF2,TL2,CQ3,CAP1,COP2,RE2_CF2_TL2_CQ3_CAP1_COP2,H,REPO,PD,0.3,3877,2024,1.4,70.36,1
243,,RE2,CF2,TL2,CQ3,CAP1,COP2,RE2_CF2_TL2_CQ3_CAP1_COP2,H,REPO,PD,0.3,3878,2025,1.5,80.33,1
243,,RE2,CF2,TL2,CQ3,CAP1,COP2,RE2_CF2_TL2_CQ3_CAP1_COP2,H,REPO,PD,0.3,3879,2026,1.6,90.3,1
243,,RE2,CF2,TL2,CQ3,CAP1,COP2,RE2_CF2_TL2_CQ3_CAP1_COP2,H,REPO,PD,0.3,3880,2027,1.7,100.27,1
243,,RE2,CF2,TL2,CQ3,CAP1,COP2,RE2_CF2_TL2_CQ3_CAP1_COP2,H,REPO,PD,0.3,3881,2028,1.8,110.24,1
243,,RE2,CF2,TL2,CQ3,CAP1,COP2,RE2_CF2_TL2_CQ3_CAP1_COP2,H,REPO,PD,0.3,3882,2029,1.9,120.21,1
243,,RE2,CF2,TL2,CQ3,CAP1,COP2,RE2_CF2_TL2_CQ3_CAP1_COP2,H,REPO,PD,0.3,3883,2030,2.0,130.18,1
243,,RE2,CF2,TL2,CQ3,CAP1,COP2,RE2_CF2_TL2_CQ3_CAP1_COP2,H,REPO,PD,0.3,3884,2031,2.1,137.9,1
243,,RE2,CF2,TL2,CQ3,CAP1,COP2,RE2_CF2_TL2_CQ3_CAP1_COP2,H,REPO,PD,0.3,3885,2032,2.2,147.31,1
243,,RE2,CF2,TL2,CQ3,CAP1,COP2,RE2_CF2_TL2_CQ3_CAP1_COP2,H,REPO,PD,0.3,3886,2033,2.3,156.72,1
243,,RE2,CF2,TL2,CQ3,CAP1,COP2,RE2_CF2_TL2_CQ3_CAP1_COP2,H,REPO,PD,0.3,3887,2034,2.4,166.13,1
243,,RE2,CF2,TL2,CQ3,CAP1,COP2,RE2_CF2_TL2_CQ3_CAP1_COP2,H,REPO,PD,0.3,3888,2035,2.5,175.53,1
244,,RE2,CF2,TL2,CQ3,CAP2,COP2,RE2_CF2_TL2_CQ3_CAP2_COP2,H,REPO,PD,0.3,3889,2020,1.0,42.85,1
244,,RE2,CF2,TL2,CQ3,CAP2,COP2,RE2_CF2_TL2_CQ3_CAP2_COP2,H,REPO,PD,0.3,3890,2021,1.1,42.85,1
244,,RE2,CF2,TL2,CQ3,CAP2,COP2,RE2_CF2_TL2_CQ3_CAP2_COP2,H,REPO,PD,0.3,3891,2022,1.2,45.61,1
244,,RE2,CF2,TL2,CQ3,CAP2,COP2,RE2_CF2_TL2_CQ3_CAP2_COP2,H,REPO,PD,0.3,3892,2023,1.3,127.71,1
244,,RE2,CF2,TL2,CQ3,CAP2,COP2,RE2_CF2_TL2_CQ3_CAP2_COP2,H,REPO,PD,0.3,3893,2024,1.4,209.81,1
244,,RE2,CF2,TL2,CQ3,CAP2,COP2,RE2_CF2_TL2_CQ3_CAP2_COP2,H,REPO,PD,0.3,3894,2025,1.5,291.9,1
244,,RE2,CF2,TL2,CQ3,CAP2,COP2,RE2_CF2_TL2_CQ3_CAP2_COP2,H,REPO,PD,0.3,3895,2026,1.6,374.0,1
244,,RE2,CF2,TL2,CQ3,CAP2,COP2,RE2_CF2_TL2_CQ3_CAP2_COP2,H,REPO,PD,0.3,3896,2027,1.7,456.1,1
244,,RE2,CF2,TL2,CQ3,CAP2,COP2,RE2_CF2_TL2_CQ3_CAP2_COP2,H,REPO,PD,0.3,3897,2028,1.8,456.1,1
244,,RE2,CF2,TL2,CQ3,CAP2,COP2,RE2_CF2_TL2_CQ3_CAP2_COP2,H,REPO,PD,0.3,3898,2029,1.9,456.1,1
244,,RE2,CF2,TL2,CQ3,CAP2,COP2,RE2_CF2_TL2_CQ3_CAP2_COP2,H,REPO,PD,0.3,3899,2030,2.0,456.1,1
244,,RE2,CF2,TL2,CQ3,CAP2,COP2,RE2_CF2_TL2_CQ3_CAP2_COP2,H,REPO,PD,0.3,3900,2031,2.1,456.1,1
244,,RE2,CF2,TL2,CQ3,CAP2,COP2,RE2_CF2_TL2_CQ3_CAP2_COP2,H,REPO,PD,0.3,3901,2032,2.2,456.1,1
244,,RE2,CF2,TL2,CQ3,CAP2,COP2,RE2_CF2_TL2_CQ3_CAP2_COP2,H,REPO,PD,0.3,3902,2033,2.3,456.1,1
244,,RE2,CF2,TL2,CQ3,CAP2,COP2,RE2_CF2_TL2_CQ3_CAP2_COP2,H,REPO,PD,0.3,3903,2034,2.4,456.1,1
244,,RE2,CF2,TL2,CQ3,CAP2,COP2,RE2_CF2_TL2_CQ3_CAP2_COP2,H,REPO,PD,0.3,3904,2035,2.5,456.1,1
245,,RE2,CF2,TL2,CQ4,CAP1,COP1,RE2_CF2_TL2_CQ4_CAP1_COP1,H,REPO_plus,BAU,0.3,3905,2020,1.0,42.85,1
245,,RE2,CF2,TL2,CQ4,CAP1,COP1,RE2_CF2_TL2_CQ4_CAP1_COP1,H,REPO_plus,BAU,0.3,3906,2021,1.1,42.85,1
245,,RE2,CF2,TL2,CQ4,CAP1,COP1,RE2_CF2_TL2_CQ4_CAP1_COP1,H,REPO_plus,BAU,0.3,3907,2022,1.2,45.61,1
245,,RE2,CF2,TL2,CQ4,CAP1,COP1,RE2_CF2_TL2_CQ4_CAP1_COP1,H,REPO_plus,BAU,0.3,3908,2023,1.3,62.79,1
245,,RE2,CF2,TL2,CQ4,CAP1,COP1,RE2_CF2_TL2_CQ4_CAP1_COP1,H,REPO_plus,BAU,0.3,3909,2024,1.4,70.36,1
245,,RE2,CF2,TL2,CQ4,CAP1,COP1,RE2_CF2_TL2_CQ4_CAP1_COP1,H,REPO_plus,BAU,0.3,3910,2025,1.5,80.33,1
245,,RE2,CF2,TL2,CQ4,CAP1,COP1,RE2_CF2_TL2_CQ4_CAP1_COP1,H,REPO_plus,BAU,0.3,3911,2026,1.6,90.3,1
245,,RE2,CF2,TL2,CQ4,CAP1,COP1,RE2_CF2_TL2_CQ4_CAP1_COP1,H,REPO_plus,BAU,0.3,3912,2027,1.7,100.27,1
245,,RE2,CF2,TL2,CQ4,CAP1,COP1,RE2_CF2_TL2_CQ4_CAP1_COP1,H,REPO_plus,BAU,0.3,3913,2028,1.8,110.24,1
245,,RE2,CF2,TL2,CQ4,CAP1,COP1,RE2_CF2_TL2_CQ4_CAP1_COP1,H,REPO_plus,BAU,0.3,3914,2029,1.9,120.21,1
245,,RE2,CF2,TL2,CQ4,CAP1,COP1,RE2_CF2_TL2_CQ4_CAP1_COP1,H,REPO_plus,BAU,0.3,3915,2030,2.0,130.18,1
245,,RE2,CF2,TL2,CQ4,CAP1,COP1,RE2_CF2_TL2_CQ4_CAP1_COP1,H,REPO_plus,BAU,0.3,3916,2031,2.1,137.9,1
245,,RE2,CF2,TL2,CQ4,CAP1,COP1,RE2_CF2_TL2_CQ4_CAP1_COP1,H,REPO_plus,BAU,0.3,3917,2032,2.2,147.31,1
245,,RE2,CF2,TL2,CQ4,CAP1,COP1,RE2_CF2_TL2_CQ4_CAP1_COP1,H,REPO_plus,BAU,0.3,3918,2033,2.3,156.72,1
245,,RE2,CF2,TL2,CQ4,CAP1,COP1,RE2_CF2_TL2_CQ4_CAP1_COP1,H,REPO_plus,BAU,0.3,3919,2034,2.4,166.13,1
245,,RE2,CF2,TL2,CQ4,CAP1,COP1,RE2_CF2_TL2_CQ4_CAP1_COP1,H,REPO_plus,BAU,0.3,3920,2035,2.5,175.53,1
246,,RE2,CF2,TL2,CQ4,CAP1,COP2,RE2_CF2_TL2_CQ4_CAP1_COP2,H,REPO_plus,PD,0.3,3921,2020,1.0,42.85,1
246,,RE2,CF2,TL2,CQ4,CAP1,COP2,RE2_CF2_TL2_CQ4_CAP1_COP2,H,REPO_plus,PD,0.3,3922,2021,1.1,42.85,1
246,,RE2,CF2,TL2,CQ4,CAP1,COP2,RE2_CF2_TL2_CQ4_CAP1_COP2,H,REPO_plus,PD,0.3,3923,2022,1.2,45.61,1
246,,RE2,CF2,TL2,CQ4,CAP1,COP2,RE2_CF2_TL2_CQ4_CAP1_COP2,H,REPO_plus,PD,0.3,3924,2023,1.3,62.79,1
246,,RE2,CF2,TL2,CQ4,CAP1,COP2,RE2_CF2_TL2_CQ4_CAP1_COP2,H,REPO_plus,PD,0.3,3925,2024,1.4,70.36,1
246,,RE2,CF2,TL2,CQ4,CAP1,COP2,RE2_CF2_TL2_CQ4_CAP1_COP2,H,REPO_plus,PD,0.3,3926,2025,1.5,80.33,1
246,,RE2,CF2,TL2,CQ4,CAP1,COP2,RE2_CF2_TL2_CQ4_CAP1_COP2,H,REPO_plus,PD,0.3,3927,2026,1.6,90.3,1
246,,RE2,CF2,TL2,CQ4,CAP1,COP2,RE2_CF2_TL2_CQ4_CAP1_COP2,H,REPO_plus,PD,0.3,3928,2027,1.7,100.27,1
246,,RE2,CF2,TL2,CQ4,CAP1,COP2,RE2_CF2_TL2_CQ4_CAP1_COP2,H,REPO_plus,PD,0.3,3929,2028,1.8,110.24,1
246,,RE2,CF2,TL2,CQ4,CAP1,COP2,RE2_CF2_TL2_CQ4_CAP1_COP2,H,REPO_plus,PD,0.3,3930,2029,1.9,120.21,1
246,,RE2,CF2,TL2,CQ4,CAP1,COP2,RE2_CF2_TL2_CQ4_CAP1_COP2,H,REPO_plus,PD,0.3,3931,2030,2.0,130.18,1
246,,RE2,CF2,TL2,CQ4,CAP1,COP2,RE2_CF2_TL2_CQ4_CAP1_COP2,H,REPO_plus,PD,0.3,3932,2031,2.1,137.9,1
246,,RE2,CF2,TL2,CQ4,CAP1,COP2,RE2_CF2_TL2_CQ4_CAP1_COP2,H,REPO_plus,PD,0.3,3933,2032,2.2,147.31,1
246,,RE2,CF2,TL2,CQ4,CAP1,COP2,RE2_CF2_TL2_CQ4_CAP1_COP2,H,REPO_plus,PD,0.3,3934,2033,2.3,156.72,1
246,,RE2,CF2,TL2,CQ4,CAP1,COP2,RE2_CF2_TL2_CQ4_CAP1_COP2,H,REPO_plus,PD,0.3,3935,2034,2.4,166.13,1
246,,RE2,CF2,TL2,CQ4,CAP1,COP2,RE2_CF2_TL2_CQ4_CAP1_COP2,H,REPO_plus,PD,0.3,3936,2035,2.5,175.53,1
247,,RE2,CF2,TL2,CQ4,CAP2,COP1,RE2_CF2_TL2_CQ4_CAP2_COP1,H,REPO_plus,BAU,0.3,3937,2020,1.0,42.85,1
247,,RE2,CF2,TL2,CQ4,CAP2,COP1,RE2_CF2_TL2_CQ4_CAP2_COP1,H,REPO_plus,BAU,0.3,3938,2021,1.1,42.85,1
247,,RE2,CF2,TL2,CQ4,CAP2,COP1,RE2_CF2_TL2_CQ4_CAP2_COP1,H,REPO_plus,BAU,0.3,3939,2022,1.2,45.61,1
247,,RE2,CF2,TL2,CQ4,CAP2,COP1,RE2_CF2_TL2_CQ4_CAP2_COP1,H,REPO_plus,BAU,0.3,3940,2023,1.3,127.71,1
247,,RE2,CF2,TL2,CQ4,CAP2,COP1,RE2_CF2_TL2_CQ4_CAP2_COP1,H,REPO_plus,BAU,0.3,3941,2024,1.4,209.81,1
247,,RE2,CF2,TL2,CQ4,CAP2,COP1,RE2_CF2_TL2_CQ4_CAP2_COP1,H,REPO_plus,BAU,0.3,3942,2025,1.5,291.9,1
247,,RE2,CF2,TL2,CQ4,CAP2,COP1,RE2_CF2_TL2_CQ4_CAP2_COP1,H,REPO_plus,BAU,0.3,3943,2026,1.6,374.0,1
247,,RE2,CF2,TL2,CQ4,CAP2,COP1,RE2_CF2_TL2_CQ4_CAP2_COP1,H,REPO_plus,BAU,0.3,3944,2027,1.7,456.1,1
247,,RE2,CF2,TL2,CQ4,CAP2,COP1,RE2_CF2_TL2_CQ4_CAP2_COP1,H,REPO_plus,BAU,0.3,3945,2028,1.8,456.1,1
247,,RE2,CF2,TL2,CQ4,CAP2,COP1,RE2_CF2_TL2_CQ4_CAP2_COP1,H,REPO_plus,BAU,0.3,3946,2029,1.9,456.1,1
247,,RE2,CF2,TL2,CQ4,CAP2,COP1,RE2_CF2_TL2_CQ4_CAP2_COP1,H,REPO_plus,BAU,0.3,3947,2030,2.0,456.1,1
247,,RE2,CF2,TL2,CQ4,CAP2,COP1,RE2_CF2_TL2_CQ4_CAP2_COP1,H,REPO_plus,BAU,0.3,3948,2031,2.1,456.1,1
247,,RE2,CF2,TL2,CQ4,CAP2,COP1,RE2_CF2_TL2_CQ4_CAP2_COP1,H,REPO_plus,BAU,0.3,3949,2032,2.2,456.1,1
247,,RE2,CF2,TL2,CQ4,CAP2,COP1,RE2_CF2_TL2_CQ4_CAP2_COP1,H,REPO_plus,BAU,0.3,3950,2033,2.3,456.1,1
247,,RE2,CF2,TL2,CQ4,CAP2,COP1,RE2_CF2_TL2_CQ4_CAP2_COP1,H,REPO_plus,BAU,0.3,3951,2034,2.4,456.1,1
247,,RE2,CF2,TL2,CQ4,CAP2,COP1,RE2_CF2_TL2_CQ4_CAP2_COP1,H,REPO_plus,BAU,0.3,3952,2035,2.5,456.1,1
248,,RE2,CF2,TL2,CQ5,CAP1,COP1,RE2_CF2_TL2_CQ5_CAP1_COP1,H,全行业配额,BAU,0.3,3953,2020,1.0,42.85,1
248,,RE2,CF2,TL2,CQ5,CAP1,COP1,RE2_CF2_TL2_CQ5_CAP1_COP1,H,全行业配额,BAU,0.3,3954,2021,1.1,42.85,1
248,,RE2,CF2,TL2,CQ5,CAP1,COP1,RE2_CF2_TL2_CQ5_CAP1_COP1,H,全行业配额,BAU,0.3,3955,2022,1.2,45.61,1
248,,RE2,CF2,TL2,CQ5,CAP1,COP1,RE2_CF2_TL2_CQ5_CAP1_COP1,H,全行业配额,BAU,0.3,3956,2023,1.3,62.79,1
248,,RE2,CF2,TL2,CQ5,CAP1,COP1,RE2_CF2_TL2_CQ5_CAP1_COP1,H,全行业配额,BAU,0.3,3957,2024,1.4,70.36,1
248,,RE2,CF2,TL2,CQ5,CAP1,COP1,RE2_CF2_TL2_CQ5_CAP1_COP1,H,全行业配额,BAU,0.3,3958,2025,1.5,80.33,1
248,,RE2,CF2,TL2,CQ5,CAP1,COP1,RE2_CF2_TL2_CQ5_CAP1_COP1,H,全行业配额,BAU,0.3,3959,2026,1.6,90.3,1
248,,RE2,CF2,TL2,CQ5,CAP1,COP1,RE2_CF2_TL2_CQ5_CAP1_COP1,H,全行业配额,BAU,0.3,3960,2027,1.7,100.27,1
248,,RE2,CF2,TL2,CQ5,CAP1,COP1,RE2_CF2_TL2_CQ5_CAP1_COP1,H,全行业配额,BAU,0.3,3961,2028,1.8,110.24,1
248,,RE2,CF2,TL2,CQ5,CAP1,COP1,RE2_CF2_TL2_CQ5_CAP1_COP1,H,全行业配额,BAU,0.3,3962,2029,1.9,120.21,1
248,,RE2,CF2,TL2,CQ5,CAP1,COP1,RE2_CF2_TL2_CQ5_CAP1_COP1,H,全行业配额,BAU,0.3,3963,2030,2.0,130.18,1
248,,RE2,CF2,TL2,CQ5,CAP1,COP1,RE2_CF2_TL2_CQ5_CAP1_COP1,H,全行业配额,BAU,0.3,3964,2031,2.1,137.9,1
248,,RE2,CF2,TL2,CQ5,CAP1,COP1,RE2_CF2_TL2_CQ5_CAP1_COP1,H,全行业配额,BAU,0.3,3965,2032,2.2,147.31,1
248,,RE2,CF2,TL2,CQ5,CAP1,COP1,RE2_CF2_TL2_CQ5_CAP1_COP1,H,全行业配额,BAU,0.3,3966,2033,2.3,156.72,1
248,,RE2,CF2,TL2,CQ5,CAP1,COP1,RE2_CF2_TL2_CQ5_CAP1_COP1,H,全行业配额,BAU,0.3,3967,2034,2.4,166.13,1
248,,RE2,CF2,TL2,CQ5,CAP1,COP1,RE2_CF2_TL2_CQ5_CAP1_COP1,H,全行业配额,BAU,0.3,3968,2035,2.5,175.53,1
249,,RE2,CF2,TL2,CQ5,CAP2,COP2,RE2_CF2_TL2_CQ5_CAP2_COP2,H,全行业配额,PD,0.3,3969,2020,1.0,42.85,1
249,,RE2,CF2,TL2,CQ5,CAP2,COP2,RE2_CF2_TL2_CQ5_CAP2_COP2,H,全行业配额,PD,0.3,3970,2021,1.1,42.85,1
249,,RE2,CF2,TL2,CQ5,CAP2,COP2,RE2_CF2_TL2_CQ5_CAP2_COP2,H,全行业配额,PD,0.3,3971,2022,1.2,45.61,1
249,,RE2,CF2,TL2,CQ5,CAP2,COP2,RE2_CF2_TL2_CQ5_CAP2_COP2,H,全行业配额,PD,0.3,3972,2023,1.3,127.71,1
249,,RE2,CF2,TL2,CQ5,CAP2,COP2,RE2_CF2_TL2_CQ5_CAP2_COP2,H,全行业配额,PD,0.3,3973,2024,1.4,209.81,1
249,,RE2,CF2,TL2,CQ5,CAP2,COP2,RE2_CF2_TL2_CQ5_CAP2_COP2,H,全行业配额,PD,0.3,3974,2025,1.5,291.9,1
249,,RE2,CF2,TL2,CQ5,CAP2,COP2,RE2_CF2_TL2_CQ5_CAP2_COP2,H,全行业配额,PD,0.3,3975,2026,1.6,374.0,1
249,,RE2,CF2,TL2,CQ5,CAP2,COP2,RE2_CF2_TL2_CQ5_CAP2_COP2,H,全行业配额,PD,0.3,3976,2027,1.7,456.1,1
249,,RE2,CF2,TL2,CQ5,CAP2,COP2,RE2_CF2_TL2_CQ5_CAP2_COP2,H,全行业配额,PD,0.3,3977,2028,1.8,456.1,1
249,,RE2,CF2,TL2,CQ5,CAP2,COP2,RE2_CF2_TL2_CQ5_CAP2_COP2,H,全行业配额,PD,0.3,3978,2029,1.9,456.1,1
249,,RE2,CF2,TL2,CQ5,CAP2,COP2,RE2_CF2_TL2_CQ5_CAP2_COP2,H,全行业配额,PD,0.3,3979,2030,2.0,456.1,1
249,,RE2,CF2,TL2,CQ5,CAP2,COP2,RE2_CF2_TL2_CQ5_CAP2_COP2,H,全行业配额,PD,0.3,3980,2031,2.1,456.1,1
249,,RE2,CF2,TL2,CQ5,CAP2,COP2,RE2_CF2_TL2_CQ5_CAP2_COP2,H,全行业配额,PD,0.3,3981,2032,2.2,456.1,1
249,,RE2,CF2,TL2,CQ5,CAP2,COP2,RE2_CF2_TL2_CQ5_CAP2_COP2,H,全行业配额,PD,0.3,3982,2033,2.3,456.1,1
249,,RE2,CF2,TL2,CQ5,CAP2,COP2,RE2_CF2_TL2_CQ5_CAP2_COP2,H,全行业配额,PD,0.3,3983,2034,2.4,456.1,1
249,,RE2,CF2,TL2,CQ5,CAP2,COP2,RE2_CF2_TL2_CQ5_CAP2_COP2,H,全行业配额,PD,0.3,3984,2035,2.5,456.1,1
250,,RE2,CF2,TL2,CQ6,CAP1,COP1,RE2_CF2_TL2_CQ6_CAP1_COP1,H,电力配额,BAU,0.3,3985,2020,1.0,42.85,1
250,,RE2,CF2,TL2,CQ6,CAP1,COP1,RE2_CF2_TL2_CQ6_CAP1_COP1,H,电力配额,BAU,0.3,3986,2021,1.1,42.85,1
250,,RE2,CF2,TL2,CQ6,CAP1,COP1,RE2_CF2_TL2_CQ6_CAP1_COP1,H,电力配额,BAU,0.3,3987,2022,1.2,45.61,1
250,,RE2,CF2,TL2,CQ6,CAP1,COP1,RE2_CF2_TL2_CQ6_CAP1_COP1,H,电力配额,BAU,0.3,3988,2023,1.3,62.79,1
250,,RE2,CF2,TL2,CQ6,CAP1,COP1,RE2_CF2_TL2_CQ6_CAP1_COP1,H,电力配额,BAU,0.3,3989,2024,1.4,70.36,1
250,,RE2,CF2,TL2,CQ6,CAP1,COP1,RE2_CF2_TL2_CQ6_CAP1_COP1,H,电力配额,BAU,0.3,3990,2025,1.5,80.33,1
250,,RE2,CF2,TL2,CQ6,CAP1,COP1,RE2_CF2_TL2_CQ6_CAP1_COP1,H,电力配额,BAU,0.3,3991,2026,1.6,90.3,1
250,,RE2,CF2,TL2,CQ6,CAP1,COP1,RE2_CF2_TL2_CQ6_CAP1_COP1,H,电力配额,BAU,0.3,3992,2027,1.7,100.27,1
250,,RE2,CF2,TL2,CQ6,CAP1,COP1,RE2_CF2_TL2_CQ6_CAP1_COP1,H,电力配额,BAU,0.3,3993,2028,1.8,110.24,1
250,,RE2,CF2,TL2,CQ6,CAP1,COP1,RE2_CF2_TL2_CQ6_CAP1_COP1,H,电力配额,BAU,0.3,3994,2029,1.9,120.21,1
250,,RE2,CF2,TL2,CQ6,CAP1,COP1,RE2_CF2_TL2_CQ6_CAP1_COP1,H,电力配额,BAU,0.3,3995,2030,2.0,130.18,1
250,,RE2,CF2,TL2,CQ6,CAP1,COP1,RE2_CF2_TL2_CQ6_CAP1_COP1,H,电力配额,BAU,0.3,3996,2031,2.1,137.9,1
250,,RE2,CF2,TL2,CQ6,CAP1,COP1,RE2_CF2_TL2_CQ6_CAP1_COP1,H,电力配额,BAU,0.3,3997,2032,2.2,147.31,1
250,,RE2,CF2,TL2,CQ6,CAP1,COP1,RE2_CF2_TL2_CQ6_CAP1_COP1,H,电力配额,BAU,0.3,3998,2033,2.3,156.72,1
250,,RE2,CF2,TL2,CQ6,CAP1,COP1,RE2_CF2_TL2_CQ6_CAP1_COP1,H,电力配额,BAU,0.3,3999,2034,2.4,166.13,1
250,,RE2,CF2,TL2,CQ6,CAP1,COP1,RE2_CF2_TL2_CQ6_CAP1_COP1,H,电力配额,BAU,0.3,4000,2035,2.5,175.53,1
251,,RE2,CF2,TL2,CQ6,CAP2,COP1,RE2_CF2_TL2_CQ6_CAP2_COP1,H,电力配额,BAU,0.3,4001,2020,1.0,42.85,1
251,,RE2,CF2,TL2,CQ6,CAP2,COP1,RE2_CF2_TL2_CQ6_CAP2_COP1,H,电力配额,BAU,0.3,4002,2021,1.1,42.85,1
251,,RE2,CF2,TL2,CQ6,CAP2,COP1,RE2_CF2_TL2_CQ6_CAP2_COP1,H,电力配额,BAU,0.3,4003,2022,1.2,45.61,1
251,,RE2,CF2,TL2,CQ6,CAP2,COP1,RE2_CF2_TL2_CQ6_CAP2_COP1,H,电力配额,BAU,0.3,4004,2023,1.3,127.71,1
251,,RE2,CF2,TL2,CQ6,CAP2,COP1,RE2_CF2_TL2_CQ6_CAP2_COP1,H,电力配额,BAU,0.3,4005,2024,1.4,209.81,1
251,,RE2,CF2,TL2,CQ6,CAP2,COP1,RE2_CF2_TL2_CQ6_CAP2_COP1,H,电力配额,BAU,0.3,4006,2025,1.5,291.9,1
251,,RE2,CF2,TL2,CQ6,CAP2,COP1,RE2_CF2_TL2_CQ6_CAP2_COP1,H,电力配额,BAU,0.3,4007,2026,1.6,374.0,1
251,,RE2,CF2,TL2,CQ6,CAP2,COP1,RE2_CF2_TL2_CQ6_CAP2_COP1,H,电力配额,BAU,0.3,4008,2027,1.7,456.1,1
251,,RE2,CF2,TL2,CQ6,CAP2,COP1,RE2_CF2_TL2_CQ6_CAP2_COP1,H,电力配额,BAU,0.3,4009,2028,1.8,456.1,1
251,,RE2,CF2,TL2,CQ6,CAP2,COP1,RE2_CF2_TL2_CQ6_CAP2_COP1,H,电力配额,BAU,0.3,4010,2029,1.9,456.1,1
251,,RE2,CF2,TL2,CQ6,CAP2,COP1,RE2_CF2_TL2_CQ6_CAP2_COP1,H,电力配额,BAU,0.3,4011,2030,2.0,456.1,1
251,,RE2,CF2,TL2,CQ6,CAP2,COP1,RE2_CF2_TL2_CQ6_CAP2_COP1,H,电力配额,BAU,0.3,4012,2031,2.1,456.1,1
251,,RE2,CF2,TL2,CQ6,CAP2,COP1,RE2_CF2_TL2_CQ6_CAP2_COP1,H,电力配额,BAU,0.3,4013,2032,2.2,456.1,1
251,,RE2,CF2,TL2,CQ6,CAP2,COP1,RE2_CF2_TL2_CQ6_CAP2_COP1,H,电力配额,BAU,0.3,4014,2033,2.3,456.1,1
251,,RE2,CF2,TL2,CQ6,CAP2,COP1,RE2_CF2_TL2_CQ6_CAP2_COP1,H,电力配额,BAU,0.3,4015,2034,2.4,456.1,1
251,,RE2,CF2,TL2,CQ6,CAP2,COP1,RE2_CF2_TL2_CQ6_CAP2_COP1,H,电力配额,BAU,0.3,4016,2035,2.5,456.1,1
252,,RE2,CF2,TL2,CQ6,CAP2,COP2,RE2_CF2_TL2_CQ6_CAP2_COP2,H,电力配额,PD,0.3,4017,2020,1.0,42.85,1
252,,RE2,CF2,TL2,CQ6,CAP2,COP2,RE2_CF2_TL2_CQ6_CAP2_COP2,H,电力配额,PD,0.3,4018,2021,1.1,42.85,1
252,,RE2,CF2,TL2,CQ6,CAP2,COP2,RE2_CF2_TL2_CQ6_CAP2_COP2,H,电力配额,PD,0.3,4019,2022,1.2,45.61,1
252,,RE2,CF2,TL2,CQ6,CAP2,COP2,RE2_CF2_TL2_CQ6_CAP2_COP2,H,电力配额,PD,0.3,4020,2023,1.3,127.71,1
252,,RE2,CF2,TL2,CQ6,CAP2,COP2,RE2_CF2_TL2_CQ6_CAP2_COP2,H,电力配额,PD,0.3,4021,2024,1.4,209.81,1
252,,RE2,CF2,TL2,CQ6,CAP2,COP2,RE2_CF2_TL2_CQ6_CAP2_COP2,H,电力配额,PD,0.3,4022,2025,1.5,291.9,1
252,,RE2,CF2,TL2,CQ6,CAP2,COP2,RE2_CF2_TL2_CQ6_CAP2_COP2,H,电力配额,PD,0.3,4023,2026,1.6,374.0,1
252,,RE2,CF2,TL2,CQ6,CAP2,COP2,RE2_CF2_TL2_CQ6_CAP2_COP2,H,电力配额,PD,0.3,4024,2027,1.7,456.1,1
252,,RE2,CF2,TL2,CQ6,CAP2,COP2,RE2_CF2_TL2_CQ6_CAP2_COP2,H,电力配额,PD,0.3,4025,2028,1.8,456.1,1
252,,RE2,CF2,TL2,CQ6,CAP2,COP2,RE2_CF2_TL2_CQ6_CAP2_COP2,H,电力配额,PD,0.3,4026,2029,1.9,456.1,1
252,,RE2,CF2,TL2,CQ6,CAP2,COP2,RE2_CF2_TL2_CQ6_CAP2_COP2,H,电力配额,PD,0.3,4027,2030,2.0,456.1,1
252,,RE2,CF2,TL2,CQ6,CAP2,COP2,RE2_CF2_TL2_CQ6_CAP2_COP2,H,电力配额,PD,0.3,4028,2031,2.1,456.1,1
252,,RE2,CF2,TL2,CQ6,CAP2,COP2,RE2_CF2_TL2_CQ6_CAP2_COP2,H,电力配额,PD,0.3,4029,2032,2.2,456.1,1
252,,RE2,CF2,TL2,CQ6,CAP2,COP2,RE2_CF2_TL2_CQ6_CAP2_COP2,H,电力配额,PD,0.3,4030,2033,2.3,456.1,1
252,,RE2,CF2,TL2,CQ6,CAP2,COP2,RE2_CF2_TL2_CQ6_CAP2_COP2,H,电力配额,PD,0.3,4031,2034,2.4,456.1,1
252,,RE2,CF2,TL2,CQ6,CAP2,COP2,RE2_CF2_TL2_CQ6_CAP2_COP2,H,电力配额,PD,0.3,4032,2035,2.5,456.1,1
253,,RE2,CF3,TL1,CQ1,CAP1,COP2,RE2_CF3_TL1_CQ1_CAP1_COP2,H,无配额,PD,0.0,4033,2020,1.0,0.0,0
253,,RE2,CF3,TL1,CQ1,CAP1,COP2,RE2_CF3_TL1_CQ1_CAP1_COP2,H,无配额,PD,0.0,4034,2021,1.03,0.0,0
253,,RE2,CF3,TL1,CQ1,CAP1,COP2,RE2_CF3_TL1_CQ1_CAP1_COP2,H,无配额,PD,0.0,4035,2022,1.06,0.0,0
253,,RE2,CF3,TL1,CQ1,CAP1,COP2,RE2_CF3_TL1_CQ1_CAP1_COP2,H,无配额,PD,0.0,4036,2023,1.09,0.0,0
253,,RE2,CF3,TL1,CQ1,CAP1,COP2,RE2_CF3_TL1_CQ1_CAP1_COP2,H,无配额,PD,0.0,4037,2024,1.12,0.0,0
253,,RE2,CF3,TL1,CQ1,CAP1,COP2,RE2_CF3_TL1_CQ1_CAP1_COP2,H,无配额,PD,0.0,4038,2025,1.15,0.0,0
253,,RE2,CF3,TL1,CQ1,CAP1,COP2,RE2_CF3_TL1_CQ1_CAP1_COP2,H,无配额,PD,0.0,4039,2026,1.18,0.0,0
253,,RE2,CF3,TL1,CQ1,CAP1,COP2,RE2_CF3_TL1_CQ1_CAP1_COP2,H,无配额,PD,0.0,4040,2027,1.21,0.0,0
253,,RE2,CF3,TL1,CQ1,CAP1,COP2,RE2_CF3_TL1_CQ1_CAP1_COP2,H,无配额,PD,0.0,4041,2028,1.24,0.0,0
253,,RE2,CF3,TL1,CQ1,CAP1,COP2,RE2_CF3_TL1_CQ1_CAP1_COP2,H,无配额,PD,0.0,4042,2029,1.27,0.0,0
253,,RE2,CF3,TL1,CQ1,CAP1,COP2,RE2_CF3_TL1_CQ1_CAP1_COP2,H,无配额,PD,0.0,4043,2030,1.3,0.0,0
253,,RE2,CF3,TL1,CQ1,CAP1,COP2,RE2_CF3_TL1_CQ1_CAP1_COP2,H,无配额,PD,0.0,4044,2031,1.36,0.0,0
253,,RE2,CF3,TL1,CQ1,CAP1,COP2,RE2_CF3_TL1_CQ1_CAP1_COP2,H,无配额,PD,0.0,4045,2032,1.42,0.0,0
253,,RE2,CF3,TL1,CQ1,CAP1,COP2,RE2_CF3_TL1_CQ1_CAP1_COP2,H,无配额,PD,0.0,4046,2033,1.48,0.0,0
253,,RE2,CF3,TL1,CQ1,CAP1,COP2,RE2_CF3_TL1_CQ1_CAP1_COP2,H,无配额,PD,0.0,4047,2034,1.54,0.0,0
253,,RE2,CF3,TL1,CQ1,CAP1,COP2,RE2_CF3_TL1_CQ1_CAP1_COP2,H,无配额,PD,0.0,4048,2035,1.6,0.0,0
254,,RE2,CF3,TL1,CQ1,CAP2,COP1,RE2_CF3_TL1_CQ1_CAP2_COP1,H,无配额,BAU,0.0,4049,2020,1.0,0.0,0
254,,RE2,CF3,TL1,CQ1,CAP2,COP1,RE2_CF3_TL1_CQ1_CAP2_COP1,H,无配额,BAU,0.0,4050,2021,1.03,0.0,0
254,,RE2,CF3,TL1,CQ1,CAP2,COP1,RE2_CF3_TL1_CQ1_CAP2_COP1,H,无配额,BAU,0.0,4051,2022,1.06,0.0,0
254,,RE2,CF3,TL1,CQ1,CAP2,COP1,RE2_CF3_TL1_CQ1_CAP2_COP1,H,无配额,BAU,0.0,4052,2023,1.09,0.0,0
254,,RE2,CF3,TL1,CQ1,CAP2,COP1,RE2_CF3_TL1_CQ1_CAP2_COP1,H,无配额,BAU,0.0,4053,2024,1.12,0.0,0
254,,RE2,CF3,TL1,CQ1,CAP2,COP1,RE2_CF3_TL1_CQ1_CAP2_COP1,H,无配额,BAU,0.0,4054,2025,1.15,0.0,0
254,,RE2,CF3,TL1,CQ1,CAP2,COP1,RE2_CF3_TL1_CQ1_CAP2_COP1,H,无配额,BAU,0.0,4055,2026,1.18,0.0,0
254,,RE2,CF3,TL1,CQ1,CAP2,COP1,RE2_CF3_TL1_CQ1_CAP2_COP1,H,无配额,BAU,0.0,4056,2027,1.21,0.0,0
254,,RE2,CF3,TL1,CQ1,CAP2,COP1,RE2_CF3_TL1_CQ1_CAP2_COP1,H,无配额,BAU,0.0,4057,2028,1.24,0.0,0
254,,RE2,CF3,TL1,CQ1,CAP2,COP1,RE2_CF3_TL1_CQ1_CAP2_COP1,H,无配额,BAU,0.0,4058,2029,1.27,0.0,0
254,,RE2,CF3,TL1,CQ1,CAP2,COP1,RE2_CF3_TL1_CQ1_CAP2_COP1,H,无配额,BAU,0.0,4059,2030,1.3,0.0,0
254,,RE2,CF3,TL1,CQ1,CAP2,COP1,RE2_CF3_TL1_CQ1_CAP2_COP1,H,无配额,BAU,0.0,4060,2031,1.36,0.0,0
254,,RE2,CF3,TL1,CQ1,CAP2,COP1,RE2_CF3_TL1_CQ1_CAP2_COP1,H,无配额,BAU,0.0,4061,2032,1.42,0.0,0
254,,RE2,CF3,TL1,CQ1,CAP2,COP1,RE2_CF3_TL1_CQ1_CAP2_COP1,H,无配额,BAU,0.0,4062,2033,1.48,0.0,0
254,,RE2,CF3,TL1,CQ1,CAP2,COP1,RE2_CF3_TL1_CQ1_CAP2_COP1,H,无配额,BAU,0.0,4063,2034,1.54,0.0,0
254,,RE2,CF3,TL1,CQ1,CAP2,COP1,RE2_CF3_TL1_CQ1_CAP2_COP1,H,无配额,BAU,0.0,4064,2035,1.6,0.0,0
255,,RE2,CF3,TL1,CQ2,CAP1,COP1,RE2_CF3_TL1_CQ2_CAP1_COP1,H,基准不变,BAU,0.0,4065,2020,1.0,42.85,1
255,,RE2,CF3,TL1,CQ2,CAP1,COP1,RE2_CF3_TL1_CQ2_CAP1_COP1,H,基准不变,BAU,0.0,4066,2021,1.03,42.85,1
255,,RE2,CF3,TL1,CQ2,CAP1,COP1,RE2_CF3_TL1_CQ2_CAP1_COP1,H,基准不变,BAU,0.0,4067,2022,1.06,45.61,1
255,,RE2,CF3,TL1,CQ2,CAP1,COP1,RE2_CF3_TL1_CQ2_CAP1_COP1,H,基准不变,BAU,0.0,4068,2023,1.09,62.79,1
255,,RE2,CF3,TL1,CQ2,CAP1,COP1,RE2_CF3_TL1_CQ2_CAP1_COP1,H,基准不变,BAU,0.0,4069,2024,1.12,70.36,1
255,,RE2,CF3,TL1,CQ2,CAP1,COP1,RE2_CF3_TL1_CQ2_CAP1_COP1,H,基准不变,BAU,0.0,4070,2025,1.15,80.33,1
255,,RE2,CF3,TL1,CQ2,CAP1,COP1,RE2_CF3_TL1_CQ2_CAP1_COP1,H,基准不变,BAU,0.0,4071,2026,1.18,90.3,1
255,,RE2,CF3,TL1,CQ2,CAP1,COP1,RE2_CF3_TL1_CQ2_CAP1_COP1,H,基准不变,BAU,0.0,4072,2027,1.21,100.27,1
255,,RE2,CF3,TL1,CQ2,CAP1,COP1,RE2_CF3_TL1_CQ2_CAP1_COP1,H,基准不变,BAU,0.0,4073,2028,1.24,110.24,1
255,,RE2,CF3,TL1,CQ2,CAP1,COP1,RE2_CF3_TL1_CQ2_CAP1_COP1,H,基准不变,BAU,0.0,4074,2029,1.27,120.21,1
255,,RE2,CF3,TL1,CQ2,CAP1,COP1,RE2_CF3_TL1_CQ2_CAP1_COP1,H,基准不变,BAU,0.0,4075,2030,1.3,130.18,1
255,,RE2,CF3,TL1,CQ2,CAP1,COP1,RE2_CF3_TL1_CQ2_CAP1_COP1,H,基准不变,BAU,0.0,4076,2031,1.36,137.9,1
255,,RE2,CF3,TL1,CQ2,CAP1,COP1,RE2_CF3_TL1_CQ2_CAP1_COP1,H,基准不变,BAU,0.0,4077,2032,1.42,147.31,1
255,,RE2,CF3,TL1,CQ2,CAP1,COP1,RE2_CF3_TL1_CQ2_CAP1_COP1,H,基准不变,BAU,0.0,4078,2033,1.48,156.72,1
255,,RE2,CF3,TL1,CQ2,CAP1,COP1,RE2_CF3_TL1_CQ2_CAP1_COP1,H,基准不变,BAU,0.0,4079,2034,1.54,166.13,1
255,,RE2,CF3,TL1,CQ2,CAP1,COP1,RE2_CF3_TL1_CQ2_CAP1_COP1,H,基准不变,BAU,0.0,4080,2035,1.6,175.53,1
256,,RE2,CF3,TL1,CQ2,CAP2,COP1,RE2_CF3_TL1_CQ2_CAP2_COP1,H,基准不变,BAU,0.0,4081,2020,1.0,42.85,1
256,,RE2,CF3,TL1,CQ2,CAP2,COP1,RE2_CF3_TL1_CQ2_CAP2_COP1,H,基准不变,BAU,0.0,4082,2021,1.03,42.85,1
256,,RE2,CF3,TL1,CQ2,CAP2,COP1,RE2_CF3_TL1_CQ2_CAP2_COP1,H,基准不变,BAU,0.0,4083,2022,1.06,45.61,1
256,,RE2,CF3,TL1,CQ2,CAP2,COP1,RE2_CF3_TL1_CQ2_CAP2_COP1,H,基准不变,BAU,0.0,4084,2023,1.09,127.71,1
256,,RE2,CF3,TL1,CQ2,CAP2,COP1,RE2_CF3_TL1_CQ2_CAP2_COP1,H,基准不变,BAU,0.0,4085,2024,1.12,209.81,1
256,,RE2,CF3,TL1,CQ2,CAP2,COP1,RE2_CF3_TL1_CQ2_CAP2_COP1,H,基准不变,BAU,0.0,4086,2025,1.15,291.9,1
256,,RE2,CF3,TL1,CQ2,CAP2,COP1,RE2_CF3_TL1_CQ2_CAP2_COP1,H,基准不变,BAU,0.0,4087,2026,1.18,374.0,1
256,,RE2,CF3,TL1,CQ2,CAP2,COP1,RE2_CF3_TL1_CQ2_CAP2_COP1,H,基准不变,BAU,0.0,4088,2027,1.21,456.1,1
256,,RE2,CF3,TL1,CQ2,CAP2,COP1,RE2_CF3_TL1_CQ2_CAP2_COP1,H,基准不变,BAU,0.0,4089,2028,1.24,456.1,1
256,,RE2,CF3,TL1,CQ2,CAP2,COP1,RE2_CF3_TL1_CQ2_CAP2_COP1,H,基准不变,BAU,0.0,4090,2029,1.27,456.1,1
256,,RE2,CF3,TL1,CQ2,CAP2,COP1,RE2_CF3_TL1_CQ2_CAP2_COP1,H,基准不变,BAU,0.0,4091,2030,1.3,456.1,1
256,,RE2,CF3,TL1,CQ2,CAP2,COP1,RE2_CF3_TL1_CQ2_CAP2_COP1,H,基准不变,BAU,0.0,4092,2031,1.36,456.1,1
256,,RE2,CF3,TL1,CQ2,CAP2,COP1,RE2_CF3_TL1_CQ2_CAP2_COP1,H,基准不变,BAU,0.0,4093,2032,1.42,456.1,1
256,,RE2,CF3,TL1,CQ2,CAP2,COP1,RE2_CF3_TL1_CQ2_CAP2_COP1,H,基准不变,BAU,0.0,4094,2033,1.48,456.1,1
256,,RE2,CF3,TL1,CQ2,CAP2,COP1,RE2_CF3_TL1_CQ2_CAP2_COP1,H,基准不变,BAU,0.0,4095,2034,1.54,456.1,1
256,,RE2,CF3,TL1,CQ2,CAP2,COP1,RE2_CF3_TL1_CQ2_CAP2_COP1,H,基准不变,BAU,0.0,4096,2035,1.6,456.1,1
257,,RE2,CF3,TL1,CQ2,CAP2,COP2,RE2_CF3_TL1_CQ2_CAP2_COP2,H,基准不变,PD,0.0,4097,2020,1.0,42.85,1
257,,RE2,CF3,TL1,CQ2,CAP2,COP2,RE2_CF3_TL1_CQ2_CAP2_COP2,H,基准不变,PD,0.0,4098,2021,1.03,42.85,1
257,,RE2,CF3,TL1,CQ2,CAP2,COP2,RE2_CF3_TL1_CQ2_CAP2_COP2,H,基准不变,PD,0.0,4099,2022,1.06,45.61,1
257,,RE2,CF3,TL1,CQ2,CAP2,COP2,RE2_CF3_TL1_CQ2_CAP2_COP2,H,基准不变,PD,0.0,4100,2023,1.09,127.71,1
257,,RE2,CF3,TL1,CQ2,CAP2,COP2,RE2_CF3_TL1_CQ2_CAP2_COP2,H,基准不变,PD,0.0,4101,2024,1.12,209.81,1
257,,RE2,CF3,TL1,CQ2,CAP2,COP2,RE2_CF3_TL1_CQ2_CAP2_COP2,H,基准不变,PD,0.0,4102,2025,1.15,291.9,1
257,,RE2,CF3,TL1,CQ2,CAP2,COP2,RE2_CF3_TL1_CQ2_CAP2_COP2,H,基准不变,PD,0.0,4103,2026,1.18,374.0,1
257,,RE2,CF3,TL1,CQ2,CAP2,COP2,RE2_CF3_TL1_CQ2_CAP2_COP2,H,基准不变,PD,0.0,4104,2027,1.21,456.1,1
257,,RE2,CF3,TL1,CQ2,CAP2,COP2,RE2_CF3_TL1_CQ2_CAP2_COP2,H,基准不变,PD,0.0,4105,2028,1.24,456.1,1
257,,RE2,CF3,TL1,CQ2,CAP2,COP2,RE2_CF3_TL1_CQ2_CAP2_COP2,H,基准不变,PD,0.0,4106,2029,1.27,456.1,1
257,,RE2,CF3,TL1,CQ2,CAP2,COP2,RE2_CF3_TL1_CQ2_CAP2_COP2,H,基准不变,PD,0.0,4107,2030,1.3,456.1,1
257,,RE2,CF3,TL1,CQ2,CAP2,COP2,RE2_CF3_TL1_CQ2_CAP2_COP2,H,基准不变,PD,0.0,4108,2031,1.36,456.1,1
257,,RE2,CF3,TL1,CQ2,CAP2,COP2,RE2_CF3_TL1_CQ2_CAP2_COP2,H,基准不变,PD,0.0,4109,2032,1.42,456.1,1
257,,RE2,CF3,TL1,CQ2,CAP2,COP2,RE2_CF3_TL1_CQ2_CAP2_COP2,H,基准不变,PD,0.0,4110,2033,1.48,456.1,1
257,,RE2,CF3,TL1,CQ2,CAP2,COP2,RE2_CF3_TL1_CQ2_CAP2_COP2,H,基准不变,PD,0.0,4111,2034,1.54,456.1,1
257,,RE2,CF3,TL1,CQ2,CAP2,COP2,RE2_CF3_TL1_CQ2_CAP2_COP2,H,基准不变,PD,0.0,4112,2035,1.6,456.1,1
258,,RE2,CF3,TL1,CQ3,CAP1,COP1,RE2_CF3_TL1_CQ3_CAP1_COP1,H,REPO,BAU,0.0,4113,2020,1.0,42.85,1
258,,RE2,CF3,TL1,CQ3,CAP1,COP1,RE2_CF3_TL1_CQ3_CAP1_COP1,H,REPO,BAU,0.0,4114,2021,1.03,42.85,1
258,,RE2,CF3,TL1,CQ3,CAP1,COP1,RE2_CF3_TL1_CQ3_CAP1_COP1,H,REPO,BAU,0.0,4115,2022,1.06,45.61,1
258,,RE2,CF3,TL1,CQ3,CAP1,COP1,RE2_CF3_TL1_CQ3_CAP1_COP1,H,REPO,BAU,0.0,4116,2023,1.09,62.79,1
258,,RE2,CF3,TL1,CQ3,CAP1,COP1,RE2_CF3_TL1_CQ3_CAP1_COP1,H,REPO,BAU,0.0,4117,2024,1.12,70.36,1
258,,RE2,CF3,TL1,CQ3,CAP1,COP1,RE2_CF3_TL1_CQ3_CAP1_COP1,H,REPO,BAU,0.0,4118,2025,1.15,80.33,1
258,,RE2,CF3,TL1,CQ3,CAP1,COP1,RE2_CF3_TL1_CQ3_CAP1_COP1,H,REPO,BAU,0.0,4119,2026,1.18,90.3,1
258,,RE2,CF3,TL1,CQ3,CAP1,COP1,RE2_CF3_TL1_CQ3_CAP1_COP1,H,REPO,BAU,0.0,4120,2027,1.21,100.27,1
258,,RE2,CF3,TL1,CQ3,CAP1,COP1,RE2_CF3_TL1_CQ3_CAP1_COP1,H,REPO,BAU,0.0,4121,2028,1.24,110.24,1
258,,RE2,CF3,TL1,CQ3,CAP1,COP1,RE2_CF3_TL1_CQ3_CAP1_COP1,H,REPO,BAU,0.0,4122,2029,1.27,120.21,1
258,,RE2,CF3,TL1,CQ3,CAP1,COP1,RE2_CF3_TL1_CQ3_CAP1_COP1,H,REPO,BAU,0.0,4123,2030,1.3,130.18,1
258,,RE2,CF3,TL1,CQ3,CAP1,COP1,RE2_CF3_TL1_CQ3_CAP1_COP1,H,REPO,BAU,0.0,4124,2031,1.36,137.9,1
258,,RE2,CF3,TL1,CQ3,CAP1,COP1,RE2_CF3_TL1_CQ3_CAP1_COP1,H,REPO,BAU,0.0,4125,2032,1.42,147.31,1
258,,RE2,CF3,TL1,CQ3,CAP1,COP1,RE2_CF3_TL1_CQ3_CAP1_COP1,H,REPO,BAU,0.0,4126,2033,1.48,156.72,1
258,,RE2,CF3,TL1,CQ3,CAP1,COP1,RE2_CF3_TL1_CQ3_CAP1_COP1,H,REPO,BAU,0.0,4127,2034,1.54,166.13,1
258,,RE2,CF3,TL1,CQ3,CAP1,COP1,RE2_CF3_TL1_CQ3_CAP1_COP1,H,REPO,BAU,0.0,4128,2035,1.6,175.53,1
259,,RE2,CF3,TL1,CQ3,CAP1,COP2,RE2_CF3_TL1_CQ3_CAP1_COP2,H,REPO,PD,0.0,4129,2020,1.0,42.85,1
259,,RE2,CF3,TL1,CQ3,CAP1,COP2,RE2_CF3_TL1_CQ3_CAP1_COP2,H,REPO,PD,0.0,4130,2021,1.03,42.85,1
259,,RE2,CF3,TL1,CQ3,CAP1,COP2,RE2_CF3_TL1_CQ3_CAP1_COP2,H,REPO,PD,0.0,4131,2022,1.06,45.61,1
259,,RE2,CF3,TL1,CQ3,CAP1,COP2,RE2_CF3_TL1_CQ3_CAP1_COP2,H,REPO,PD,0.0,4132,2023,1.09,62.79,1
259,,RE2,CF3,TL1,CQ3,CAP1,COP2,RE2_CF3_TL1_CQ3_CAP1_COP2,H,REPO,PD,0.0,4133,2024,1.12,70.36,1
259,,RE2,CF3,TL1,CQ3,CAP1,COP2,RE2_CF3_TL1_CQ3_CAP1_COP2,H,REPO,PD,0.0,4134,2025,1.15,80.33,1
259,,RE2,CF3,TL1,CQ3,CAP1,COP2,RE2_CF3_TL1_CQ3_CAP1_COP2,H,REPO,PD,0.0,4135,2026,1.18,90.3,1
259,,RE2,CF3,TL1,CQ3,CAP1,COP2,RE2_CF3_TL1_CQ3_CAP1_COP2,H,REPO,PD,0.0,4136,2027,1.21,100.27,1
259,,RE2,CF3,TL1,CQ3,CAP1,COP2,RE2_CF3_TL1_CQ3_CAP1_COP2,H,REPO,PD,0.0,4137,2028,1.24,110.24,1
259,,RE2,CF3,TL1,CQ3,CAP1,COP2,RE2_CF3_TL1_CQ3_CAP1_COP2,H,REPO,PD,0.0,4138,2029,1.27,120.21,1
259,,RE2,CF3,TL1,CQ3,CAP1,COP2,RE2_CF3_TL1_CQ3_CAP1_COP2,H,REPO,PD,0.0,4139,2030,1.3,130.18,1
259,,RE2,CF3,TL1,CQ3,CAP1,COP2,RE2_CF3_TL1_CQ3_CAP1_COP2,H,REPO,PD,0.0,4140,2031,1.36,137.9,1
259,,RE2,CF3,TL1,CQ3,CAP1,COP2,RE2_CF3_TL1_CQ3_CAP1_COP2,H,REPO,PD,0.0,4141,2032,1.42,147.31,1
259,,RE2,CF3,TL1,CQ3,CAP1,COP2,RE2_CF3_TL1_CQ3_CAP1_COP2,H,REPO,PD,0.0,4142,2033,1.48,156.72,1
259,,RE2,CF3,TL1,CQ3,CAP1,COP2,RE2_CF3_TL1_CQ3_CAP1_COP2,H,REPO,PD,0.0,4143,2034,1.54,166.13,1
259,,RE2,CF3,TL1,CQ3,CAP1,COP2,RE2_CF3_TL1_CQ3_CAP1_COP2,H,REPO,PD,0.0,4144,2035,1.6,175.53,1
260,,RE2,CF3,TL1,CQ3,CAP2,COP1,RE2_CF3_TL1_CQ3_CAP2_COP1,H,REPO,BAU,0.0,4145,2020,1.0,42.85,1
260,,RE2,CF3,TL1,CQ3,CAP2,COP1,RE2_CF3_TL1_CQ3_CAP2_COP1,H,REPO,BAU,0.0,4146,2021,1.03,42.85,1
260,,RE2,CF3,TL1,CQ3,CAP2,COP1,RE2_CF3_TL1_CQ3_CAP2_COP1,H,REPO,BAU,0.0,4147,2022,1.06,45.61,1
260,,RE2,CF3,TL1,CQ3,CAP2,COP1,RE2_CF3_TL1_CQ3_CAP2_COP1,H,REPO,BAU,0.0,4148,2023,1.09,127.71,1
260,,RE2,CF3,TL1,CQ3,CAP2,COP1,RE2_CF3_TL1_CQ3_CAP2_COP1,H,REPO,BAU,0.0,4149,2024,1.12,209.81,1
260,,RE2,CF3,TL1,CQ3,CAP2,COP1,RE2_CF3_TL1_CQ3_CAP2_COP1,H,REPO,BAU,0.0,4150,2025,1.15,291.9,1
260,,RE2,CF3,TL1,CQ3,CAP2,COP1,RE2_CF3_TL1_CQ3_CAP2_COP1,H,REPO,BAU,0.0,4151,2026,1.18,374.0,1
260,,RE2,CF3,TL1,CQ3,CAP2,COP1,RE2_CF3_TL1_CQ3_CAP2_COP1,H,REPO,BAU,0.0,4152,2027,1.21,456.1,1
260,,RE2,CF3,TL1,CQ3,CAP2,COP1,RE2_CF3_TL1_CQ3_CAP2_COP1,H,REPO,BAU,0.0,4153,2028,1.24,456.1,1
260,,RE2,CF3,TL1,CQ3,CAP2,COP1,RE2_CF3_TL1_CQ3_CAP2_COP1,H,REPO,BAU,0.0,4154,2029,1.27,456.1,1
260,,RE2,CF3,TL1,CQ3,CAP2,COP1,RE2_CF3_TL1_CQ3_CAP2_COP1,H,REPO,BAU,0.0,4155,2030,1.3,456.1,1
260,,RE2,CF3,TL1,CQ3,CAP2,COP1,RE2_CF3_TL1_CQ3_CAP2_COP1,H,REPO,BAU,0.0,4156,2031,1.36,456.1,1
260,,RE2,CF3,TL1,CQ3,CAP2,COP1,RE2_CF3_TL1_CQ3_CAP2_COP1,H,REPO,BAU,0.0,4157,2032,1.42,456.1,1
260,,RE2,CF3,TL1,CQ3,CAP2,COP1,RE2_CF3_TL1_CQ3_CAP2_COP1,H,REPO,BAU,0.0,4158,2033,1.48,456.1,1
260,,RE2,CF3,TL1,CQ3,CAP2,COP1,RE2_CF3_TL1_CQ3_CAP2_COP1,H,REPO,BAU,0.0,4159,2034,1.54,456.1,1
260,,RE2,CF3,TL1,CQ3,CAP2,COP1,RE2_CF3_TL1_CQ3_CAP2_COP1,H,REPO,BAU,0.0,4160,2035,1.6,456.1,1
261,,RE2,CF3,TL1,CQ4,CAP1,COP1,RE2_CF3_TL1_CQ4_CAP1_COP1,H,REPO_plus,BAU,0.0,4161,2020,1.0,42.85,1
261,,RE2,CF3,TL1,CQ4,CAP1,COP1,RE2_CF3_TL1_CQ4_CAP1_COP1,H,REPO_plus,BAU,0.0,4162,2021,1.03,42.85,1
261,,RE2,CF3,TL1,CQ4,CAP1,COP1,RE2_CF3_TL1_CQ4_CAP1_COP1,H,REPO_plus,BAU,0.0,4163,2022,1.06,45.61,1
261,,RE2,CF3,TL1,CQ4,CAP1,COP1,RE2_CF3_TL1_CQ4_CAP1_COP1,H,REPO_plus,BAU,0.0,4164,2023,1.09,62.79,1
261,,RE2,CF3,TL1,CQ4,CAP1,COP1,RE2_CF3_TL1_CQ4_CAP1_COP1,H,REPO_plus,BAU,0.0,4165,2024,1.12,70.36,1
261,,RE2,CF3,TL1,CQ4,CAP1,COP1,RE2_CF3_TL1_CQ4_CAP1_COP1,H,REPO_plus,BAU,0.0,4166,2025,1.15,80.33,1
261,,RE2,CF3,TL1,CQ4,CAP1,COP1,RE2_CF3_TL1_CQ4_CAP1_COP1,H,REPO_plus,BAU,0.0,4167,2026,1.18,90.3,1
261,,RE2,CF3,TL1,CQ4,CAP1,COP1,RE2_CF3_TL1_CQ4_CAP1_COP1,H,REPO_plus,BAU,0.0,4168,2027,1.21,100.27,1
261,,RE2,CF3,TL1,CQ4,CAP1,COP1,RE2_CF3_TL1_CQ4_CAP1_COP1,H,REPO_plus,BAU,0.0,4169,2028,1.24,110.24,1
261,,RE2,CF3,TL1,CQ4,CAP1,COP1,RE2_CF3_TL1_CQ4_CAP1_COP1,H,REPO_plus,BAU,0.0,4170,2029,1.27,120.21,1
261,,RE2,CF3,TL1,CQ4,CAP1,COP1,RE2_CF3_TL1_CQ4_CAP1_COP1,H,REPO_plus,BAU,0.0,4171,2030,1.3,130.18,1
261,,RE2,CF3,TL1,CQ4,CAP1,COP1,RE2_CF3_TL1_CQ4_CAP1_COP1,H,REPO_plus,BAU,0.0,4172,2031,1.36,137.9,1
261,,RE2,CF3,TL1,CQ4,CAP1,COP1,RE2_CF3_TL1_CQ4_CAP1_COP1,H,REPO_plus,BAU,0.0,4173,2032,1.42,147.31,1
261,,RE2,CF3,TL1,CQ4,CAP1,COP1,RE2_CF3_TL1_CQ4_CAP1_COP1,H,REPO_plus,BAU,0.0,4174,2033,1.48,156.72,1
261,,RE2,CF3,TL1,CQ4,CAP1,COP1,RE2_CF3_TL1_CQ4_CAP1_COP1,H,REPO_plus,BAU,0.0,4175,2034,1.54,166.13,1
261,,RE2,CF3,TL1,CQ4,CAP1,COP1,RE2_CF3_TL1_CQ4_CAP1_COP1,H,REPO_plus,BAU,0.0,4176,2035,1.6,175.53,1
262,,RE2,CF3,TL1,CQ4,CAP1,COP2,RE2_CF3_TL1_CQ4_CAP1_COP2,H,REPO_plus,PD,0.0,4177,2020,1.0,42.85,1
262,,RE2,CF3,TL1,CQ4,CAP1,COP2,RE2_CF3_TL1_CQ4_CAP1_COP2,H,REPO_plus,PD,0.0,4178,2021,1.03,42.85,1
262,,RE2,CF3,TL1,CQ4,CAP1,COP2,RE2_CF3_TL1_CQ4_CAP1_COP2,H,REPO_plus,PD,0.0,4179,2022,1.06,45.61,1
262,,RE2,CF3,TL1,CQ4,CAP1,COP2,RE2_CF3_TL1_CQ4_CAP1_COP2,H,REPO_plus,PD,0.0,4180,2023,1.09,62.79,1
262,,RE2,CF3,TL1,CQ4,CAP1,COP2,RE2_CF3_TL1_CQ4_CAP1_COP2,H,REPO_plus,PD,0.0,4181,2024,1.12,70.36,1
262,,RE2,CF3,TL1,CQ4,CAP1,COP2,RE2_CF3_TL1_CQ4_CAP1_COP2,H,REPO_plus,PD,0.0,4182,2025,1.15,80.33,1
262,,RE2,CF3,TL1,CQ4,CAP1,COP2,RE2_CF3_TL1_CQ4_CAP1_COP2,H,REPO_plus,PD,0.0,4183,2026,1.18,90.3,1
262,,RE2,CF3,TL1,CQ4,CAP1,COP2,RE2_CF3_TL1_CQ4_CAP1_COP2,H,REPO_plus,PD,0.0,4184,2027,1.21,100.27,1
262,,RE2,CF3,TL1,CQ4,CAP1,COP2,RE2_CF3_TL1_CQ4_CAP1_COP2,H,REPO_plus,PD,0.0,4185,2028,1.24,110.24,1
262,,RE2,CF3,TL1,CQ4,CAP1,COP2,RE2_CF3_TL1_CQ4_CAP1_COP2,H,REPO_plus,PD,0.0,4186,2029,1.27,120.21,1
262,,RE2,CF3,TL1,CQ4,CAP1,COP2,RE2_CF3_TL1_CQ4_CAP1_COP2,H,REPO_plus,PD,0.0,4187,2030,1.3,130.18,1
262,,RE2,CF3,TL1,CQ4,CAP1,COP2,RE2_CF3_TL1_CQ4_CAP1_COP2,H,REPO_plus,PD,0.0,4188,2031,1.36,137.9,1
262,,RE2,CF3,TL1,CQ4,CAP1,COP2,RE2_CF3_TL1_CQ4_CAP1_COP2,H,REPO_plus,PD,0.0,4189,2032,1.42,147.31,1
262,,RE2,CF3,TL1,CQ4,CAP1,COP2,RE2_CF3_TL1_CQ4_CAP1_COP2,H,REPO_plus,PD,0.0,4190,2033,1.48,156.72,1
262,,RE2,CF3,TL1,CQ4,CAP1,COP2,RE2_CF3_TL1_CQ4_CAP1_COP2,H,REPO_plus,PD,0.0,4191,2034,1.54,166.13,1
262,,RE2,CF3,TL1,CQ4,CAP1,COP2,RE2_CF3_TL1_CQ4_CAP1_COP2,H,REPO_plus,PD,0.0,4192,2035,1.6,175.53,1
263,,RE2,CF3,TL1,CQ4,CAP2,COP2,RE2_CF3_TL1_CQ4_CAP2_COP2,H,REPO_plus,PD,0.0,4193,2020,1.0,42.85,1
263,,RE2,CF3,TL1,CQ4,CAP2,COP2,RE2_CF3_TL1_CQ4_CAP2_COP2,H,REPO_plus,PD,0.0,4194,2021,1.03,42.85,1
263,,RE2,CF3,TL1,CQ4,CAP2,COP2,RE2_CF3_TL1_CQ4_CAP2_COP2,H,REPO_plus,PD,0.0,4195,2022,1.06,45.61,1
263,,RE2,CF3,TL1,CQ4,CAP2,COP2,RE2_CF3_TL1_CQ4_CAP2_COP2,H,REPO_plus,PD,0.0,4196,2023,1.09,127.71,1
263,,RE2,CF3,TL1,CQ4,CAP2,COP2,RE2_CF3_TL1_CQ4_CAP2_COP2,H,REPO_plus,PD,0.0,4197,2024,1.12,209.81,1
263,,RE2,CF3,TL1,CQ4,CAP2,COP2,RE2_CF3_TL1_CQ4_CAP2_COP2,H,REPO_plus,PD,0.0,4198,2025,1.15,291.9,1
263,,RE2,CF3,TL1,CQ4,CAP2,COP2,RE2_CF3_TL1_CQ4_CAP2_COP2,H,REPO_plus,PD,0.0,4199,2026,1.18,374.0,1
263,,RE2,CF3,TL1,CQ4,CAP2,COP2,RE2_CF3_TL1_CQ4_CAP2_COP2,H,REPO_plus,PD,0.0,4200,2027,1.21,456.1,1
263,,RE2,CF3,TL1,CQ4,CAP2,COP2,RE2_CF3_TL1_CQ4_CAP2_COP2,H,REPO_plus,PD,0.0,4201,2028,1.24,456.1,1
263,,RE2,CF3,TL1,CQ4,CAP2,COP2,RE2_CF3_TL1_CQ4_CAP2_COP2,H,REPO_plus,PD,0.0,4202,2029,1.27,456.1,1
263,,RE2,CF3,TL1,CQ4,CAP2,COP2,RE2_CF3_TL1_CQ4_CAP2_COP2,H,REPO_plus,PD,0.0,4203,2030,1.3,456.1,1
263,,RE2,CF3,TL1,CQ4,CAP2,COP2,RE2_CF3_TL1_CQ4_CAP2_COP2,H,REPO_plus,PD,0.0,4204,2031,1.36,456.1,1
263,,RE2,CF3,TL1,CQ4,CAP2,COP2,RE2_CF3_TL1_CQ4_CAP2_COP2,H,REPO_plus,PD,0.0,4205,2032,1.42,456.1,1
263,,RE2,CF3,TL1,CQ4,CAP2,COP2,RE2_CF3_TL1_CQ4_CAP2_COP2,H,REPO_plus,PD,0.0,4206,2033,1.48,456.1,1
263,,RE2,CF3,TL1,CQ4,CAP2,COP2,RE2_CF3_TL1_CQ4_CAP2_COP2,H,REPO_plus,PD,0.0,4207,2034,1.54,456.1,1
263,,RE2,CF3,TL1,CQ4,CAP2,COP2,RE2_CF3_TL1_CQ4_CAP2_COP2,H,REPO_plus,PD,0.0,4208,2035,1.6,456.1,1
264,,RE2,CF3,TL1,CQ5,CAP1,COP1,RE2_CF3_TL1_CQ5_CAP1_COP1,H,全行业配额,BAU,0.0,4209,2020,1.0,42.85,1
264,,RE2,CF3,TL1,CQ5,CAP1,COP1,RE2_CF3_TL1_CQ5_CAP1_COP1,H,全行业配额,BAU,0.0,4210,2021,1.03,42.85,1
264,,RE2,CF3,TL1,CQ5,CAP1,COP1,RE2_CF3_TL1_CQ5_CAP1_COP1,H,全行业配额,BAU,0.0,4211,2022,1.06,45.61,1
264,,RE2,CF3,TL1,CQ5,CAP1,COP1,RE2_CF3_TL1_CQ5_CAP1_COP1,H,全行业配额,BAU,0.0,4212,2023,1.09,62.79,1
264,,RE2,CF3,TL1,CQ5,CAP1,COP1,RE2_CF3_TL1_CQ5_CAP1_COP1,H,全行业配额,BAU,0.0,4213,2024,1.12,70.36,1
264,,RE2,CF3,TL1,CQ5,CAP1,COP1,RE2_CF3_TL1_CQ5_CAP1_COP1,H,全行业配额,BAU,0.0,4214,2025,1.15,80.33,1
264,,RE2,CF3,TL1,CQ5,CAP1,COP1,RE2_CF3_TL1_CQ5_CAP1_COP1,H,全行业配额,BAU,0.0,4215,2026,1.18,90.3,1
264,,RE2,CF3,TL1,CQ5,CAP1,COP1,RE2_CF3_TL1_CQ5_CAP1_COP1,H,全行业配额,BAU,0.0,4216,2027,1.21,100.27,1
264,,RE2,CF3,TL1,CQ5,CAP1,COP1,RE2_CF3_TL1_CQ5_CAP1_COP1,H,全行业配额,BAU,0.0,4217,2028,1.24,110.24,1
264,,RE2,CF3,TL1,CQ5,CAP1,COP1,RE2_CF3_TL1_CQ5_CAP1_COP1,H,全行业配额,BAU,0.0,4218,2029,1.27,120.21,1
264,,RE2,CF3,TL1,CQ5,CAP1,COP1,RE2_CF3_TL1_CQ5_CAP1_COP1,H,全行业配额,BAU,0.0,4219,2030,1.3,130.18,1
264,,RE2,CF3,TL1,CQ5,CAP1,COP1,RE2_CF3_TL1_CQ5_CAP1_COP1,H,全行业配额,BAU,0.0,4220,2031,1.36,137.9,1
264,,RE2,CF3,TL1,CQ5,CAP1,COP1,RE2_CF3_TL1_CQ5_CAP1_COP1,H,全行业配额,BAU,0.0,4221,2032,1.42,147.31,1
264,,RE2,CF3,TL1,CQ5,CAP1,COP1,RE2_CF3_TL1_CQ5_CAP1_COP1,H,全行业配额,BAU,0.0,4222,2033,1.48,156.72,1
264,,RE2,CF3,TL1,CQ5,CAP1,COP1,RE2_CF3_TL1_CQ5_CAP1_COP1,H,全行业配额,BAU,0.0,4223,2034,1.54,166.13,1
264,,RE2,CF3,TL1,CQ5,CAP1,COP1,RE2_CF3_TL1_CQ5_CAP1_COP1,H,全行业配额,BAU,0.0,4224,2035,1.6,175.53,1
265,,RE2,CF3,TL1,CQ5,CAP1,COP2,RE2_CF3_TL1_CQ5_CAP1_COP2,H,全行业配额,PD,0.0,4225,2020,1.0,42.85,1
265,,RE2,CF3,TL1,CQ5,CAP1,COP2,RE2_CF3_TL1_CQ5_CAP1_COP2,H,全行业配额,PD,0.0,4226,2021,1.03,42.85,1
265,,RE2,CF3,TL1,CQ5,CAP1,COP2,RE2_CF3_TL1_CQ5_CAP1_COP2,H,全行业配额,PD,0.0,4227,2022,1.06,45.61,1
265,,RE2,CF3,TL1,CQ5,CAP1,COP2,RE2_CF3_TL1_CQ5_CAP1_COP2,H,全行业配额,PD,0.0,4228,2023,1.09,62.79,1
265,,RE2,CF3,TL1,CQ5,CAP1,COP2,RE2_CF3_TL1_CQ5_CAP1_COP2,H,全行业配额,PD,0.0,4229,2024,1.12,70.36,1
265,,RE2,CF3,TL1,CQ5,CAP1,COP2,RE2_CF3_TL1_CQ5_CAP1_COP2,H,全行业配额,PD,0.0,4230,2025,1.15,80.33,1
265,,RE2,CF3,TL1,CQ5,CAP1,COP2,RE2_CF3_TL1_CQ5_CAP1_COP2,H,全行业配额,PD,0.0,4231,2026,1.18,90.3,1
265,,RE2,CF3,TL1,CQ5,CAP1,COP2,RE2_CF3_TL1_CQ5_CAP1_COP2,H,全行业配额,PD,0.0,4232,2027,1.21,100.27,1
265,,RE2,CF3,TL1,CQ5,CAP1,COP2,RE2_CF3_TL1_CQ5_CAP1_COP2,H,全行业配额,PD,0.0,4233,2028,1.24,110.24,1
265,,RE2,CF3,TL1,CQ5,CAP1,COP2,RE2_CF3_TL1_CQ5_CAP1_COP2,H,全行业配额,PD,0.0,4234,2029,1.27,120.21,1
265,,RE2,CF3,TL1,CQ5,CAP1,COP2,RE2_CF3_TL1_CQ5_CAP1_COP2,H,全行业配额,PD,0.0,4235,2030,1.3,130.18,1
265,,RE2,CF3,TL1,CQ5,CAP1,COP2,RE2_CF3_TL1_CQ5_CAP1_COP2,H,全行业配额,PD,0.0,4236,2031,1.36,137.9,1
265,,RE2,CF3,TL1,CQ5,CAP1,COP2,RE2_CF3_TL1_CQ5_CAP1_COP2,H,全行业配额,PD,0.0,4237,2032,1.42,147.31,1
265,,RE2,CF3,TL1,CQ5,CAP1,COP2,RE2_CF3_TL1_CQ5_CAP1_COP2,H,全行业配额,PD,0.0,4238,2033,1.48,156.72,1
265,,RE2,CF3,TL1,CQ5,CAP1,COP2,RE2_CF3_TL1_CQ5_CAP1_COP2,H,全行业配额,PD,0.0,4239,2034,1.54,166.13,1
265,,RE2,CF3,TL1,CQ5,CAP1,COP2,RE2_CF3_TL1_CQ5_CAP1_COP2,H,全行业配额,PD,0.0,4240,2035,1.6,175.53,1
266,,RE2,CF3,TL1,CQ5,CAP2,COP2,RE2_CF3_TL1_CQ5_CAP2_COP2,H,全行业配额,PD,0.0,4241,2020,1.0,42.85,1
266,,RE2,CF3,TL1,CQ5,CAP2,COP2,RE2_CF3_TL1_CQ5_CAP2_COP2,H,全行业配额,PD,0.0,4242,2021,1.03,42.85,1
266,,RE2,CF3,TL1,CQ5,CAP2,COP2,RE2_CF3_TL1_CQ5_CAP2_COP2,H,全行业配额,PD,0.0,4243,2022,1.06,45.61,1
266,,RE2,CF3,TL1,CQ5,CAP2,COP2,RE2_CF3_TL1_CQ5_CAP2_COP2,H,全行业配额,PD,0.0,4244,2023,1.09,127.71,1
266,,RE2,CF3,TL1,CQ5,CAP2,COP2,RE2_CF3_TL1_CQ5_CAP2_COP2,H,全行业配额,PD,0.0,4245,2024,1.12,209.81,1
266,,RE2,CF3,TL1,CQ5,CAP2,COP2,RE2_CF3_TL1_CQ5_CAP2_COP2,H,全行业配额,PD,0.0,4246,2025,1.15,291.9,1
266,,RE2,CF3,TL1,CQ5,CAP2,COP2,RE2_CF3_TL1_CQ5_CAP2_COP2,H,全行业配额,PD,0.0,4247,2026,1.18,374.0,1
266,,RE2,CF3,TL1,CQ5,CAP2,COP2,RE2_CF3_TL1_CQ5_CAP2_COP2,H,全行业配额,PD,0.0,4248,2027,1.21,456.1,1
266,,RE2,CF3,TL1,CQ5,CAP2,COP2,RE2_CF3_TL1_CQ5_CAP2_COP2,H,全行业配额,PD,0.0,4249,2028,1.24,456.1,1
266,,RE2,CF3,TL1,CQ5,CAP2,COP2,RE2_CF3_TL1_CQ5_CAP2_COP2,H,全行业配额,PD,0.0,4250,2029,1.27,456.1,1
266,,RE2,CF3,TL1,CQ5,CAP2,COP2,RE2_CF3_TL1_CQ5_CAP2_COP2,H,全行业配额,PD,0.0,4251,2030,1.3,456.1,1
266,,RE2,CF3,TL1,CQ5,CAP2,COP2,RE2_CF3_TL1_CQ5_CAP2_COP2,H,全行业配额,PD,0.0,4252,2031,1.36,456.1,1
266,,RE2,CF3,TL1,CQ5,CAP2,COP2,RE2_CF3_TL1_CQ5_CAP2_COP2,H,全行业配额,PD,0.0,4253,2032,1.42,456.1,1
266,,RE2,CF3,TL1,CQ5,CAP2,COP2,RE2_CF3_TL1_CQ5_CAP2_COP2,H,全行业配额,PD,0.0,4254,2033,1.48,456.1,1
266,,RE2,CF3,TL1,CQ5,CAP2,COP2,RE2_CF3_TL1_CQ5_CAP2_COP2,H,全行业配额,PD,0.0,4255,2034,1.54,456.1,1
266,,RE2,CF3,TL1,CQ5,CAP2,COP2,RE2_CF3_TL1_CQ5_CAP2_COP2,H,全行业配额,PD,0.0,4256,2035,1.6,456.1,1
267,,RE2,CF3,TL1,CQ6,CAP1,COP2,RE2_CF3_TL1_CQ6_CAP1_COP2,H,电力配额,PD,0.0,4257,2020,1.0,42.85,1
267,,RE2,CF3,TL1,CQ6,CAP1,COP2,RE2_CF3_TL1_CQ6_CAP1_COP2,H,电力配额,PD,0.0,4258,2021,1.03,42.85,1
267,,RE2,CF3,TL1,CQ6,CAP1,COP2,RE2_CF3_TL1_CQ6_CAP1_COP2,H,电力配额,PD,0.0,4259,2022,1.06,45.61,1
267,,RE2,CF3,TL1,CQ6,CAP1,COP2,RE2_CF3_TL1_CQ6_CAP1_COP2,H,电力配额,PD,0.0,4260,2023,1.09,62.79,1
267,,RE2,CF3,TL1,CQ6,CAP1,COP2,RE2_CF3_TL1_CQ6_CAP1_COP2,H,电力配额,PD,0.0,4261,2024,1.12,70.36,1
267,,RE2,CF3,TL1,CQ6,CAP1,COP2,RE2_CF3_TL1_CQ6_CAP1_COP2,H,电力配额,PD,0.0,4262,2025,1.15,80.33,1
267,,RE2,CF3,TL1,CQ6,CAP1,COP2,RE2_CF3_TL1_CQ6_CAP1_COP2,H,电力配额,PD,0.0,4263,2026,1.18,90.3,1
267,,RE2,CF3,TL1,CQ6,CAP1,COP2,RE2_CF3_TL1_CQ6_CAP1_COP2,H,电力配额,PD,0.0,4264,2027,1.21,100.27,1
267,,RE2,CF3,TL1,CQ6,CAP1,COP2,RE2_CF3_TL1_CQ6_CAP1_COP2,H,电力配额,PD,0.0,4265,2028,1.24,110.24,1
267,,RE2,CF3,TL1,CQ6,CAP1,COP2,RE2_CF3_TL1_CQ6_CAP1_COP2,H,电力配额,PD,0.0,4266,2029,1.27,120.21,1
267,,RE2,CF3,TL1,CQ6,CAP1,COP2,RE2_CF3_TL1_CQ6_CAP1_COP2,H,电力配额,PD,0.0,4267,2030,1.3,130.18,1
267,,RE2,CF3,TL1,CQ6,CAP1,COP2,RE2_CF3_TL1_CQ6_CAP1_COP2,H,电力配额,PD,0.0,4268,2031,1.36,137.9,1
267,,RE2,CF3,TL1,CQ6,CAP1,COP2,RE2_CF3_TL1_CQ6_CAP1_COP2,H,电力配额,PD,0.0,4269,2032,1.42,147.31,1
267,,RE2,CF3,TL1,CQ6,CAP1,COP2,RE2_CF3_TL1_CQ6_CAP1_COP2,H,电力配额,PD,0.0,4270,2033,1.48,156.72,1
267,,RE2,CF3,TL1,CQ6,CAP1,COP2,RE2_CF3_TL1_CQ6_CAP1_COP2,H,电力配额,PD,0.0,4271,2034,1.54,166.13,1
267,,RE2,CF3,TL1,CQ6,CAP1,COP2,RE2_CF3_TL1_CQ6_CAP1_COP2,H,电力配额,PD,0.0,4272,2035,1.6,175.53,1
268,,RE2,CF3,TL1,CQ6,CAP2,COP1,RE2_CF3_TL1_CQ6_CAP2_COP1,H,电力配额,BAU,0.0,4273,2020,1.0,42.85,1
268,,RE2,CF3,TL1,CQ6,CAP2,COP1,RE2_CF3_TL1_CQ6_CAP2_COP1,H,电力配额,BAU,0.0,4274,2021,1.03,42.85,1
268,,RE2,CF3,TL1,CQ6,CAP2,COP1,RE2_CF3_TL1_CQ6_CAP2_COP1,H,电力配额,BAU,0.0,4275,2022,1.06,45.61,1
268,,RE2,CF3,TL1,CQ6,CAP2,COP1,RE2_CF3_TL1_CQ6_CAP2_COP1,H,电力配额,BAU,0.0,4276,2023,1.09,127.71,1
268,,RE2,CF3,TL1,CQ6,CAP2,COP1,RE2_CF3_TL1_CQ6_CAP2_COP1,H,电力配额,BAU,0.0,4277,2024,1.12,209.81,1
268,,RE2,CF3,TL1,CQ6,CAP2,COP1,RE2_CF3_TL1_CQ6_CAP2_COP1,H,电力配额,BAU,0.0,4278,2025,1.15,291.9,1
268,,RE2,CF3,TL1,CQ6,CAP2,COP1,RE2_CF3_TL1_CQ6_CAP2_COP1,H,电力配额,BAU,0.0,4279,2026,1.18,374.0,1
268,,RE2,CF3,TL1,CQ6,CAP2,COP1,RE2_CF3_TL1_CQ6_CAP2_COP1,H,电力配额,BAU,0.0,4280,2027,1.21,456.1,1
268,,RE2,CF3,TL1,CQ6,CAP2,COP1,RE2_CF3_TL1_CQ6_CAP2_COP1,H,电力配额,BAU,0.0,4281,2028,1.24,456.1,1
268,,RE2,CF3,TL1,CQ6,CAP2,COP1,RE2_CF3_TL1_CQ6_CAP2_COP1,H,电力配额,BAU,0.0,4282,2029,1.27,456.1,1
268,,RE2,CF3,TL1,CQ6,CAP2,COP1,RE2_CF3_TL1_CQ6_CAP2_COP1,H,电力配额,BAU,0.0,4283,2030,1.3,456.1,1
268,,RE2,CF3,TL1,CQ6,CAP2,COP1,RE2_CF3_TL1_CQ6_CAP2_COP1,H,电力配额,BAU,0.0,4284,2031,1.36,456.1,1
268,,RE2,CF3,TL1,CQ6,CAP2,COP1,RE2_CF3_TL1_CQ6_CAP2_COP1,H,电力配额,BAU,0.0,4285,2032,1.42,456.1,1
268,,RE2,CF3,TL1,CQ6,CAP2,COP1,RE2_CF3_TL1_CQ6_CAP2_COP1,H,电力配额,BAU,0.0,4286,2033,1.48,456.1,1
268,,RE2,CF3,TL1,CQ6,CAP2,COP1,RE2_CF3_TL1_CQ6_CAP2_COP1,H,电力配额,BAU,0.0,4287,2034,1.54,456.1,1
268,,RE2,CF3,TL1,CQ6,CAP2,COP1,RE2_CF3_TL1_CQ6_CAP2_COP1,H,电力配额,BAU,0.0,4288,2035,1.6,456.1,1
269,,RE2,CF3,TL1,CQ6,CAP2,COP2,RE2_CF3_TL1_CQ6_CAP2_COP2,H,电力配额,PD,0.0,4289,2020,1.0,42.85,1
269,,RE2,CF3,TL1,CQ6,CAP2,COP2,RE2_CF3_TL1_CQ6_CAP2_COP2,H,电力配额,PD,0.0,4290,2021,1.03,42.85,1
269,,RE2,CF3,TL1,CQ6,CAP2,COP2,RE2_CF3_TL1_CQ6_CAP2_COP2,H,电力配额,PD,0.0,4291,2022,1.06,45.61,1
269,,RE2,CF3,TL1,CQ6,CAP2,COP2,RE2_CF3_TL1_CQ6_CAP2_COP2,H,电力配额,PD,0.0,4292,2023,1.09,127.71,1
269,,RE2,CF3,TL1,CQ6,CAP2,COP2,RE2_CF3_TL1_CQ6_CAP2_COP2,H,电力配额,PD,0.0,4293,2024,1.12,209.81,1
269,,RE2,CF3,TL1,CQ6,CAP2,COP2,RE2_CF3_TL1_CQ6_CAP2_COP2,H,电力配额,PD,0.0,4294,2025,1.15,291.9,1
269,,RE2,CF3,TL1,CQ6,CAP2,COP2,RE2_CF3_TL1_CQ6_CAP2_COP2,H,电力配额,PD,0.0,4295,2026,1.18,374.0,1
269,,RE2,CF3,TL1,CQ6,CAP2,COP2,RE2_CF3_TL1_CQ6_CAP2_COP2,H,电力配额,PD,0.0,4296,2027,1.21,456.1,1
269,,RE2,CF3,TL1,CQ6,CAP2,COP2,RE2_CF3_TL1_CQ6_CAP2_COP2,H,电力配额,PD,0.0,4297,2028,1.24,456.1,1
269,,RE2,CF3,TL1,CQ6,CAP2,COP2,RE2_CF3_TL1_CQ6_CAP2_COP2,H,电力配额,PD,0.0,4298,2029,1.27,456.1,1
269,,RE2,CF3,TL1,CQ6,CAP2,COP2,RE2_CF3_TL1_CQ6_CAP2_COP2,H,电力配额,PD,0.0,4299,2030,1.3,456.1,1
269,,RE2,CF3,TL1,CQ6,CAP2,COP2,RE2_CF3_TL1_CQ6_CAP2_COP2,H,电力配额,PD,0.0,4300,2031,1.36,456.1,1
269,,RE2,CF3,TL1,CQ6,CAP2,COP2,RE2_CF3_TL1_CQ6_CAP2_COP2,H,电力配额,PD,0.0,4301,2032,1.42,456.1,1
269,,RE2,CF3,TL1,CQ6,CAP2,COP2,RE2_CF3_TL1_CQ6_CAP2_COP2,H,电力配额,PD,0.0,4302,2033,1.48,456.1,1
269,,RE2,CF3,TL1,CQ6,CAP2,COP2,RE2_CF3_TL1_CQ6_CAP2_COP2,H,电力配额,PD,0.0,4303,2034,1.54,456.1,1
269,,RE2,CF3,TL1,CQ6,CAP2,COP2,RE2_CF3_TL1_CQ6_CAP2_COP2,H,电力配额,PD,0.0,4304,2035,1.6,456.1,1
270,,RE2,CF3,TL2,CQ1,CAP1,COP1,RE2_CF3_TL2_CQ1_CAP1_COP1,H,无配额,BAU,0.0,4305,2020,1.0,0.0,0
270,,RE2,CF3,TL2,CQ1,CAP1,COP1,RE2_CF3_TL2_CQ1_CAP1_COP1,H,无配额,BAU,0.0,4306,2021,1.1,0.0,0
270,,RE2,CF3,TL2,CQ1,CAP1,COP1,RE2_CF3_TL2_CQ1_CAP1_COP1,H,无配额,BAU,0.0,4307,2022,1.2,0.0,0
270,,RE2,CF3,TL2,CQ1,CAP1,COP1,RE2_CF3_TL2_CQ1_CAP1_COP1,H,无配额,BAU,0.0,4308,2023,1.3,0.0,0
270,,RE2,CF3,TL2,CQ1,CAP1,COP1,RE2_CF3_TL2_CQ1_CAP1_COP1,H,无配额,BAU,0.0,4309,2024,1.4,0.0,0
270,,RE2,CF3,TL2,CQ1,CAP1,COP1,RE2_CF3_TL2_CQ1_CAP1_COP1,H,无配额,BAU,0.0,4310,2025,1.5,0.0,0
270,,RE2,CF3,TL2,CQ1,CAP1,COP1,RE2_CF3_TL2_CQ1_CAP1_COP1,H,无配额,BAU,0.0,4311,2026,1.6,0.0,0
270,,RE2,CF3,TL2,CQ1,CAP1,COP1,RE2_CF3_TL2_CQ1_CAP1_COP1,H,无配额,BAU,0.0,4312,2027,1.7,0.0,0
270,,RE2,CF3,TL2,CQ1,CAP1,COP1,RE2_CF3_TL2_CQ1_CAP1_COP1,H,无配额,BAU,0.0,4313,2028,1.8,0.0,0
270,,RE2,CF3,TL2,CQ1,CAP1,COP1,RE2_CF3_TL2_CQ1_CAP1_COP1,H,无配额,BAU,0.0,4314,2029,1.9,0.0,0
270,,RE2,CF3,TL2,CQ1,CAP1,COP1,RE2_CF3_TL2_CQ1_CAP1_COP1,H,无配额,BAU,0.0,4315,2030,2.0,0.0,0
270,,RE2,CF3,TL2,CQ1,CAP1,COP1,RE2_CF3_TL2_CQ1_CAP1_COP1,H,无配额,BAU,0.0,4316,2031,2.1,0.0,0
270,,RE2,CF3,TL2,CQ1,CAP1,COP1,RE2_CF3_TL2_CQ1_CAP1_COP1,H,无配额,BAU,0.0,4317,2032,2.2,0.0,0
270,,RE2,CF3,TL2,CQ1,CAP1,COP1,RE2_CF3_TL2_CQ1_CAP1_COP1,H,无配额,BAU,0.0,4318,2033,2.3,0.0,0
270,,RE2,CF3,TL2,CQ1,CAP1,COP1,RE2_CF3_TL2_CQ1_CAP1_COP1,H,无配额,BAU,0.0,4319,2034,2.4,0.0,0
270,,RE2,CF3,TL2,CQ1,CAP1,COP1,RE2_CF3_TL2_CQ1_CAP1_COP1,H,无配额,BAU,0.0,4320,2035,2.5,0.0,0
271,,RE2,CF3,TL2,CQ1,CAP1,COP2,RE2_CF3_TL2_CQ1_CAP1_COP2,H,无配额,PD,0.0,4321,2020,1.0,0.0,0
271,,RE2,CF3,TL2,CQ1,CAP1,COP2,RE2_CF3_TL2_CQ1_CAP1_COP2,H,无配额,PD,0.0,4322,2021,1.1,0.0,0
271,,RE2,CF3,TL2,CQ1,CAP1,COP2,RE2_CF3_TL2_CQ1_CAP1_COP2,H,无配额,PD,0.0,4323,2022,1.2,0.0,0
271,,RE2,CF3,TL2,CQ1,CAP1,COP2,RE2_CF3_TL2_CQ1_CAP1_COP2,H,无配额,PD,0.0,4324,2023,1.3,0.0,0
271,,RE2,CF3,TL2,CQ1,CAP1,COP2,RE2_CF3_TL2_CQ1_CAP1_COP2,H,无配额,PD,0.0,4325,2024,1.4,0.0,0
271,,RE2,CF3,TL2,CQ1,CAP1,COP2,RE2_CF3_TL2_CQ1_CAP1_COP2,H,无配额,PD,0.0,4326,2025,1.5,0.0,0
271,,RE2,CF3,TL2,CQ1,CAP1,COP2,RE2_CF3_TL2_CQ1_CAP1_COP2,H,无配额,PD,0.0,4327,2026,1.6,0.0,0
271,,RE2,CF3,TL2,CQ1,CAP1,COP2,RE2_CF3_TL2_CQ1_CAP1_COP2,H,无配额,PD,0.0,4328,2027,1.7,0.0,0
271,,RE2,CF3,TL2,CQ1,CAP1,COP2,RE2_CF3_TL2_CQ1_CAP1_COP2,H,无配额,PD,0.0,4329,2028,1.8,0.0,0
271,,RE2,CF3,TL2,CQ1,CAP1,COP2,RE2_CF3_TL2_CQ1_CAP1_COP2,H,无配额,PD,0.0,4330,2029,1.9,0.0,0
271,,RE2,CF3,TL2,CQ1,CAP1,COP2,RE2_CF3_TL2_CQ1_CAP1_COP2,H,无配额,PD,0.0,4331,2030,2.0,0.0,0
271,,RE2,CF3,TL2,CQ1,CAP1,COP2,RE2_CF3_TL2_CQ1_CAP1_COP2,H,无配额,PD,0.0,4332,2031,2.1,0.0,0
271,,RE2,CF3,TL2,CQ1,CAP1,COP2,RE2_CF3_TL2_CQ1_CAP1_COP2,H,无配额,PD,0.0,4333,2032,2.2,0.0,0
271,,RE2,CF3,TL2,CQ1,CAP1,COP2,RE2_CF3_TL2_CQ1_CAP1_COP2,H,无配额,PD,0.0,4334,2033,2.3,0.0,0
271,,RE2,CF3,TL2,CQ1,CAP1,COP2,RE2_CF3_TL2_CQ1_CAP1_COP2,H,无配额,PD,0.0,4335,2034,2.4,0.0,0
271,,RE2,CF3,TL2,CQ1,CAP1,COP2,RE2_CF3_TL2_CQ1_CAP1_COP2,H,无配额,PD,0.0,4336,2035,2.5,0.0,0
272,,RE2,CF3,TL2,CQ1,CAP2,COP1,RE2_CF3_TL2_CQ1_CAP2_COP1,H,无配额,BAU,0.0,4337,2020,1.0,0.0,0
272,,RE2,CF3,TL2,CQ1,CAP2,COP1,RE2_CF3_TL2_CQ1_CAP2_COP1,H,无配额,BAU,0.0,4338,2021,1.1,0.0,0
272,,RE2,CF3,TL2,CQ1,CAP2,COP1,RE2_CF3_TL2_CQ1_CAP2_COP1,H,无配额,BAU,0.0,4339,2022,1.2,0.0,0
272,,RE2,CF3,TL2,CQ1,CAP2,COP1,RE2_CF3_TL2_CQ1_CAP2_COP1,H,无配额,BAU,0.0,4340,2023,1.3,0.0,0
272,,RE2,CF3,TL2,CQ1,CAP2,COP1,RE2_CF3_TL2_CQ1_CAP2_COP1,H,无配额,BAU,0.0,4341,2024,1.4,0.0,0
272,,RE2,CF3,TL2,CQ1,CAP2,COP1,RE2_CF3_TL2_CQ1_CAP2_COP1,H,无配额,BAU,0.0,4342,2025,1.5,0.0,0
272,,RE2,CF3,TL2,CQ1,CAP2,COP1,RE2_CF3_TL2_CQ1_CAP2_COP1,H,无配额,BAU,0.0,4343,2026,1.6,0.0,0
272,,RE2,CF3,TL2,CQ1,CAP2,COP1,RE2_CF3_TL2_CQ1_CAP2_COP1,H,无配额,BAU,0.0,4344,2027,1.7,0.0,0
272,,RE2,CF3,TL2,CQ1,CAP2,COP1,RE2_CF3_TL2_CQ1_CAP2_COP1,H,无配额,BAU,0.0,4345,2028,1.8,0.0,0
272,,RE2,CF3,TL2,CQ1,CAP2,COP1,RE2_CF3_TL2_CQ1_CAP2_COP1,H,无配额,BAU,0.0,4346,2029,1.9,0.0,0
272,,RE2,CF3,TL2,CQ1,CAP2,COP1,RE2_CF3_TL2_CQ1_CAP2_COP1,H,无配额,BAU,0.0,4347,2030,2.0,0.0,0
272,,RE2,CF3,TL2,CQ1,CAP2,COP1,RE2_CF3_TL2_CQ1_CAP2_COP1,H,无配额,BAU,0.0,4348,2031,2.1,0.0,0
272,,RE2,CF3,TL2,CQ1,CAP2,COP1,RE2_CF3_TL2_CQ1_CAP2_COP1,H,无配额,BAU,0.0,4349,2032,2.2,0.0,0
272,,RE2,CF3,TL2,CQ1,CAP2,COP1,RE2_CF3_TL2_CQ1_CAP2_COP1,H,无配额,BAU,0.0,4350,2033,2.3,0.0,0
272,,RE2,CF3,TL2,CQ1,CAP2,COP1,RE2_CF3_TL2_CQ1_CAP2_COP1,H,无配额,BAU,0.0,4351,2034,2.4,0.0,0
272,,RE2,CF3,TL2,CQ1,CAP2,COP1,RE2_CF3_TL2_CQ1_CAP2_COP1,H,无配额,BAU,0.0,4352,2035,2.5,0.0,0
273,,RE2,CF3,TL2,CQ1,CAP2,COP2,RE2_CF3_TL2_CQ1_CAP2_COP2,H,无配额,PD,0.0,4353,2020,1.0,0.0,0
273,,RE2,CF3,TL2,CQ1,CAP2,COP2,RE2_CF3_TL2_CQ1_CAP2_COP2,H,无配额,PD,0.0,4354,2021,1.1,0.0,0
273,,RE2,CF3,TL2,CQ1,CAP2,COP2,RE2_CF3_TL2_CQ1_CAP2_COP2,H,无配额,PD,0.0,4355,2022,1.2,0.0,0
273,,RE2,CF3,TL2,CQ1,CAP2,COP2,RE2_CF3_TL2_CQ1_CAP2_COP2,H,无配额,PD,0.0,4356,2023,1.3,0.0,0
273,,RE2,CF3,TL2,CQ1,CAP2,COP2,RE2_CF3_TL2_CQ1_CAP2_COP2,H,无配额,PD,0.0,4357,2024,1.4,0.0,0
273,,RE2,CF3,TL2,CQ1,CAP2,COP2,RE2_CF3_TL2_CQ1_CAP2_COP2,H,无配额,PD,0.0,4358,2025,1.5,0.0,0
273,,RE2,CF3,TL2,CQ1,CAP2,COP2,RE2_CF3_TL2_CQ1_CAP2_COP2,H,无配额,PD,0.0,4359,2026,1.6,0.0,0
273,,RE2,CF3,TL2,CQ1,CAP2,COP2,RE2_CF3_TL2_CQ1_CAP2_COP2,H,无配额,PD,0.0,4360,2027,1.7,0.0,0
273,,RE2,CF3,TL2,CQ1,CAP2,COP2,RE2_CF3_TL2_CQ1_CAP2_COP2,H,无配额,PD,0.0,4361,2028,1.8,0.0,0
273,,RE2,CF3,TL2,CQ1,CAP2,COP2,RE2_CF3_TL2_CQ1_CAP2_COP2,H,无配额,PD,0.0,4362,2029,1.9,0.0,0
273,,RE2,CF3,TL2,CQ1,CAP2,COP2,RE2_CF3_TL2_CQ1_CAP2_COP2,H,无配额,PD,0.0,4363,2030,2.0,0.0,0
273,,RE2,CF3,TL2,CQ1,CAP2,COP2,RE2_CF3_TL2_CQ1_CAP2_COP2,H,无配额,PD,0.0,4364,2031,2.1,0.0,0
273,,RE2,CF3,TL2,CQ1,CAP2,COP2,RE2_CF3_TL2_CQ1_CAP2_COP2,H,无配额,PD,0.0,4365,2032,2.2,0.0,0
273,,RE2,CF3,TL2,CQ1,CAP2,COP2,RE2_CF3_TL2_CQ1_CAP2_COP2,H,无配额,PD,0.0,4366,2033,2.3,0.0,0
273,,RE2,CF3,TL2,CQ1,CAP2,COP2,RE2_CF3_TL2_CQ1_CAP2_COP2,H,无配额,PD,0.0,4367,2034,2.4,0.0,0
273,,RE2,CF3,TL2,CQ1,CAP2,COP2,RE2_CF3_TL2_CQ1_CAP2_COP2,H,无配额,PD,0.0,4368,2035,2.5,0.0,0
274,,RE2,CF3,TL2,CQ2,CAP1,COP1,RE2_CF3_TL2_CQ2_CAP1_COP1,H,基准不变,BAU,0.0,4369,2020,1.0,42.85,1
274,,RE2,CF3,TL2,CQ2,CAP1,COP1,RE2_CF3_TL2_CQ2_CAP1_COP1,H,基准不变,BAU,0.0,4370,2021,1.1,42.85,1
274,,RE2,CF3,TL2,CQ2,CAP1,COP1,RE2_CF3_TL2_CQ2_CAP1_COP1,H,基准不变,BAU,0.0,4371,2022,1.2,45.61,1
274,,RE2,CF3,TL2,CQ2,CAP1,COP1,RE2_CF3_TL2_CQ2_CAP1_COP1,H,基准不变,BAU,0.0,4372,2023,1.3,62.79,1
274,,RE2,CF3,TL2,CQ2,CAP1,COP1,RE2_CF3_TL2_CQ2_CAP1_COP1,H,基准不变,BAU,0.0,4373,2024,1.4,70.36,1
274,,RE2,CF3,TL2,CQ2,CAP1,COP1,RE2_CF3_TL2_CQ2_CAP1_COP1,H,基准不变,BAU,0.0,4374,2025,1.5,80.33,1
274,,RE2,CF3,TL2,CQ2,CAP1,COP1,RE2_CF3_TL2_CQ2_CAP1_COP1,H,基准不变,BAU,0.0,4375,2026,1.6,90.3,1
274,,RE2,CF3,TL2,CQ2,CAP1,COP1,RE2_CF3_TL2_CQ2_CAP1_COP1,H,基准不变,BAU,0.0,4376,2027,1.7,100.27,1
274,,RE2,CF3,TL2,CQ2,CAP1,COP1,RE2_CF3_TL2_CQ2_CAP1_COP1,H,基准不变,BAU,0.0,4377,2028,1.8,110.24,1
274,,RE2,CF3,TL2,CQ2,CAP1,COP1,RE2_CF3_TL2_CQ2_CAP1_COP1,H,基准不变,BAU,0.0,4378,2029,1.9,120.21,1
274,,RE2,CF3,TL2,CQ2,CAP1,COP1,RE2_CF3_TL2_CQ2_CAP1_COP1,H,基准不变,BAU,0.0,4379,2030,2.0,130.18,1
274,,RE2,CF3,TL2,CQ2,CAP1,COP1,RE2_CF3_TL2_CQ2_CAP1_COP1,H,基准不变,BAU,0.0,4380,2031,2.1,137.9,1
274,,RE2,CF3,TL2,CQ2,CAP1,COP1,RE2_CF3_TL2_CQ2_CAP1_COP1,H,基准不变,BAU,0.0,4381,2032,2.2,147.31,1
274,,RE2,CF3,TL2,CQ2,CAP1,COP1,RE2_CF3_TL2_CQ2_CAP1_COP1,H,基准不变,BAU,0.0,4382,2033,2.3,156.72,1
274,,RE2,CF3,TL2,CQ2,CAP1,COP1,RE2_CF3_TL2_CQ2_CAP1_COP1,H,基准不变,BAU,0.0,4383,2034,2.4,166.13,1
274,,RE2,CF3,TL2,CQ2,CAP1,COP1,RE2_CF3_TL2_CQ2_CAP1_COP1,H,基准不变,BAU,0.0,4384,2035,2.5,175.53,1
275,,RE2,CF3,TL2,CQ2,CAP1,COP2,RE2_CF3_TL2_CQ2_CAP1_COP2,H,基准不变,PD,0.0,4385,2020,1.0,42.85,1
275,,RE2,CF3,TL2,CQ2,CAP1,COP2,RE2_CF3_TL2_CQ2_CAP1_COP2,H,基准不变,PD,0.0,4386,2021,1.1,42.85,1
275,,RE2,CF3,TL2,CQ2,CAP1,COP2,RE2_CF3_TL2_CQ2_CAP1_COP2,H,基准不变,PD,0.0,4387,2022,1.2,45.61,1
275,,RE2,CF3,TL2,CQ2,CAP1,COP2,RE2_CF3_TL2_CQ2_CAP1_COP2,H,基准不变,PD,0.0,4388,2023,1.3,62.79,1
275,,RE2,CF3,TL2,CQ2,CAP1,COP2,RE2_CF3_TL2_CQ2_CAP1_COP2,H,基准不变,PD,0.0,4389,2024,1.4,70.36,1
275,,RE2,CF3,TL2,CQ2,CAP1,COP2,RE2_CF3_TL2_CQ2_CAP1_COP2,H,基准不变,PD,0.0,4390,2025,1.5,80.33,1
275,,RE2,CF3,TL2,CQ2,CAP1,COP2,RE2_CF3_TL2_CQ2_CAP1_COP2,H,基准不变,PD,0.0,4391,2026,1.6,90.3,1
275,,RE2,CF3,TL2,CQ2,CAP1,COP2,RE2_CF3_TL2_CQ2_CAP1_COP2,H,基准不变,PD,0.0,4392,2027,1.7,100.27,1
275,,RE2,CF3,TL2,CQ2,CAP1,COP2,RE2_CF3_TL2_CQ2_CAP1_COP2,H,基准不变,PD,0.0,4393,2028,1.8,110.24,1
275,,RE2,CF3,TL2,CQ2,CAP1,COP2,RE2_CF3_TL2_CQ2_CAP1_COP2,H,基准不变,PD,0.0,4394,2029,1.9,120.21,1
275,,RE2,CF3,TL2,CQ2,CAP1,COP2,RE2_CF3_TL2_CQ2_CAP1_COP2,H,基准不变,PD,0.0,4395,2030,2.0,130.18,1
275,,RE2,CF3,TL2,CQ2,CAP1,COP2,RE2_CF3_TL2_CQ2_CAP1_COP2,H,基准不变,PD,0.0,4396,2031,2.1,137.9,1
275,,RE2,CF3,TL2,CQ2,CAP1,COP2,RE2_CF3_TL2_CQ2_CAP1_COP2,H,基准不变,PD,0.0,4397,2032,2.2,147.31,1
275,,RE2,CF3,TL2,CQ2,CAP1,COP2,RE2_CF3_TL2_CQ2_CAP1_COP2,H,基准不变,PD,0.0,4398,2033,2.3,156.72,1
275,,RE2,CF3,TL2,CQ2,CAP1,COP2,RE2_CF3_TL2_CQ2_CAP1_COP2,H,基准不变,PD,0.0,4399,2034,2.4,166.13,1
275,,RE2,CF3,TL2,CQ2,CAP1,COP2,RE2_CF3_TL2_CQ2_CAP1_COP2,H,基准不变,PD,0.0,4400,2035,2.5,175.53,1
276,,RE2,CF3,TL2,CQ2,CAP2,COP2,RE2_CF3_TL2_CQ2_CAP2_COP2,H,基准不变,PD,0.0,4401,2020,1.0,42.85,1
276,,RE2,CF3,TL2,CQ2,CAP2,COP2,RE2_CF3_TL2_CQ2_CAP2_COP2,H,基准不变,PD,0.0,4402,2021,1.1,42.85,1
276,,RE2,CF3,TL2,CQ2,CAP2,COP2,RE2_CF3_TL2_CQ2_CAP2_COP2,H,基准不变,PD,0.0,4403,2022,1.2,45.61,1
276,,RE2,CF3,TL2,CQ2,CAP2,COP2,RE2_CF3_TL2_CQ2_CAP2_COP2,H,基准不变,PD,0.0,4404,2023,1.3,127.71,1
276,,RE2,CF3,TL2,CQ2,CAP2,COP2,RE2_CF3_TL2_CQ2_CAP2_COP2,H,基准不变,PD,0.0,4405,2024,1.4,209.81,1
276,,RE2,CF3,TL2,CQ2,CAP2,COP2,RE2_CF3_TL2_CQ2_CAP2_COP2,H,基准不变,PD,0.0,4406,2025,1.5,291.9,1
276,,RE2,CF3,TL2,CQ2,CAP2,COP2,RE2_CF3_TL2_CQ2_CAP2_COP2,H,基准不变,PD,0.0,4407,2026,1.6,374.0,1
276,,RE2,CF3,TL2,CQ2,CAP2,COP2,RE2_CF3_TL2_CQ2_CAP2_COP2,H,基准不变,PD,0.0,4408,2027,1.7,456.1,1
276,,RE2,CF3,TL2,CQ2,CAP2,COP2,RE2_CF3_TL2_CQ2_CAP2_COP2,H,基准不变,PD,0.0,4409,2028,1.8,456.1,1
276,,RE2,CF3,TL2,CQ2,CAP2,COP2,RE2_CF3_TL2_CQ2_CAP2_COP2,H,基准不变,PD,0.0,4410,2029,1.9,456.1,1
276,,RE2,CF3,TL2,CQ2,CAP2,COP2,RE2_CF3_TL2_CQ2_CAP2_COP2,H,基准不变,PD,0.0,4411,2030,2.0,456.1,1
276,,RE2,CF3,TL2,CQ2,CAP2,COP2,RE2_CF3_TL2_CQ2_CAP2_COP2,H,基准不变,PD,0.0,4412,2031,2.1,456.1,1
276,,RE2,CF3,TL2,CQ2,CAP2,COP2,RE2_CF3_TL2_CQ2_CAP2_COP2,H,基准不变,PD,0.0,4413,2032,2.2,456.1,1
276,,RE2,CF3,TL2,CQ2,CAP2,COP2,RE2_CF3_TL2_CQ2_CAP2_COP2,H,基准不变,PD,0.0,4414,2033,2.3,456.1,1
276,,RE2,CF3,TL2,CQ2,CAP2,COP2,RE2_CF3_TL2_CQ2_CAP2_COP2,H,基准不变,PD,0.0,4415,2034,2.4,456.1,1
276,,RE2,CF3,TL2,CQ2,CAP2,COP2,RE2_CF3_TL2_CQ2_CAP2_COP2,H,基准不变,PD,0.0,4416,2035,2.5,456.1,1
277,,RE2,CF3,TL2,CQ3,CAP1,COP1,RE2_CF3_TL2_CQ3_CAP1_COP1,H,REPO,BAU,0.0,4417,2020,1.0,42.85,1
277,,RE2,CF3,TL2,CQ3,CAP1,COP1,RE2_CF3_TL2_CQ3_CAP1_COP1,H,REPO,BAU,0.0,4418,2021,1.1,42.85,1
277,,RE2,CF3,TL2,CQ3,CAP1,COP1,RE2_CF3_TL2_CQ3_CAP1_COP1,H,REPO,BAU,0.0,4419,2022,1.2,45.61,1
277,,RE2,CF3,TL2,CQ3,CAP1,COP1,RE2_CF3_TL2_CQ3_CAP1_COP1,H,REPO,BAU,0.0,4420,2023,1.3,62.79,1
277,,RE2,CF3,TL2,CQ3,CAP1,COP1,RE2_CF3_TL2_CQ3_CAP1_COP1,H,REPO,BAU,0.0,4421,2024,1.4,70.36,1
277,,RE2,CF3,TL2,CQ3,CAP1,COP1,RE2_CF3_TL2_CQ3_CAP1_COP1,H,REPO,BAU,0.0,4422,2025,1.5,80.33,1
277,,RE2,CF3,TL2,CQ3,CAP1,COP1,RE2_CF3_TL2_CQ3_CAP1_COP1,H,REPO,BAU,0.0,4423,2026,1.6,90.3,1
277,,RE2,CF3,TL2,CQ3,CAP1,COP1,RE2_CF3_TL2_CQ3_CAP1_COP1,H,REPO,BAU,0.0,4424,2027,1.7,100.27,1
277,,RE2,CF3,TL2,CQ3,CAP1,COP1,RE2_CF3_TL2_CQ3_CAP1_COP1,H,REPO,BAU,0.0,4425,2028,1.8,110.24,1
277,,RE2,CF3,TL2,CQ3,CAP1,COP1,RE2_CF3_TL2_CQ3_CAP1_COP1,H,REPO,BAU,0.0,4426,2029,1.9,120.21,1
277,,RE2,CF3,TL2,CQ3,CAP1,COP1,RE2_CF3_TL2_CQ3_CAP1_COP1,H,REPO,BAU,0.0,4427,2030,2.0,130.18,1
277,,RE2,CF3,TL2,CQ3,CAP1,COP1,RE2_CF3_TL2_CQ3_CAP1_COP1,H,REPO,BAU,0.0,4428,2031,2.1,137.9,1
277,,RE2,CF3,TL2,CQ3,CAP1,COP1,RE2_CF3_TL2_CQ3_CAP1_COP1,H,REPO,BAU,0.0,4429,2032,2.2,147.31,1
277,,RE2,CF3,TL2,CQ3,CAP1,COP1,RE2_CF3_TL2_CQ3_CAP1_COP1,H,REPO,BAU,0.0,4430,2033,2.3,156.72,1
277,,RE2,CF3,TL2,CQ3,CAP1,COP1,RE2_CF3_TL2_CQ3_CAP1_COP1,H,REPO,BAU,0.0,4431,2034,2.4,166.13,1
277,,RE2,CF3,TL2,CQ3,CAP1,COP1,RE2_CF3_TL2_CQ3_CAP1_COP1,H,REPO,BAU,0.0,4432,2035,2.5,175.53,1
278,,RE2,CF3,TL2,CQ3,CAP2,COP1,RE2_CF3_TL2_CQ3_CAP2_COP1,H,REPO,BAU,0.0,4433,2020,1.0,42.85,1
278,,RE2,CF3,TL2,CQ3,CAP2,COP1,RE2_CF3_TL2_CQ3_CAP2_COP1,H,REPO,BAU,0.0,4434,2021,1.1,42.85,1
278,,RE2,CF3,TL2,CQ3,CAP2,COP1,RE2_CF3_TL2_CQ3_CAP2_COP1,H,REPO,BAU,0.0,4435,2022,1.2,45.61,1
278,,RE2,CF3,TL2,CQ3,CAP2,COP1,RE2_CF3_TL2_CQ3_CAP2_COP1,H,REPO,BAU,0.0,4436,2023,1.3,127.71,1
278,,RE2,CF3,TL2,CQ3,CAP2,COP1,RE2_CF3_TL2_CQ3_CAP2_COP1,H,REPO,BAU,0.0,4437,2024,1.4,209.81,1
278,,RE2,CF3,TL2,CQ3,CAP2,COP1,RE2_CF3_TL2_CQ3_CAP2_COP1,H,REPO,BAU,0.0,4438,2025,1.5,291.9,1
278,,RE2,CF3,TL2,CQ3,CAP2,COP1,RE2_CF3_TL2_CQ3_CAP2_COP1,H,REPO,BAU,0.0,4439,2026,1.6,374.0,1
278,,RE2,CF3,TL2,CQ3,CAP2,COP1,RE2_CF3_TL2_CQ3_CAP2_COP1,H,REPO,BAU,0.0,4440,2027,1.7,456.1,1
278,,RE2,CF3,TL2,CQ3,CAP2,COP1,RE2_CF3_TL2_CQ3_CAP2_COP1,H,REPO,BAU,0.0,4441,2028,1.8,456.1,1
278,,RE2,CF3,TL2,CQ3,CAP2,COP1,RE2_CF3_TL2_CQ3_CAP2_COP1,H,REPO,BAU,0.0,4442,2029,1.9,456.1,1
278,,RE2,CF3,TL2,CQ3,CAP2,COP1,RE2_CF3_TL2_CQ3_CAP2_COP1,H,REPO,BAU,0.0,4443,2030,2.0,456.1,1
278,,RE2,CF3,TL2,CQ3,CAP2,COP1,RE2_CF3_TL2_CQ3_CAP2_COP1,H,REPO,BAU,0.0,4444,2031,2.1,456.1,1
278,,RE2,CF3,TL2,CQ3,CAP2,COP1,RE2_CF3_TL2_CQ3_CAP2_COP1,H,REPO,BAU,0.0,4445,2032,2.2,456.1,1
278,,RE2,CF3,TL2,CQ3,CAP2,COP1,RE2_CF3_TL2_CQ3_CAP2_COP1,H,REPO,BAU,0.0,4446,2033,2.3,456.1,1
278,,RE2,CF3,TL2,CQ3,CAP2,COP1,RE2_CF3_TL2_CQ3_CAP2_COP1,H,REPO,BAU,0.0,4447,2034,2.4,456.1,1
278,,RE2,CF3,TL2,CQ3,CAP2,COP1,RE2_CF3_TL2_CQ3_CAP2_COP1,H,REPO,BAU,0.0,4448,2035,2.5,456.1,1
279,,RE2,CF3,TL2,CQ3,CAP2,COP2,RE2_CF3_TL2_CQ3_CAP2_COP2,H,REPO,PD,0.0,4449,2020,1.0,42.85,1
279,,RE2,CF3,TL2,CQ3,CAP2,COP2,RE2_CF3_TL2_CQ3_CAP2_COP2,H,REPO,PD,0.0,4450,2021,1.1,42.85,1
279,,RE2,CF3,TL2,CQ3,CAP2,COP2,RE2_CF3_TL2_CQ3_CAP2_COP2,H,REPO,PD,0.0,4451,2022,1.2,45.61,1
279,,RE2,CF3,TL2,CQ3,CAP2,COP2,RE2_CF3_TL2_CQ3_CAP2_COP2,H,REPO,PD,0.0,4452,2023,1.3,127.71,1
279,,RE2,CF3,TL2,CQ3,CAP2,COP2,RE2_CF3_TL2_CQ3_CAP2_COP2,H,REPO,PD,0.0,4453,2024,1.4,209.81,1
279,,RE2,CF3,TL2,CQ3,CAP2,COP2,RE2_CF3_TL2_CQ3_CAP2_COP2,H,REPO,PD,0.0,4454,2025,1.5,291.9,1
279,,RE2,CF3,TL2,CQ3,CAP2,COP2,RE2_CF3_TL2_CQ3_CAP2_COP2,H,REPO,PD,0.0,4455,2026,1.6,374.0,1
279,,RE2,CF3,TL2,CQ3,CAP2,COP2,RE2_CF3_TL2_CQ3_CAP2_COP2,H,REPO,PD,0.0,4456,2027,1.7,456.1,1
279,,RE2,CF3,TL2,CQ3,CAP2,COP2,RE2_CF3_TL2_CQ3_CAP2_COP2,H,REPO,PD,0.0,4457,2028,1.8,456.1,1
279,,RE2,CF3,TL2,CQ3,CAP2,COP2,RE2_CF3_TL2_CQ3_CAP2_COP2,H,REPO,PD,0.0,4458,2029,1.9,456.1,1
279,,RE2,CF3,TL2,CQ3,CAP2,COP2,RE2_CF3_TL2_CQ3_CAP2_COP2,H,REPO,PD,0.0,4459,2030,2.0,456.1,1
279,,RE2,CF3,TL2,CQ3,CAP2,COP2,RE2_CF3_TL2_CQ3_CAP2_COP2,H,REPO,PD,0.0,4460,2031,2.1,456.1,1
279,,RE2,CF3,TL2,CQ3,CAP2,COP2,RE2_CF3_TL2_CQ3_CAP2_COP2,H,REPO,PD,0.0,4461,2032,2.2,456.1,1
279,,RE2,CF3,TL2,CQ3,CAP2,COP2,RE2_CF3_TL2_CQ3_CAP2_COP2,H,REPO,PD,0.0,4462,2033,2.3,456.1,1
279,,RE2,CF3,TL2,CQ3,CAP2,COP2,RE2_CF3_TL2_CQ3_CAP2_COP2,H,REPO,PD,0.0,4463,2034,2.4,456.1,1
279,,RE2,CF3,TL2,CQ3,CAP2,COP2,RE2_CF3_TL2_CQ3_CAP2_COP2,H,REPO,PD,0.0,4464,2035,2.5,456.1,1
280,,RE2,CF3,TL2,CQ4,CAP1,COP2,RE2_CF3_TL2_CQ4_CAP1_COP2,H,REPO_plus,PD,0.0,4465,2020,1.0,42.85,1
280,,RE2,CF3,TL2,CQ4,CAP1,COP2,RE2_CF3_TL2_CQ4_CAP1_COP2,H,REPO_plus,PD,0.0,4466,2021,1.1,42.85,1
280,,RE2,CF3,TL2,CQ4,CAP1,COP2,RE2_CF3_TL2_CQ4_CAP1_COP2,H,REPO_plus,PD,0.0,4467,2022,1.2,45.61,1
280,,RE2,CF3,TL2,CQ4,CAP1,COP2,RE2_CF3_TL2_CQ4_CAP1_COP2,H,REPO_plus,PD,0.0,4468,2023,1.3,62.79,1
280,,RE2,CF3,TL2,CQ4,CAP1,COP2,RE2_CF3_TL2_CQ4_CAP1_COP2,H,REPO_plus,PD,0.0,4469,2024,1.4,70.36,1
280,,RE2,CF3,TL2,CQ4,CAP1,COP2,RE2_CF3_TL2_CQ4_CAP1_COP2,H,REPO_plus,PD,0.0,4470,2025,1.5,80.33,1
280,,RE2,CF3,TL2,CQ4,CAP1,COP2,RE2_CF3_TL2_CQ4_CAP1_COP2,H,REPO_plus,PD,0.0,4471,2026,1.6,90.3,1
280,,RE2,CF3,TL2,CQ4,CAP1,COP2,RE2_CF3_TL2_CQ4_CAP1_COP2,H,REPO_plus,PD,0.0,4472,2027,1.7,100.27,1
280,,RE2,CF3,TL2,CQ4,CAP1,COP2,RE2_CF3_TL2_CQ4_CAP1_COP2,H,REPO_plus,PD,0.0,4473,2028,1.8,110.24,1
280,,RE2,CF3,TL2,CQ4,CAP1,COP2,RE2_CF3_TL2_CQ4_CAP1_COP2,H,REPO_plus,PD,0.0,4474,2029,1.9,120.21,1
280,,RE2,CF3,TL2,CQ4,CAP1,COP2,RE2_CF3_TL2_CQ4_CAP1_COP2,H,REPO_plus,PD,0.0,4475,2030,2.0,130.18,1
280,,RE2,CF3,TL2,CQ4,CAP1,COP2,RE2_CF3_TL2_CQ4_CAP1_COP2,H,REPO_plus,PD,0.0,4476,2031,2.1,137.9,1
280,,RE2,CF3,TL2,CQ4,CAP1,COP2,RE2_CF3_TL2_CQ4_CAP1_COP2,H,REPO_plus,PD,0.0,4477,2032,2.2,147.31,1
280,,RE2,CF3,TL2,CQ4,CAP1,COP2,RE2_CF3_TL2_CQ4_CAP1_COP2,H,REPO_plus,PD,0.0,4478,2033,2.3,156.72,1
280,,RE2,CF3,TL2,CQ4,CAP1,COP2,RE2_CF3_TL2_CQ4_CAP1_COP2,H,REPO_plus,PD,0.0,4479,2034,2.4,166.13,1
280,,RE2,CF3,TL2,CQ4,CAP1,COP2,RE2_CF3_TL2_CQ4_CAP1_COP2,H,REPO_plus,PD,0.0,4480,2035,2.5,175.53,1
281,,RE2,CF3,TL2,CQ4,CAP2,COP1,RE2_CF3_TL2_CQ4_CAP2_COP1,H,REPO_plus,BAU,0.0,4481,2020,1.0,42.85,1
281,,RE2,CF3,TL2,CQ4,CAP2,COP1,RE2_CF3_TL2_CQ4_CAP2_COP1,H,REPO_plus,BAU,0.0,4482,2021,1.1,42.85,1
281,,RE2,CF3,TL2,CQ4,CAP2,COP1,RE2_CF3_TL2_CQ4_CAP2_COP1,H,REPO_plus,BAU,0.0,4483,2022,1.2,45.61,1
281,,RE2,CF3,TL2,CQ4,CAP2,COP1,RE2_CF3_TL2_CQ4_CAP2_COP1,H,REPO_plus,BAU,0.0,4484,2023,1.3,127.71,1
281,,RE2,CF3,TL2,CQ4,CAP2,COP1,RE2_CF3_TL2_CQ4_CAP2_COP1,H,REPO_plus,BAU,0.0,4485,2024,1.4,209.81,1
281,,RE2,CF3,TL2,CQ4,CAP2,COP1,RE2_CF3_TL2_CQ4_CAP2_COP1,H,REPO_plus,BAU,0.0,4486,2025,1.5,291.9,1
281,,RE2,CF3,TL2,CQ4,CAP2,COP1,RE2_CF3_TL2_CQ4_CAP2_COP1,H,REPO_plus,BAU,0.0,4487,2026,1.6,374.0,1
281,,RE2,CF3,TL2,CQ4,CAP2,COP1,RE2_CF3_TL2_CQ4_CAP2_COP1,H,REPO_plus,BAU,0.0,4488,2027,1.7,456.1,1
281,,RE2,CF3,TL2,CQ4,CAP2,COP1,RE2_CF3_TL2_CQ4_CAP2_COP1,H,REPO_plus,BAU,0.0,4489,2028,1.8,456.1,1
281,,RE2,CF3,TL2,CQ4,CAP2,COP1,RE2_CF3_TL2_CQ4_CAP2_COP1,H,REPO_plus,BAU,0.0,4490,2029,1.9,456.1,1
281,,RE2,CF3,TL2,CQ4,CAP2,COP1,RE2_CF3_TL2_CQ4_CAP2_COP1,H,REPO_plus,BAU,0.0,4491,2030,2.0,456.1,1
281,,RE2,CF3,TL2,CQ4,CAP2,COP1,RE2_CF3_TL2_CQ4_CAP2_COP1,H,REPO_plus,BAU,0.0,4492,2031,2.1,456.1,1
281,,RE2,CF3,TL2,CQ4,CAP2,COP1,RE2_CF3_TL2_CQ4_CAP2_COP1,H,REPO_plus,BAU,0.0,4493,2032,2.2,456.1,1
281,,RE2,CF3,TL2,CQ4,CAP2,COP1,RE2_CF3_TL2_CQ4_CAP2_COP1,H,REPO_plus,BAU,0.0,4494,2033,2.3,456.1,1
281,,RE2,CF3,TL2,CQ4,CAP2,COP1,RE2_CF3_TL2_CQ4_CAP2_COP1,H,REPO_plus,BAU,0.0,4495,2034,2.4,456.1,1
281,,RE2,CF3,TL2,CQ4,CAP2,COP1,RE2_CF3_TL2_CQ4_CAP2_COP1,H,REPO_plus,BAU,0.0,4496,2035,2.5,456.1,1
282,,RE2,CF3,TL2,CQ4,CAP2,COP2,RE2_CF3_TL2_CQ4_CAP2_COP2,H,REPO_plus,PD,0.0,4497,2020,1.0,42.85,1
282,,RE2,CF3,TL2,CQ4,CAP2,COP2,RE2_CF3_TL2_CQ4_CAP2_COP2,H,REPO_plus,PD,0.0,4498,2021,1.1,42.85,1
282,,RE2,CF3,TL2,CQ4,CAP2,COP2,RE2_CF3_TL2_CQ4_CAP2_COP2,H,REPO_plus,PD,0.0,4499,2022,1.2,45.61,1
282,,RE2,CF3,TL2,CQ4,CAP2,COP2,RE2_CF3_TL2_CQ4_CAP2_COP2,H,REPO_plus,PD,0.0,4500,2023,1.3,127.71,1
282,,RE2,CF3,TL2,CQ4,CAP2,COP2,RE2_CF3_TL2_CQ4_CAP2_COP2,H,REPO_plus,PD,0.0,4501,2024,1.4,209.81,1
282,,RE2,CF3,TL2,CQ4,CAP2,COP2,RE2_CF3_TL2_CQ4_CAP2_COP2,H,REPO_plus,PD,0.0,4502,2025,1.5,291.9,1
282,,RE2,CF3,TL2,CQ4,CAP2,COP2,RE2_CF3_TL2_CQ4_CAP2_COP2,H,REPO_plus,PD,0.0,4503,2026,1.6,374.0,1
282,,RE2,CF3,TL2,CQ4,CAP2,COP2,RE2_CF3_TL2_CQ4_CAP2_COP2,H,REPO_plus,PD,0.0,4504,2027,1.7,456.1,1
282,,RE2,CF3,TL2,CQ4,CAP2,COP2,RE2_CF3_TL2_CQ4_CAP2_COP2,H,REPO_plus,PD,0.0,4505,2028,1.8,456.1,1
282,,RE2,CF3,TL2,CQ4,CAP2,COP2,RE2_CF3_TL2_CQ4_CAP2_COP2,H,REPO_plus,PD,0.0,4506,2029,1.9,456.1,1
282,,RE2,CF3,TL2,CQ4,CAP2,COP2,RE2_CF3_TL2_CQ4_CAP2_COP2,H,REPO_plus,PD,0.0,4507,2030,2.0,456.1,1
282,,RE2,CF3,TL2,CQ4,CAP2,COP2,RE2_CF3_TL2_CQ4_CAP2_COP2,H,REPO_plus,PD,0.0,4508,2031,2.1,456.1,1
282,,RE2,CF3,TL2,CQ4,CAP2,COP2,RE2_CF3_TL2_CQ4_CAP2_COP2,H,REPO_plus,PD,0.0,4509,2032,2.2,456.1,1
282,,RE2,CF3,TL2,CQ4,CAP2,COP2,RE2_CF3_TL2_CQ4_CAP2_COP2,H,REPO_plus,PD,0.0,4510,2033,2.3,456.1,1
282,,RE2,CF3,TL2,CQ4,CAP2,COP2,RE2_CF3_TL2_CQ4_CAP2_COP2,H,REPO_plus,PD,0.0,4511,2034,2.4,456.1,1
282,,RE2,CF3,TL2,CQ4,CAP2,COP2,RE2_CF3_TL2_CQ4_CAP2_COP2,H,REPO_plus,PD,0.0,4512,2035,2.5,456.1,1
283,,RE2,CF3,TL2,CQ5,CAP1,COP1,RE2_CF3_TL2_CQ5_CAP1_COP1,H,全行业配额,BAU,0.0,4513,2020,1.0,42.85,1
283,,RE2,CF3,TL2,CQ5,CAP1,COP1,RE2_CF3_TL2_CQ5_CAP1_COP1,H,全行业配额,BAU,0.0,4514,2021,1.1,42.85,1
283,,RE2,CF3,TL2,CQ5,CAP1,COP1,RE2_CF3_TL2_CQ5_CAP1_COP1,H,全行业配额,BAU,0.0,4515,2022,1.2,45.61,1
283,,RE2,CF3,TL2,CQ5,CAP1,COP1,RE2_CF3_TL2_CQ5_CAP1_COP1,H,全行业配额,BAU,0.0,4516,2023,1.3,62.79,1
283,,RE2,CF3,TL2,CQ5,CAP1,COP1,RE2_CF3_TL2_CQ5_CAP1_COP1,H,全行业配额,BAU,0.0,4517,2024,1.4,70.36,1
283,,RE2,CF3,TL2,CQ5,CAP1,COP1,RE2_CF3_TL2_CQ5_CAP1_COP1,H,全行业配额,BAU,0.0,4518,2025,1.5,80.33,1
283,,RE2,CF3,TL2,CQ5,CAP1,COP1,RE2_CF3_TL2_CQ5_CAP1_COP1,H,全行业配额,BAU,0.0,4519,2026,1.6,90.3,1
283,,RE2,CF3,TL2,CQ5,CAP1,COP1,RE2_CF3_TL2_CQ5_CAP1_COP1,H,全行业配额,BAU,0.0,4520,2027,1.7,100.27,1
283,,RE2,CF3,TL2,CQ5,CAP1,COP1,RE2_CF3_TL2_CQ5_CAP1_COP1,H,全行业配额,BAU,0.0,4521,2028,1.8,110.24,1
283,,RE2,CF3,TL2,CQ5,CAP1,COP1,RE2_CF3_TL2_CQ5_CAP1_COP1,H,全行业配额,BAU,0.0,4522,2029,1.9,120.21,1
283,,RE2,CF3,TL2,CQ5,CAP1,COP1,RE2_CF3_TL2_CQ5_CAP1_COP1,H,全行业配额,BAU,0.0,4523,2030,2.0,130.18,1
283,,RE2,CF3,TL2,CQ5,CAP1,COP1,RE2_CF3_TL2_CQ5_CAP1_COP1,H,全行业配额,BAU,0.0,4524,2031,2.1,137.9,1
283,,RE2,CF3,TL2,CQ5,CAP1,COP1,RE2_CF3_TL2_CQ5_CAP1_COP1,H,全行业配额,BAU,0.0,4525,2032,2.2,147.31,1
283,,RE2,CF3,TL2,CQ5,CAP1,COP1,RE2_CF3_TL2_CQ5_CAP1_COP1,H,全行业配额,BAU,0.0,4526,2033,2.3,156.72,1
283,,RE2,CF3,TL2,CQ5,CAP1,COP1,RE2_CF3_TL2_CQ5_CAP1_COP1,H,全行业配额,BAU,0.0,4527,2034,2.4,166.13,1
283,,RE2,CF3,TL2,CQ5,CAP1,COP1,RE2_CF3_TL2_CQ5_CAP1_COP1,H,全行业配额,BAU,0.0,4528,2035,2.5,175.53,1
284,,RE2,CF3,TL2,CQ5,CAP1,COP2,RE2_CF3_TL2_CQ5_CAP1_COP2,H,全行业配额,PD,0.0,4529,2020,1.0,42.85,1
284,,RE2,CF3,TL2,CQ5,CAP1,COP2,RE2_CF3_TL2_CQ5_CAP1_COP2,H,全行业配额,PD,0.0,4530,2021,1.1,42.85,1
284,,RE2,CF3,TL2,CQ5,CAP1,COP2,RE2_CF3_TL2_CQ5_CAP1_COP2,H,全行业配额,PD,0.0,4531,2022,1.2,45.61,1
284,,RE2,CF3,TL2,CQ5,CAP1,COP2,RE2_CF3_TL2_CQ5_CAP1_COP2,H,全行业配额,PD,0.0,4532,2023,1.3,62.79,1
284,,RE2,CF3,TL2,CQ5,CAP1,COP2,RE2_CF3_TL2_CQ5_CAP1_COP2,H,全行业配额,PD,0.0,4533,2024,1.4,70.36,1
284,,RE2,CF3,TL2,CQ5,CAP1,COP2,RE2_CF3_TL2_CQ5_CAP1_COP2,H,全行业配额,PD,0.0,4534,2025,1.5,80.33,1
284,,RE2,CF3,TL2,CQ5,CAP1,COP2,RE2_CF3_TL2_CQ5_CAP1_COP2,H,全行业配额,PD,0.0,4535,2026,1.6,90.3,1
284,,RE2,CF3,TL2,CQ5,CAP1,COP2,RE2_CF3_TL2_CQ5_CAP1_COP2,H,全行业配额,PD,0.0,4536,2027,1.7,100.27,1
284,,RE2,CF3,TL2,CQ5,CAP1,COP2,RE2_CF3_TL2_CQ5_CAP1_COP2,H,全行业配额,PD,0.0,4537,2028,1.8,110.24,1
284,,RE2,CF3,TL2,CQ5,CAP1,COP2,RE2_CF3_TL2_CQ5_CAP1_COP2,H,全行业配额,PD,0.0,4538,2029,1.9,120.21,1
284,,RE2,CF3,TL2,CQ5,CAP1,COP2,RE2_CF3_TL2_CQ5_CAP1_COP2,H,全行业配额,PD,0.0,4539,2030,2.0,130.18,1
284,,RE2,CF3,TL2,CQ5,CAP1,COP2,RE2_CF3_TL2_CQ5_CAP1_COP2,H,全行业配额,PD,0.0,4540,2031,2.1,137.9,1
284,,RE2,CF3,TL2,CQ5,CAP1,COP2,RE2_CF3_TL2_CQ5_CAP1_COP2,H,全行业配额,PD,0.0,4541,2032,2.2,147.31,1
284,,RE2,CF3,TL2,CQ5,CAP1,COP2,RE2_CF3_TL2_CQ5_CAP1_COP2,H,全行业配额,PD,0.0,4542,2033,2.3,156.72,1
284,,RE2,CF3,TL2,CQ5,CAP1,COP2,RE2_CF3_TL2_CQ5_CAP1_COP2,H,全行业配额,PD,0.0,4543,2034,2.4,166.13,1
284,,RE2,CF3,TL2,CQ5,CAP1,COP2,RE2_CF3_TL2_CQ5_CAP1_COP2,H,全行业配额,PD,0.0,4544,2035,2.5,175.53,1
285,,RE2,CF3,TL2,CQ5,CAP2,COP1,RE2_CF3_TL2_CQ5_CAP2_COP1,H,全行业配额,BAU,0.0,4545,2020,1.0,42.85,1
285,,RE2,CF3,TL2,CQ5,CAP2,COP1,RE2_CF3_TL2_CQ5_CAP2_COP1,H,全行业配额,BAU,0.0,4546,2021,1.1,42.85,1
285,,RE2,CF3,TL2,CQ5,CAP2,COP1,RE2_CF3_TL2_CQ5_CAP2_COP1,H,全行业配额,BAU,0.0,4547,2022,1.2,45.61,1
285,,RE2,CF3,TL2,CQ5,CAP2,COP1,RE2_CF3_TL2_CQ5_CAP2_COP1,H,全行业配额,BAU,0.0,4548,2023,1.3,127.71,1
285,,RE2,CF3,TL2,CQ5,CAP2,COP1,RE2_CF3_TL2_CQ5_CAP2_COP1,H,全行业配额,BAU,0.0,4549,2024,1.4,209.81,1
285,,RE2,CF3,TL2,CQ5,CAP2,COP1,RE2_CF3_TL2_CQ5_CAP2_COP1,H,全行业配额,BAU,0.0,4550,2025,1.5,291.9,1
285,,RE2,CF3,TL2,CQ5,CAP2,COP1,RE2_CF3_TL2_CQ5_CAP2_COP1,H,全行业配额,BAU,0.0,4551,2026,1.6,374.0,1
285,,RE2,CF3,TL2,CQ5,CAP2,COP1,RE2_CF3_TL2_CQ5_CAP2_COP1,H,全行业配额,BAU,0.0,4552,2027,1.7,456.1,1
285,,RE2,CF3,TL2,CQ5,CAP2,COP1,RE2_CF3_TL2_CQ5_CAP2_COP1,H,全行业配额,BAU,0.0,4553,2028,1.8,456.1,1
285,,RE2,CF3,TL2,CQ5,CAP2,COP1,RE2_CF3_TL2_CQ5_CAP2_COP1,H,全行业配额,BAU,0.0,4554,2029,1.9,456.1,1
285,,RE2,CF3,TL2,CQ5,CAP2,COP1,RE2_CF3_TL2_CQ5_CAP2_COP1,H,全行业配额,BAU,0.0,4555,2030,2.0,456.1,1
285,,RE2,CF3,TL2,CQ5,CAP2,COP1,RE2_CF3_TL2_CQ5_CAP2_COP1,H,全行业配额,BAU,0.0,4556,2031,2.1,456.1,1
285,,RE2,CF3,TL2,CQ5,CAP2,COP1,RE2_CF3_TL2_CQ5_CAP2_COP1,H,全行业配额,BAU,0.0,4557,2032,2.2,456.1,1
285,,RE2,CF3,TL2,CQ5,CAP2,COP1,RE2_CF3_TL2_CQ5_CAP2_COP1,H,全行业配额,BAU,0.0,4558,2033,2.3,456.1,1
285,,RE2,CF3,TL2,CQ5,CAP2,COP1,RE2_CF3_TL2_CQ5_CAP2_COP1,H,全行业配额,BAU,0.0,4559,2034,2.4,456.1,1
285,,RE2,CF3,TL2,CQ5,CAP2,COP1,RE2_CF3_TL2_CQ5_CAP2_COP1,H,全行业配额,BAU,0.0,4560,2035,2.5,456.1,1
286,,RE2,CF3,TL2,CQ6,CAP1,COP1,RE2_CF3_TL2_CQ6_CAP1_COP1,H,电力配额,BAU,0.0,4561,2020,1.0,42.85,1
286,,RE2,CF3,TL2,CQ6,CAP1,COP1,RE2_CF3_TL2_CQ6_CAP1_COP1,H,电力配额,BAU,0.0,4562,2021,1.1,42.85,1
286,,RE2,CF3,TL2,CQ6,CAP1,COP1,RE2_CF3_TL2_CQ6_CAP1_COP1,H,电力配额,BAU,0.0,4563,2022,1.2,45.61,1
286,,RE2,CF3,TL2,CQ6,CAP1,COP1,RE2_CF3_TL2_CQ6_CAP1_COP1,H,电力配额,BAU,0.0,4564,2023,1.3,62.79,1
286,,RE2,CF3,TL2,CQ6,CAP1,COP1,RE2_CF3_TL2_CQ6_CAP1_COP1,H,电力配额,BAU,0.0,4565,2024,1.4,70.36,1
286,,RE2,CF3,TL2,CQ6,CAP1,COP1,RE2_CF3_TL2_CQ6_CAP1_COP1,H,电力配额,BAU,0.0,4566,2025,1.5,80.33,1
286,,RE2,CF3,TL2,CQ6,CAP1,COP1,RE2_CF3_TL2_CQ6_CAP1_COP1,H,电力配额,BAU,0.0,4567,2026,1.6,90.3,1
286,,RE2,CF3,TL2,CQ6,CAP1,COP1,RE2_CF3_TL2_CQ6_CAP1_COP1,H,电力配额,BAU,0.0,4568,2027,1.7,100.27,1
286,,RE2,CF3,TL2,CQ6,CAP1,COP1,RE2_CF3_TL2_CQ6_CAP1_COP1,H,电力配额,BAU,0.0,4569,2028,1.8,110.24,1
286,,RE2,CF3,TL2,CQ6,CAP1,COP1,RE2_CF3_TL2_CQ6_CAP1_COP1,H,电力配额,BAU,0.0,4570,2029,1.9,120.21,1
286,,RE2,CF3,TL2,CQ6,CAP1,COP1,RE2_CF3_TL2_CQ6_CAP1_COP1,H,电力配额,BAU,0.0,4571,2030,2.0,130.18,1
286,,RE2,CF3,TL2,CQ6,CAP1,COP1,RE2_CF3_TL2_CQ6_CAP1_COP1,H,电力配额,BAU,0.0,4572,2031,2.1,137.9,1
286,,RE2,CF3,TL2,CQ6,CAP1,COP1,RE2_CF3_TL2_CQ6_CAP1_COP1,H,电力配额,BAU,0.0,4573,2032,2.2,147.31,1
286,,RE2,CF3,TL2,CQ6,CAP1,COP1,RE2_CF3_TL2_CQ6_CAP1_COP1,H,电力配额,BAU,0.0,4574,2033,2.3,156.72,1
286,,RE2,CF3,TL2,CQ6,CAP1,COP1,RE2_CF3_TL2_CQ6_CAP1_COP1,H,电力配额,BAU,0.0,4575,2034,2.4,166.13,1
286,,RE2,CF3,TL2,CQ6,CAP1,COP1,RE2_CF3_TL2_CQ6_CAP1_COP1,H,电力配额,BAU,0.0,4576,2035,2.5,175.53,1
287,,RE2,CF3,TL2,CQ6,CAP1,COP2,RE2_CF3_TL2_CQ6_CAP1_COP2,H,电力配额,PD,0.0,4577,2020,1.0,42.85,1
287,,RE2,CF3,TL2,CQ6,CAP1,COP2,RE2_CF3_TL2_CQ6_CAP1_COP2,H,电力配额,PD,0.0,4578,2021,1.1,42.85,1
287,,RE2,CF3,TL2,CQ6,CAP1,COP2,RE2_CF3_TL2_CQ6_CAP1_COP2,H,电力配额,PD,0.0,4579,2022,1.2,45.61,1
287,,RE2,CF3,TL2,CQ6,CAP1,COP2,RE2_CF3_TL2_CQ6_CAP1_COP2,H,电力配额,PD,0.0,4580,2023,1.3,62.79,1
287,,RE2,CF3,TL2,CQ6,CAP1,COP2,RE2_CF3_TL2_CQ6_CAP1_COP2,H,电力配额,PD,0.0,4581,2024,1.4,70.36,1
287,,RE2,CF3,TL2,CQ6,CAP1,COP2,RE2_CF3_TL2_CQ6_CAP1_COP2,H,电力配额,PD,0.0,4582,2025,1.5,80.33,1
287,,RE2,CF3,TL2,CQ6,CAP1,COP2,RE2_CF3_TL2_CQ6_CAP1_COP2,H,电力配额,PD,0.0,4583,2026,1.6,90.3,1
287,,RE2,CF3,TL2,CQ6,CAP1,COP2,RE2_CF3_TL2_CQ6_CAP1_COP2,H,电力配额,PD,0.0,4584,2027,1.7,100.27,1
287,,RE2,CF3,TL2,CQ6,CAP1,COP2,RE2_CF3_TL2_CQ6_CAP1_COP2,H,电力配额,PD,0.0,4585,2028,1.8,110.24,1
287,,RE2,CF3,TL2,CQ6,CAP1,COP2,RE2_CF3_TL2_CQ6_CAP1_COP2,H,电力配额,PD,0.0,4586,2029,1.9,120.21,1
287,,RE2,CF3,TL2,CQ6,CAP1,COP2,RE2_CF3_TL2_CQ6_CAP1_COP2,H,电力配额,PD,0.0,4587,2030,2.0,130.18,1
287,,RE2,CF3,TL2,CQ6,CAP1,COP2,RE2_CF3_TL2_CQ6_CAP1_COP2,H,电力配额,PD,0.0,4588,2031,2.1,137.9,1
287,,RE2,CF3,TL2,CQ6,CAP1,COP2,RE2_CF3_TL2_CQ6_CAP1_COP2,H,电力配额,PD,0.0,4589,2032,2.2,147.31,1
287,,RE2,CF3,TL2,CQ6,CAP1,COP2,RE2_CF3_TL2_CQ6_CAP1_COP2,H,电力配额,PD,0.0,4590,2033,2.3,156.72,1
287,,RE2,CF3,TL2,CQ6,CAP1,COP2,RE2_CF3_TL2_CQ6_CAP1_COP2,H,电力配额,PD,0.0,4591,2034,2.4,166.13,1
287,,RE2,CF3,TL2,CQ6,CAP1,COP2,RE2_CF3_TL2_CQ6_CAP1_COP2,H,电力配额,PD,0.0,4592,2035,2.5,175.53,1
288,,RE2,CF3,TL2,CQ6,CAP2,COP1,RE2_CF3_TL2_CQ6_CAP2_COP1,H,电力配额,BAU,0.0,4593,2020,1.0,42.85,1
288,,RE2,CF3,TL2,CQ6,CAP2,COP1,RE2_CF3_TL2_CQ6_CAP2_COP1,H,电力配额,BAU,0.0,4594,2021,1.1,42.85,1
288,,RE2,CF3,TL2,CQ6,CAP2,COP1,RE2_CF3_TL2_CQ6_CAP2_COP1,H,电力配额,BAU,0.0,4595,2022,1.2,45.61,1
288,,RE2,CF3,TL2,CQ6,CAP2,COP1,RE2_CF3_TL2_CQ6_CAP2_COP1,H,电力配额,BAU,0.0,4596,2023,1.3,127.71,1
288,,RE2,CF3,TL2,CQ6,CAP2,COP1,RE2_CF3_TL2_CQ6_CAP2_COP1,H,电力配额,BAU,0.0,4597,2024,1.4,209.81,1
288,,RE2,CF3,TL2,CQ6,CAP2,COP1,RE2_CF3_TL2_CQ6_CAP2_COP1,H,电力配额,BAU,0.0,4598,2025,1.5,291.9,1
288,,RE2,CF3,TL2,CQ6,CAP2,COP1,RE2_CF3_TL2_CQ6_CAP2_COP1,H,电力配额,BAU,0.0,4599,2026,1.6,374.0,1
288,,RE2,CF3,TL2,CQ6,CAP2,COP1,RE2_CF3_TL2_CQ6_CAP2_COP1,H,电力配额,BAU,0.0,4600,2027,1.7,456.1,1
288,,RE2,CF3,TL2,CQ6,CAP2,COP1,RE2_CF3_TL2_CQ6_CAP2_COP1,H,电力配额,BAU,0.0,4601,2028,1.8,456.1,1
288,,RE2,CF3,TL2,CQ6,CAP2,COP1,RE2_CF3_TL2_CQ6_CAP2_COP1,H,电力配额,BAU,0.0,4602,2029,1.9,456.1,1
288,,RE2,CF3,TL2,CQ6,CAP2,COP1,RE2_CF3_TL2_CQ6_CAP2_COP1,H,电力配额,BAU,0.0,4603,2030,2.0,456.1,1
288,,RE2,CF3,TL2,CQ6,CAP2,COP1,RE2_CF3_TL2_CQ6_CAP2_COP1,H,电力配额,BAU,0.0,4604,2031,2.1,456.1,1
288,,RE2,CF3,TL2,CQ6,CAP2,COP1,RE2_CF3_TL2_CQ6_CAP2_COP1,H,电力配额,BAU,0.0,4605,2032,2.2,456.1,1
288,,RE2,CF3,TL2,CQ6,CAP2,COP1,RE2_CF3_TL2_CQ6_CAP2_COP1,H,电力配额,BAU,0.0,4606,2033,2.3,456.1,1
288,,RE2,CF3,TL2,CQ6,CAP2,COP1,RE2_CF3_TL2_CQ6_CAP2_COP1,H,电力配额,BAU,0.0,4607,2034,2.4,456.1,1
288,,RE2,CF3,TL2,CQ6,CAP2,COP1,RE2_CF3_TL2_CQ6_CAP2_COP1,H,电力配额,BAU,0.0,4608,2035,2.5,456.1,1
